ID;Materia;Capitolo;Argomento;Domanda;A;B;C;Soluzione;Spiegazione;Difficolta;Fonte;Stato;Priorita;TipoFonte;Immagini
CC-M1-001;Centrale operativa e trasmissioni;Funzione della centrale;Funzione della centrale;Qual è la funzione operativa generale della Centrale Operativa nella sinossi?;Gestire soltanto la contabilità;Sostituire l'autorità giudiziaria;Collegare, coordinare e controllare i reparti;C;La sinossi descrive una gestione unitaria delle telecomunicazioni ai fini del collegamento, coordinamento e controllo dei reparti.;1;Sinossi centrale operativa.pdf · pagina PDF 3;draft_source_aligned;;uploaded_material;
CC-M1-002;Centrale operativa e trasmissioni;Storia;Storia;Quando è stata introdotta la Centrale Operativa nell'Arma secondo la sinossi?;Nel 1991;Nel 2001;Verso la fine degli anni Sessanta;C;La data indicata nella sinossi è la fine degli anni Sessanta.;1;Sinossi centrale operativa.pdf · pagina PDF 3;draft_source_aligned;;uploaded_material;
CC-M1-003;Centrale operativa e trasmissioni;Funzione della centrale;Funzione della centrale;Quali attività ricevono particolare impulso dalla Centrale Operativa?;Esclusivamente i procedimenti disciplinari;Prevenzione e pronto intervento;Esclusivamente il reclutamento;B;La centrale è descritta come centro propulsore dell'attività istituzionale, soprattutto di prevenzione e pronto intervento.;1;Sinossi centrale operativa.pdf · pagina PDF 3;draft_source_aligned;;uploaded_material;
CC-M1-004;Centrale operativa e trasmissioni;Collegamenti radio;Collegamenti radio;Chi mantiene la funzione di capo-maglia nei collegamenti con le unità esterne?;La Centrale Operativa;L'unità con il maggior numero di operatori;Il cittadino che ha richiesto soccorso;A;La sinossi assegna alla Centrale la funzione di capo-maglia.;1;Sinossi centrale operativa.pdf · pagina PDF 7;draft_source_aligned;;uploaded_material;
CC-M1-005;Centrale operativa e trasmissioni;Comunicazioni;Comunicazioni;Come devono esprimersi gli operatori nelle comunicazioni radio?;In termini essenziali, concisi e pertinenti;Con abbreviazioni personali non condivise;Con formule lunghe e ridondanti;A;La sinossi richiede comunicazioni essenziali, concise e pertinenti.;1;Sinossi centrale operativa.pdf · pagina PDF 7;draft_source_aligned;;uploaded_material;
CC-M1-006;Centrale operativa e trasmissioni;Passaggio di consegne;Passaggio di consegne;Che cosa deve conoscere l'operatore all'inizio del turno?;Soltanto le chiamate che arriveranno nel nuovo turno;Situazione operativa, interventi in atto e conclusi;Soltanto il calendario delle ferie;B;Il passaggio di consegne comprende la situazione operativa del giorno e gli interventi in atto e conclusi.;1;Sinossi centrale operativa.pdf · pagina PDF 7;draft_source_aligned;;uploaded_material;
CC-M1-007;Centrale operativa e trasmissioni;Priorità;Priorità;Su quali elementi deve basarsi la valutazione delle priorità?;Esclusivamente la durata della telefonata;Sempre e soltanto l'ordine cronologico;Necessità effettive e disponibilità delle forze;C;L'operatore deve adattare gli interventi alle effettive necessità e alle risorse disponibili.;1;Sinossi centrale operativa.pdf · pagina PDF 7;draft_source_aligned;;uploaded_material;
CC-M1-008;Centrale operativa e trasmissioni;Controllo pattuglie;Controllo pattuglie;A cosa servono anche le chiamate periodiche di controllo e posizione?;Interrompere tutti i servizi esterni;Verificare che non siano sopravvenuti incidenti o imprevisti;Sostituire ogni rapporto scritto;B;Le chiamate di controllo e posizione permettono anche di verificare la sicurezza delle unità esterne.;1;Sinossi centrale operativa.pdf · pagina PDF 7;draft_source_aligned;;uploaded_material;
CC-M1-009;Centrale operativa e trasmissioni;Radiolocalizzazione;Radiolocalizzazione;Quale dato è trattato dal modulo di radiolocalizzazione?;Storico fiscale dei cittadini;Diagnosi medica del chiamante;Posizione e direzione di marcia delle unità;C;La sinossi elenca posizione, direzione di marcia, velocità, identificativo, equipaggio e stato di servizio.;1;Sinossi centrale operativa.pdf · pagina PDF 8;draft_source_aligned;;uploaded_material;
CC-M1-010;Centrale operativa e trasmissioni;Radiolocalizzazione;Radiolocalizzazione;Con quale modulo si integra la radiolocalizzazione per visualizzare i mezzi?;Registro delle ferie;Modulo cartografico;Modulo stipendi;B;Il modulo cartografico visualizza i mezzi radiolocalizzati e contestualizza gli eventi.;1;Sinossi centrale operativa.pdf · pagina PDF 8;draft_source_aligned;;uploaded_material;
CC-M1-011;Centrale operativa e trasmissioni;Radiolocalizzazione;Radiolocalizzazione;Quale funzione può svolgere la Centrale attraverso la radiolocalizzazione?;Emettere una sentenza;Modificare la patente del conducente;Inviare una destinazione al veicolo prescelto;C;Tra le funzioni elencate figurano invio della destinazione, percorso e messaggi di testo.;1;Sinossi centrale operativa.pdf · pagina PDF 8;draft_source_aligned;;uploaded_material;
CC-M1-012;Centrale operativa e trasmissioni;NUE 112;NUE 112;Che cosa indica NUE 112?;Numero nazionale di assistenza fiscale;Numero unico europeo di emergenza;Numero unico degli uffici anagrafe;B;La sinossi presenta il 112 come numero per chiamare i servizi di emergenza nell'Unione Europea.;1;Sinossi centrale operativa.pdf · pagina PDF 9;draft_source_aligned;;uploaded_material;
CC-M1-013;Centrale operativa e trasmissioni;NUE 112;NUE 112;Nel modello a due livelli, qual è il ruolo del PSAP1?;Pronunciare provvedimenti giudiziari;Gestire direttamente ogni intervento sul territorio;Ricevere la chiamata di soccorso;C;"Il primo livello è la Centrale Unica di Risposta; il secondo livello gestisce effettivamente l'emergenza.";1;Sinossi centrale operativa.pdf · pagina PDF 9-10;draft_source_aligned;;uploaded_material;
CC-M1-014;Centrale operativa e trasmissioni;NUE 112;NUE 112;Nel modello descritto, chi gestisce effettivamente l'emergenza?;La centrale competente di secondo livello, PSAP2;Sempre il solo PSAP1;L'operatore telefonico commerciale;A;La chiamata e la scheda contatto sono trasferite alla centrale di secondo livello competente.;1;Sinossi centrale operativa.pdf · pagina PDF 10;draft_source_aligned;;uploaded_material;
CC-M1-015;Centrale operativa e trasmissioni;Scheda contatto;Scheda contatto;Quali dati sono inseriti automaticamente nella scheda contatto della CUR?;Numero telefonico e localizzazione del chiamante;Numero della patente e scadenza del passaporto;Titolo di studio e reddito;A;La scheda contatto comprende numero e localizzazione, poi viene integrata con la tipologia di soccorso.;1;Sinossi centrale operativa.pdf · pagina PDF 10;draft_source_aligned;;uploaded_material;
CC-M1-016;Centrale operativa e trasmissioni;Scheda contatto;Scheda contatto;Che cosa viene trasferito alla centrale competente dopo la prima gestione CUR?;Soltanto un elenco delle chiamate precedenti;Soltanto il nome dell'operatore;La chiamata insieme alla scheda contatto;C;La sinossi prevede il trasferimento congiunto della chiamata e delle informazioni raccolte.;1;Sinossi centrale operativa.pdf · pagina PDF 10;draft_source_aligned;;uploaded_material;
CC-M1-017;Centrale operativa e trasmissioni;NUE 112;NUE 112;Quali numeri confluiscono nella CUR nel modello descritto?;Solo il 118;112, 113, 115 e 118;112 e 117 soltanto;B;Nel modello CUR descritto dalla sinossi confluiscono le linee 112, 113, 115 e 118.;1;Sinossi centrale operativa.pdf · pagina PDF 10;draft_source_aligned;;uploaded_material;
CC-M1-018;Centrale operativa e trasmissioni;Where ARE U;Where ARE U;Quale dato invia automaticamente l'app Where ARE U alla CUR?;La password dello smartphone;La localizzazione ricavata dal GPS del telefono;Tutta la rubrica del telefono;B;La sinossi descrive l'invio automatico dei dati di localizzazione del chiamante.;1;Sinossi centrale operativa.pdf · pagina PDF 10;draft_source_aligned;;uploaded_material;
CC-M1-019;Centrale operativa e trasmissioni;Reti radio;Reti radio;In quale gamma opera il sistema Gamma 400 descritto?;Solo frequenze ottiche;HF, intorno ai 4 MHz;UHF, intorno ai 400 MHz;C;La sinossi descrive una rete radio UHF intorno ai 400 MHz.;1;Sinossi centrale operativa.pdf · pagina PDF 27;draft_source_aligned;;uploaded_material;
CC-M1-020;Centrale operativa e trasmissioni;Standard radio;Standard radio;Qual è l'espansione di TETRA riportata nella sinossi?;Territorial Emergency Tracking Radar;Telephone Traffic Recording Archive;Terrestrial Trunked Radio;C;La sinossi riporta la denominazione Terrestrial Trunked Radio.;1;Sinossi centrale operativa.pdf · pagina PDF 38;draft_source_aligned;;uploaded_material;
CC-M2-001;Tecniche operative e controllo del territorio;Finalità;Finalità;Quale obiettivo rientra nella standardizzazione delle tecniche operative?;Salvaguardare l'incolumità fisica e giudiziaria;Eliminare ogni valutazione della situazione;Privilegiare sempre la rapidità sulla sicurezza;A;La dispensa indica incolumità fisica, incolumità giudiziaria e flessibilità applicativa.;1;Tecniche_Intervento_Operativo_Controllo_Territorio.pdf · pagina PDF 1;draft_source_aligned;;uploaded_material;
CC-M2-002;Tecniche operative e controllo del territorio;Finalità;Finalità;Che cosa significa incolumità giudiziaria nella dispensa?;Immunità automatica per qualsiasi comportamento;Evitare comportamenti censurabili e conseguenze legali o disciplinari;Divieto assoluto di controlli giudiziari;B;L'incolumità giudiziaria riguarda la correttezza del comportamento operativo.;1;Tecniche_Intervento_Operativo_Controllo_Territorio.pdf · pagina PDF 1;draft_source_aligned;;uploaded_material;
CC-M2-003;Tecniche operative e controllo del territorio;Flessibilità;Flessibilità;Come devono essere applicate le direttive operative secondo la dispensa?;Adattandole alle specificità della situazione;Solo se il servizio è programmato;Sempre identicamente, senza valutare il contesto;A;La flessibilità applicativa richiede di considerare le caratteristiche della situazione concreta.;1;Tecniche_Intervento_Operativo_Controllo_Territorio.pdf · pagina PDF 1;draft_source_aligned;;uploaded_material;
CC-M2-004;Tecniche operative e controllo del territorio;Forza;Forza;Quali principi orientano la graduazione della forza nella dispensa?;Progressività, necessità e proporzionalità;Automatismo, rigidità e ripetitività;Segretezza, informalità e velocità;A;La dispensa richiama progressività, necessità e proporzionalità rispetto alla minaccia.;1;Tecniche_Intervento_Operativo_Controllo_Territorio.pdf · pagina PDF 1;draft_source_aligned;;uploaded_material;
CC-M2-005;Tecniche operative e controllo del territorio;Servizio collettivo;Servizio collettivo;Su quale principio si fonda il servizio collettivo?;Differenziazione dei compiti;Tutti svolgono contemporaneamente lo stesso compito;Assenza di un coordinamento;A;La dispensa evidenzia la differenziazione dei compiti tra operatori.;1;Tecniche_Intervento_Operativo_Controllo_Territorio.pdf · pagina PDF 1;draft_source_aligned;;uploaded_material;
CC-M2-006;Tecniche operative e controllo del territorio;Condotta;Condotta;Che cosa esprime il pilastro dell'iniziativa?;Obbligo di ripetere sempre lo stesso schema;Attesa passiva in ogni circostanza;Prontezza nel decidere e agire al mutare degli eventi;C;L'iniziativa è descritta come capacità di prendere decisioni e agire tempestivamente.;1;Tecniche_Intervento_Operativo_Controllo_Territorio.pdf · pagina PDF 2;draft_source_aligned;;uploaded_material;
CC-M2-007;Tecniche operative e controllo del territorio;Condotta;Condotta;Che cosa richiede il pilastro della responsabilità?;Consapevolezza e cura del proprio operato;Attribuire sempre ogni decisione ad altri;Valutare soltanto il risultato finale;A;La responsabilità riguarda anche le modalità esecutive dell'attività.;1;Tecniche_Intervento_Operativo_Controllo_Territorio.pdf · pagina PDF 2;draft_source_aligned;;uploaded_material;
CC-M2-008;Tecniche operative e controllo del territorio;Condotta;Condotta;Quale comportamento realizza cooperazione e integrazione?;Mantenere i collegamenti con centrale e colleghi;Rinunciare al coordinamento con le altre unità;Operare sistematicamente senza comunicare;A;La dispensa descrive l'operatore come parte di una rete.;1;Tecniche_Intervento_Operativo_Controllo_Territorio.pdf · pagina PDF 2;draft_source_aligned;;uploaded_material;
CC-M2-009;Tecniche operative e controllo del territorio;Condotta;Condotta;Che cosa richiede l'equilibrio?;Decisioni determinate dall'emotività;Decisioni basate soltanto sull'abitudine;Decisioni ponderate e proporzionate;C;L'equilibrio implica ponderazione e proporzionalità, senza condizionamento emotivo.;1;Tecniche_Intervento_Operativo_Controllo_Territorio.pdf · pagina PDF 2;draft_source_aligned;;uploaded_material;
CC-M2-010;Tecniche operative e controllo del territorio;Condotta;Condotta;Che cosa comprende assetto formale e cortesia?;Solo il rispetto dell'orario;Solo l'efficienza del veicolo;Decoro della divisa e correttezza verso il cittadino;C;La dispensa richiama forma, decoro della divisa e correttezza istituzionale.;1;Tecniche_Intervento_Operativo_Controllo_Territorio.pdf · pagina PDF 2;draft_source_aligned;;uploaded_material;
CC-M2-011;Tecniche operative e controllo del territorio;Condotta;Condotta;A quali risultati si riferisce la produttività?;Sia preventivi sia repressivi;Soltanto repressivi;Soltanto amministrativi;A;La produttività è orientata sia a dissuasione e controllo prima dell'evento sia al contrasto successivo.;1;Tecniche_Intervento_Operativo_Controllo_Territorio.pdf · pagina PDF 2;draft_source_aligned;;uploaded_material;
CC-M2-012;Tecniche operative e controllo del territorio;Funzioni;Funzioni;Che cosa caratterizza la funzione di intervento?;Attività direttamente a contatto con l'obiettivo;Solo supporto eventuale a distanza;Solo gestione degli archivi;A;L'intervento realizza materialmente lo scopo del servizio a contatto con luogo, veicolo o persona.;1;Tecniche_Intervento_Operativo_Controllo_Territorio.pdf · pagina PDF 2;draft_source_aligned;;uploaded_material;
CC-M2-013;Tecniche operative e controllo del territorio;Funzioni;Funzioni;Che cosa caratterizza la funzione di appoggio?;Esclusivamente redazione dei verbali;Esclusivamente assistenza meccanica;Osservazione e protezione del personale di intervento;C;L'appoggio è funzione di copertura, osservazione e protezione ravvicinata.;1;Tecniche_Intervento_Operativo_Controllo_Territorio.pdf · pagina PDF 2;draft_source_aligned;;uploaded_material;
CC-M2-014;Tecniche operative e controllo del territorio;Funzioni;Funzioni;Che cosa indica il rincalzo?;Il registro delle comunicazioni;Supporto eventuale con uomini e mezzi pronti a intervenire;Il cittadino sottoposto al controllo;B;La dispensa definisce il rincalzo come aliquota eventuale di supporto.;1;Tecniche_Intervento_Operativo_Controllo_Territorio.pdf · pagina PDF 2;draft_source_aligned;;uploaded_material;
CC-M2-015;Tecniche operative e controllo del territorio;Tipologie di servizio;Tipologie di servizio;Quale caratteristica distingue il posto di blocco nella dispensa?;Filtraggio totale e serrato del traffico;Solo verifica di una singola pratica amministrativa;Esclusivamente un servizio in movimento;A;Il posto di blocco è descritto come dispositivo statico complesso di filtraggio del traffico.;1;Tecniche_Intervento_Operativo_Controllo_Territorio.pdf · pagina PDF 3;draft_source_aligned;;uploaded_material;
CC-M3-001;Patenti di guida;Età minime;Età minime;Secondo lo schema, qual è l'età minima per la patente AM?;14 anni;18 anni;16 anni;A;Lo schema lampo associa AM a 14 anni.;1;Schema_Patenti_di_Guida_CDS_2026.pdf · pagina PDF 2;draft_source_aligned;;uploaded_material;
CC-M3-002;Patenti di guida;Età minime;Età minime;Secondo lo schema, qual è l'età minima per la patente A1?;16 anni;18 anni;14 anni;A;Lo schema associa A1 a 16 anni.;1;Schema_Patenti_di_Guida_CDS_2026.pdf · pagina PDF 2;draft_source_aligned;;uploaded_material;
CC-M3-003;Patenti di guida;Età minime;Età minime;Secondo lo schema, qual è l'età minima per la patente B1?;18 anni;21 anni;16 anni;C;Lo schema associa B1 a 16 anni.;1;Schema_Patenti_di_Guida_CDS_2026.pdf · pagina PDF 2;draft_source_aligned;;uploaded_material;
CC-M3-004;Patenti di guida;Età minime;Età minime;Secondo lo schema, qual è l'età minima per la patente A2?;18 anni;16 anni;24 anni;A;Lo schema associa A2 a 18 anni.;1;Schema_Patenti_di_Guida_CDS_2026.pdf · pagina PDF 2;draft_source_aligned;;uploaded_material;
CC-M3-005;Patenti di guida;Età minime;Età minime;Secondo lo schema, qual è l'età minima per la patente B?;18 anni;16 anni;21 anni;A;Lo schema associa B a 18 anni.;1;Schema_Patenti_di_Guida_CDS_2026.pdf · pagina PDF 2;draft_source_aligned;;uploaded_material;
CC-M3-006;Patenti di guida;Età minime;Età minime;Secondo lo schema, qual è l'età minima per la patente BE?;20 anni;18 anni;24 anni;B;Lo schema associa BE a 18 anni.;1;Schema_Patenti_di_Guida_CDS_2026.pdf · pagina PDF 2;draft_source_aligned;;uploaded_material;
CC-M3-007;Patenti di guida;Accesso categoria A;Accesso categoria A;Secondo lo schema, a quale età è previsto l'accesso diretto alla patente A?;20 anni senza precedenti patenti;18 anni;24 anni;C;Lo schema distingue l'accesso diretto a 24 anni dall'accesso graduale a 20 anni.;1;Schema_Patenti_di_Guida_CDS_2026.pdf · pagina PDF 2;draft_source_aligned;;uploaded_material;
CC-M3-008;Patenti di guida;Accesso categoria A;Accesso categoria A;Quale condizione accompagna l'accesso alla patente A a 20 anni nello schema?;Patente B posseduta da almeno 1 anno;Patente A2 posseduta da almeno 2 anni;Nessuna patente precedente richiesta;B;L'accesso graduale riportato richiede A2 da almeno due anni.;1;Schema_Patenti_di_Guida_CDS_2026.pdf · pagina PDF 2;draft_source_aligned;;uploaded_material;
CC-M3-009;Patenti di guida;Età minime;Età minime;Secondo lo schema, a quale età possono essere conseguite C1 e C1E?;18 anni;24 anni;16 anni;A;Lo schema lampo colloca C1 e C1E nel gruppo dei 18 anni.;1;Schema_Patenti_di_Guida_CDS_2026.pdf · pagina PDF 2;draft_source_aligned;;uploaded_material;
CC-M3-010;Patenti di guida;Età minime;Età minime;Secondo lo schema, qual è l'età ordinaria per C e CE?;24 anni;21 anni;18 anni senza altre condizioni;B;Lo schema indica 21 anni, distinguendo l'eccezione con CQC cose.;1;Schema_Patenti_di_Guida_CDS_2026.pdf · pagina PDF 2;draft_source_aligned;;uploaded_material;
CC-M3-011;Patenti di guida;CQC;CQC;Quale condizione consente C e CE a 18 anni nello schema?;Patente A1;CQC persone;CQC cose;C;Lo schema riporta la possibilità a 18 anni con CQC cose.;1;Schema_Patenti_di_Guida_CDS_2026.pdf · pagina PDF 2;draft_source_aligned;;uploaded_material;
CC-M3-012;Patenti di guida;Età minime;Età minime;Secondo lo schema, qual è l'età ordinaria per D e DE?;20 anni;24 anni;18 anni;B;Lo schema distingue 24 anni ordinari da 21 anni con CQC persone.;1;Schema_Patenti_di_Guida_CDS_2026.pdf · pagina PDF 2;draft_source_aligned;;uploaded_material;
CC-M3-013;Patenti di guida;CQC;CQC;Quale condizione accompagna D e DE a 21 anni nello schema?;CQC cose;Patente AM;CQC persone;C;Lo schema indica la possibilità con CQC persone.;1;Schema_Patenti_di_Guida_CDS_2026.pdf · pagina PDF 2;draft_source_aligned;;uploaded_material;
CC-M3-014;Patenti di guida;Neopatentati;Neopatentati;Quale limite autostradale riporta lo schema per i primi 3 anni delle categorie indicate?;100 km/h;110 km/h;130 km/h;A;Nel riepilogo dei neopatentati è riportato il limite di 100 km/h in autostrada.;1;Schema_Patenti_di_Guida_CDS_2026.pdf · pagina PDF 2;draft_source_aligned;;uploaded_material;
CC-M3-015;Patenti di guida;Neopatentati;Neopatentati;Quale limite sulle extraurbane principali riporta lo schema per i neopatentati indicati?;90 km/h;100 km/h;110 km/h;A;Lo schema riporta 90 km/h sulle strade extraurbane principali.;1;Schema_Patenti_di_Guida_CDS_2026.pdf · pagina PDF 2;draft_source_aligned;;uploaded_material;
CC-M4-001;Diritto penale e penale militare;Diritto penale - Parte generale;Legalità;Quale principio esprime l'art. 25, comma 2, Cost. nello schema?;Responsabilità per il fatto altrui;Punibilità senza una legge precedente;Legalità e irretroattività della legge penale sfavorevole;C;La legge che prevede reato e pena deve precedere il fatto commesso.;2;Schema_Diritto_Penale.pdf · pagina PDF 1;draft_source_aligned;;uploaded_material;
CC-M4-002;Diritto penale e penale militare;Diritto penale - Parte generale;Legalità;Quale esigenza esprime l'art. 1 c.p. nello schema?;Previsione espressa del reato e della pena nella legge;Punibilità di ogni comportamento socialmente sgradito;Creazione della pena caso per caso;A;Lo schema collega l'art. 1 al principio di legalità e alla certezza della legge penale.;2;Schema_Diritto_Penale.pdf · pagina PDF 1;draft_source_aligned;;uploaded_material;
CC-M4-003;Diritto penale e penale militare;Diritto penale - Parte generale;Successione leggi;Secondo lo schema, cosa accade se una legge successiva elimina il reato?;La pena viene automaticamente raddoppiata;La nuova legge riguarda solo chi non è mai stato giudicato;Non si continua a punire quel fatto;C;Lo schema richiama l'abolizione del reato e la cessazione dell'esecuzione e degli effetti penali nei limiti della disciplina.;2;Schema_Diritto_Penale.pdf · pagina PDF 1;draft_source_aligned;;uploaded_material;
CC-M4-004;Diritto penale e penale militare;Diritto penale - Parte generale;Responsabilità;Quale caratteristica della responsabilità penale richiama l'art. 27 Cost.?;Si trasferisce automaticamente ai familiari;È personale;È sempre collettiva;B;Lo schema evidenzia responsabilità personale e funzione rieducativa della pena.;2;Schema_Diritto_Penale.pdf · pagina PDF 1-2;draft_source_aligned;;uploaded_material;
CC-M4-005;Diritto penale e penale militare;Diritto penale - Parte generale;Imputabilità;Quali capacità definiscono l'imputabilità nell'art. 85 c.p.?;Lavorare e percepire un reddito;Leggere e scrivere;Intendere e volere al momento del fatto;C;L'imputabilità richiede capacità di intendere e di volere al momento del fatto.;2;Schema_Diritto_Penale.pdf · pagina PDF 2;draft_source_aligned;;uploaded_material;
CC-M4-006;Diritto penale e penale militare;Diritto penale - Parte generale;Imputabilità;Secondo l'art. 97 c.p. riportato, chi non aveva compiuto 14 anni al momento del fatto è...;Imputabile solo per i delitti;Non imputabile;Sempre imputabile se comprende il fatto;B;Lo schema descrive una presunzione assoluta di incapacità sotto i 14 anni.;2;Schema_Diritto_Penale.pdf · pagina PDF 2;draft_source_aligned;;uploaded_material;
CC-M4-007;Diritto penale e penale militare;Diritto penale - Parte generale;Obbligatorietà;A chi si riferisce l'obbligatorietà della legge penale nello schema?;Solo ai cittadini italiani;A cittadini e stranieri nel territorio, salvo eccezioni;Solo ai pubblici ufficiali;B;L'art. 3 c.p. riguarda i soggetti vincolati dalla legge penale, con le eccezioni previste.;2;Schema_Diritto_Penale.pdf · pagina PDF 2;draft_source_aligned;;uploaded_material;
CC-M4-008;Diritto penale e penale militare;Diritto penale - Parte generale;Azione penale;Chi ha l'obbligo di esercitare l'azione penale richiamato nello schema?;Il testimone;L'imputato;Il pubblico ministero;C;Lo schema richiama art. 112 Cost. e art. 50 c.p.p., distinti dall'obbligatorietà della legge penale.;2;Schema_Diritto_Penale.pdf · pagina PDF 2;draft_source_aligned;;uploaded_material;
CC-M4-009;Diritto penale e penale militare;Diritto penale - Parte generale;Reati e pene;Quale pena appartiene ai delitti nello schema?;Multa;Arresto;Ammenda;A;Lo schema elenca ergastolo, reclusione e multa per i delitti.;2;Schema_Diritto_Penale.pdf · pagina PDF 2-3;draft_source_aligned;;uploaded_material;
CC-M4-010;Diritto penale e penale militare;Diritto penale - Parte generale;Reati e pene;Quali pene appartengono alle contravvenzioni nello schema?;Reclusione e multa;Ergastolo e multa;Arresto e ammenda;C;La distinzione formale dipende dal tipo di pena prevista.;2;Schema_Diritto_Penale.pdf · pagina PDF 3;draft_source_aligned;;uploaded_material;
CC-M4-011;Diritto penale e penale militare;Diritto penale - Parte generale;Elemento soggettivo;Come descrive il dolo lo schema dell'art. 43 c.p.?;Evento preveduto e voluto;Evento non voluto causato da imperizia;Evento sempre imprevedibile;A;Il dolo si distingue dalla colpa per la volontà dell'evento secondo la definizione riportata.;2;Schema_Diritto_Penale.pdf · pagina PDF 3;draft_source_aligned;;uploaded_material;
CC-M4-012;Diritto penale e penale militare;Diritto penale - Parte generale;Elemento soggettivo;Quale situazione corrisponde alla colpa nello schema?;Evento sempre voluto;Qualsiasi evento, anche senza condotta;Evento non voluto dovuto a negligenza, imprudenza o imperizia;C;Lo schema menziona anche la violazione di leggi, regolamenti, ordini o discipline.;2;Schema_Diritto_Penale.pdf · pagina PDF 3;draft_source_aligned;;uploaded_material;
CC-M4-013;Diritto penale e penale militare;Diritto penale - Parte generale;Nesso causale;Secondo lo schema dell'art. 40 c.p., non impedire un evento equivale a cagionarlo quando...;Esiste un obbligo giuridico di impedirlo;Si è semplicemente presenti sul luogo;Si conosce personalmente la vittima;A;Lo schema richiede una posizione di garanzia e un dovere giuridico di intervento.;2;Schema_Diritto_Penale.pdf · pagina PDF 3;draft_source_aligned;;uploaded_material;
CC-M4-014;Diritto penale e penale militare;Diritto penale - Parte generale;Forza maggiore;Come definisce lo schema la forza maggiore?;Decisione volontaria di non agire;Energia esterna irresistibile;Semplice difficoltà superabile;B;La forza maggiore è descritta come energia esterna irresistibile.;2;Schema_Diritto_Penale.pdf · pagina PDF 3;draft_source_aligned;;uploaded_material;
CC-M4-015;Diritto penale e penale militare;Diritto penale - Parte generale;Costringimento;Chi risponde del fatto nel costringimento fisico irresistibile descritto?;Nessuno in ogni caso;Sempre il soggetto fisicamente costretto;Chi ha esercitato la violenza;C;Lo schema dell'art. 46 c.p. distingue la violenza fisica irresistibile dalla minaccia.;2;Schema_Diritto_Penale.pdf · pagina PDF 4;draft_source_aligned;;uploaded_material;
CC-M4-016;Diritto penale e penale militare;Diritto penale - Reati e scriminanti;Scriminanti;Quale articolo collega lo schema all'adempimento di un dovere?;Art. 51 c.p.;Art. 54 c.p.;Art. 52 c.p.;A;Lo schema associa l'art. 51 al dovere imposto da norma giuridica o ordine legittimo.;2;Schema_Diritto_Penale.pdf · pagina PDF 4;draft_source_aligned;;uploaded_material;
CC-M4-017;Diritto penale e penale militare;Diritto penale - Reati e scriminanti;Scriminanti;Quale requisito richiama la legittima difesa nello schema?;Pericolo attuale di offesa ingiusta;Vendetta per un fatto ormai concluso;Qualsiasi offesa passata;A;Lo schema richiama pericolo attuale, offesa ingiusta, necessità e proporzione.;2;Schema_Diritto_Penale.pdf · pagina PDF 4;draft_source_aligned;;uploaded_material;
CC-M4-018;Diritto penale e penale militare;Diritto penale - Reati e scriminanti;Scriminanti;Quale articolo riguarda l'uso legittimo delle armi nello schema?;Art. 53 c.p.;Art. 59 c.p.;Art. 55 c.p.;A;Lo schema presenta l'art. 53 come scriminante propria del pubblico ufficiale, nei presupposti tassativi.;2;Schema_Diritto_Penale.pdf · pagina PDF 5;draft_source_aligned;;uploaded_material;
CC-M4-019;Diritto penale e penale militare;Diritto penale - Reati e scriminanti;Scriminanti;A quale tipo di danno si riferisce lo stato di necessità descritto?;Solo danno alla reputazione;Qualsiasi perdita economica minima;Danno grave alla persona;C;Lo schema dell'art. 54 richiama pericolo attuale di danno grave alla persona, non volontariamente causato e non altrimenti evitabile.;2;Schema_Diritto_Penale.pdf · pagina PDF 5;draft_source_aligned;;uploaded_material;
CC-M4-020;Diritto penale e penale militare;Diritto penale - Reati e scriminanti;Eccesso colposo;Che cosa caratterizza l'eccesso colposo nello schema?;Superamento per colpa dei limiti di una scriminante;Superamento sempre intenzionale;Assenza iniziale di qualsiasi situazione di giustificazione;A;Lo schema richiede una situazione inizialmente riconducibile a una causa di giustificazione.;3;Schema_Diritto_Penale.pdf · pagina PDF 5;draft_source_aligned;;uploaded_material;
CC-M4-021;Diritto penale e penale militare;Diritto penale - Reati e scriminanti;Scriminante putativa;Che cosa significa scriminante putativa nello schema?;Conoscere con certezza l'illiceità e volerla;Una causa di giustificazione sempre automatica;Credere erroneamente che esista una causa di giustificazione;C;L'art. 59 è richiamato per l'errore sull'esistenza della scriminante.;2;Schema_Diritto_Penale.pdf · pagina PDF 5-6;draft_source_aligned;;uploaded_material;
CC-M4-022;Diritto penale e penale militare;Diritto penale - Reati e scriminanti;Qualifiche;Da cosa dipende la qualifica di pubblico ufficiale nello schema?;Soltanto l'anzianità lavorativa;Soltanto il nome dell'incarico;Funzione concretamente esercitata;C;Lo schema dell'art. 357 richiama una funzione legislativa, giudiziaria o amministrativa.;2;Schema_Diritto_Penale.pdf · pagina PDF 6;draft_source_aligned;;uploaded_material;
CC-M4-023;Diritto penale e penale militare;Diritto penale - Reati e scriminanti;Peculato;Quale condotta caratterizza il peculato nello schema?;Solo falsa testimonianza;Solo minaccia a un testimone;Appropriazione di beni disponibili per ragioni d'ufficio o servizio;C;Il bene è nella disponibilità qualificata dell'agente, che se ne appropria.;2;Schema_Diritto_Penale.pdf · pagina PDF 6;draft_source_aligned;;uploaded_material;
CC-M4-024;Diritto penale e penale militare;Diritto penale - Reati e scriminanti;Concussione;Qual è l'elemento centrale della concussione nello schema?;Sola omissione di una denuncia;Costrizione mediante abuso;Accordo sempre liberamente negoziato;B;Lo schema evidenzia abuso e costrizione, distinguendoli dall'induzione indebita.;2;Schema_Diritto_Penale.pdf · pagina PDF 6-7;draft_source_aligned;;uploaded_material;
CC-M4-025;Diritto penale e penale militare;Diritto penale - Reati e scriminanti;Corruzione;Quale differenza sottolinea lo schema tra artt. 318 e 319?;Esercizio della funzione rispetto ad atto contrario ai doveri;Fatto colposo rispetto a caso fortuito;Delitto rispetto a contravvenzione;A;"Il 318 riguarda l'esercizio della funzione; il 319 atto contrario, omissione o ritardo.";3;Schema_Diritto_Penale.pdf · pagina PDF 7;draft_source_aligned;;uploaded_material;
CC-M4-026;Diritto penale e penale militare;Diritto penale - Reati e scriminanti;Destinazione beni;Quale differenza evidenzia lo schema tra art. 314 e art. 314-bis?;Appropriazione rispetto a indebita destinazione;Testimonianza rispetto a denuncia;Violenza rispetto a minaccia;A;Lo schema distingue il fare proprio il bene dallo sviamento della sua destinazione.;3;Schema_Diritto_Penale.pdf · pagina PDF 7;draft_source_aligned;;uploaded_material;
CC-M4-027;Diritto penale e penale militare;Diritto penale - Reati e scriminanti;Segreti d'ufficio;Quale interesse tutela l'art. 326 c.p. nello schema?;Solo la libertà di circolazione;Riservatezza delle informazioni d'ufficio;Solo la proprietà di veicoli;B;Lo schema richiama segretezza delle informazioni d'ufficio e buon andamento della P.A.;2;Schema_Diritto_Penale.pdf · pagina PDF 7-8;draft_source_aligned;;uploaded_material;
CC-M4-028;Diritto penale e penale militare;Diritto penale - Reati e scriminanti;Atti d'ufficio;Quale distinzione propone lo schema dell'art. 328 c.p.?;Dolo e preterintenzione soltanto;Furto e rapina;Rifiuto di atti urgenti e omissione dopo richiesta scritta;C;Lo schema separa rifiuto indebito del comma 1 e omissione o ritardo del comma 2.;2;Schema_Diritto_Penale.pdf · pagina PDF 8;draft_source_aligned;;uploaded_material;
CC-M4-029;Diritto penale e penale militare;Diritto penale - Reati e scriminanti;Pubblico ufficiale;Che cosa distingue l'art. 337 dall'art. 336 nello schema?;Assenza di violenza o minaccia;Necessaria qualità di testimone;Opposizione a un atto già in corso di esecuzione;C;Lo schema contrappone resistenza all'atto in corso e condizionamento dell'attività del pubblico agente.;3;Schema_Diritto_Penale.pdf · pagina PDF 8-9;draft_source_aligned;;uploaded_material;
CC-M4-030;Diritto penale e penale militare;Diritto penale - Reati e scriminanti;Oltraggio;Secondo lo schema, ogni insulto integra automaticamente oltraggio?;Sì, anche senza collegamento alla funzione;Sì, in qualsiasi luogo e circostanza;No, servono le condizioni specifiche previste;C;Lo schema richiama requisiti di luogo, presenza di più persone e collegamento all'atto d'ufficio.;2;Schema_Diritto_Penale.pdf · pagina PDF 9;draft_source_aligned;;uploaded_material;
CC-M4-031;Diritto penale e penale militare;Diritto penale - Reati e scriminanti;Simulazione di reato;Quale differenza dalla calunnia sottolinea lo schema?;È sempre un reato contro il patrimonio;Manca la falsa accusa contro una persona determinata innocente;Richiede sempre una condanna definitiva;B;Nella simulazione si inventa il reato o se ne simulano le tracce senza accusare un innocente determinato.;2;Schema_Diritto_Penale.pdf · pagina PDF 9;draft_source_aligned;;uploaded_material;
CC-M4-032;Diritto penale e penale militare;Diritto penale - Reati e scriminanti;Calunnia;Quale elemento decisivo caratterizza la calunnia nello schema?;Essere semplicemente incerti sui fatti;Non conoscere il nome del giudice;Sapere che l'accusato è innocente;C;Lo schema dell'art. 368 sottolinea la consapevolezza dell'innocenza dell'accusato.;2;Schema_Diritto_Penale.pdf · pagina PDF 9-10;draft_source_aligned;;uploaded_material;
CC-M4-033;Diritto penale e penale militare;Diritto penale - Reati e scriminanti;Falsa testimonianza;Quale condotta omissiva richiama la falsa testimonianza nello schema?;Non pagare una sanzione stradale;Tacere ciò che si sa sui fatti oggetto di interrogazione;Non presentare una domanda amministrativa;B;Lo schema include la reticenza oltre all'affermare il falso e negare il vero.;2;Schema_Diritto_Penale.pdf · pagina PDF 10;draft_source_aligned;;uploaded_material;
CC-M4-034;Diritto penale e penale militare;Diritto penale - Reati e scriminanti;Favoreggiamento;Quale aiuto caratterizza il favoreggiamento personale nello schema?;Aiuto a eludere investigazioni o ricerche, fuori dal concorso;Accusa di un innocente;Aiuto ad assicurarsi il profitto del reato;A;L'art. 378 riguarda l'aiuto alla persona dopo il reato, fuori dal concorso nello stesso.;3;Schema_Diritto_Penale.pdf · pagina PDF 10;draft_source_aligned;;uploaded_material;
CC-M4-035;Diritto penale e penale militare;Diritto penale - Reati e scriminanti;Favoreggiamento;Quale aiuto caratterizza il favoreggiamento reale nello schema?;Aiuto a sottrarsi alle ricerche soltanto;Falsa deposizione del testimone;Aiuto ad assicurarsi prodotto, profitto o prezzo del reato;C;Lo schema distingue vantaggi del reato, art. 379, dall'aiuto alla persona, art. 378.;3;Schema_Diritto_Penale.pdf · pagina PDF 10;draft_source_aligned;;uploaded_material;
CC-M5-001;SDI;Introduzione;Introduzione;In quale anno gli appunti collocano l'avvento dello SDI?;2001;2016;1981;A;Gli appunti collocano l'avvento dello SDI nel 2001.;1;SDI APPUNTI.docx · appunti forniti;draft_source_aligned;;uploaded_material;
CC-M5-002;SDI;Quadro normativo;Quadro normativo;Quale legge è richiamata negli appunti per le banche dati delle forze di polizia?;Legge 241 del 1990;Legge 689 del 1981;Legge 121 del 1981;C;Gli appunti richiamano la legge 121 del 1981 e il nuovo ordinamento della pubblica sicurezza.;1;SDI APPUNTI.docx · appunti forniti;draft_source_aligned;;uploaded_material;
CC-M5-003;SDI;Finalità;Finalità;Quale finalità è attribuita al centro raccolta dati negli appunti?;Vendita di informazioni a privati;Gestione del credito bancario;Tutela dell'ordine e della sicurezza pubblica;C;Gli appunti menzionano raccolta, classificazione ed elaborazione dei dati per ordine e sicurezza pubblica.;1;SDI APPUNTI.docx · appunti forniti;draft_source_aligned;;uploaded_material;
CC-M5-004;SDI;Macroattività;Macroattività;Quali tre macroattività SDI elencano gli appunti?;Fiscale, sanitaria e scolastica;Commerciale, bancaria e assicurativa;Operativa, investigativa e statistica;C;Questa domanda riprende la tripartizione espressamente riportata negli appunti.;1;SDI APPUNTI.docx · appunti forniti;draft_source_aligned;;uploaded_material;
CC-M5-005;SDI;Profili;Profili;Quale attività è associata all'utente operativo negli appunti?;Controllo del territorio;Contabilità di magazzino;Rilascio delle patenti;A;Gli appunti associano il profilo operativo al controllo del territorio.;1;SDI APPUNTI.docx · appunti forniti;draft_source_aligned;;uploaded_material;
CC-M5-006;SDI;Profili;Profili;Quale esigenza caratterizza l'utente direzionale nella sinossi SDI?;Analisi statistica, direzione e pianificazione;Solo controllo immediato del territorio;Gestione delle licenze del personale;A;La sinossi collega il profilo direzionale alle informazioni statistiche e al Sistema di Supporto alle Decisioni.;1;SDI 2026 RM.pdf · pagina PDF 25;draft_source_aligned;;uploaded_material;
CC-M5-007;SDI;Alimentazione;Alimentazione;Quali elementi elencano gli appunti per alimentare il sistema?;Fatture, preventivi e ordini;Ferie, stipendi e rimborsi;Fatti SDI, provvedimenti e segnalazioni;C;L'alimentazione viene distinta dalla consultazione e analisi dei dati.;1;SDI APPUNTI.docx · appunti forniti;draft_source_aligned;;uploaded_material;
CC-M5-008;SDI;Analisi;Analisi;Che cosa indica SSD negli appunti?;Sistema di supporto alle decisioni;Servizio di soccorso domiciliare;Sistema di selezione dei dipendenti;A;Gli appunti associano SSD alle finalità di analisi e consultazione.;1;SDI APPUNTI.docx · appunti forniti;draft_source_aligned;;uploaded_material;
CC-M5-009;SDI;Analisi;Analisi;Che cosa indica S.I.G.R. nella sinossi SDI?;Sistema Integrato di georeferenziazione dei Reati;Sistema individuale di gestione dei rifornimenti;Servizio informativo generale dei rimborsi;A;La sinossi include S.I.G.R. tra gli strumenti statistici del Sistema di Supporto alle Decisioni.;1;SDI 2026 RM.pdf · pagina PDF 31;draft_source_aligned;;uploaded_material;
CC-M5-010;SDI;Credenziali;Credenziali;Da quali elementi sono composte le credenziali negli appunti?;User ID e password;Nome del comune e targa;Solo numero di matricola;A;Gli appunti distinguono identificativo utente e password.;1;SDI APPUNTI.docx · appunti forniti;draft_source_aligned;;uploaded_material;
CC-M5-011;SDI;Credenziali;Credenziali;Quale regola viene indicata per la cessione delle credenziali?;Possono essere condivise con qualsiasi collega;Possono essere pubblicate se temporanee;Sono personali e non devono essere cedute;C;Gli appunti ribadiscono che le credenziali sono personali e mai cedute.;1;SDI APPUNTI.docx · appunti forniti;draft_source_aligned;;uploaded_material;
CC-M5-012;SDI;Focal Point;Focal Point;Quale compito di controllo degli accessi attribuiscono gli appunti al Focal Point?;Monitorare gli accessi e richiederne la motivazione;Eliminare ogni tracciamento delle consultazioni;Diffondere liberamente tutti i dati;A;Gli appunti descrivono il monitoraggio degli accessi e la richiesta della causa di giustificazione.;1;SDI APPUNTI.docx · appunti forniti;draft_source_aligned;;uploaded_material;
CC-M5-013;SDI;Portali;Portali;Quali due portali distinguono gli appunti?;Produzione e addestramento;Vendita e acquisto;Interno e turistico;A;Gli appunti distinguono il portale di produzione, per l'utilizzo reale, da quello di addestramento.;1;SDI APPUNTI.docx · appunti forniti;draft_source_aligned;;uploaded_material;
CC-M5-014;SDI;Operazioni;Operazioni;Quali due tipi di operazioni vengono citati per l'ufficio SDI?;Pagamento e fatturazione;Concorso ed esame;Interrogazione e alimentazione;C;Gli appunti citano consultazione dei dati e inserimento nel sistema.;1;SDI APPUNTI.docx · appunti forniti;draft_source_aligned;;uploaded_material;
CC-M5-015;SDI;Riservatezza;Riservatezza;Quale condotta gli appunti collegano a sanzioni richiamando l'art. 12 della legge 121?;Uso del portale di addestramento autorizzato;Divulgazione dei dati SDI;Custodia personale delle credenziali;B;La domanda riprende il richiamo degli appunti alla riservatezza e alle sanzioni per divulgazione.;1;SDI APPUNTI.docx · appunti forniti;draft_source_aligned;;uploaded_material;
CC-M4-036;Diritto penale e penale militare;Penale militare;Giurisdizione;Secondo la sinossi, in tempo di pace i tribunali militari giudicano...;Solo illeciti amministrativi;Reati militari commessi da appartenenti alle Forze armate;Tutti i reati commessi da qualsiasi cittadino;B;La sinossi richiama il limite dell'art. 103 Cost.: reato militare e appartenenza alle Forze armate.;2;DIRITTO PENALE E PEN. MIL. 2026 RM(1).pdf · pagina PDF 159;draft_source_aligned;;uploaded_material;
CC-M4-037;Diritto penale e penale militare;Penale militare;Complementarità;Che cosa indica il principio di complementarità del diritto penale militare?;Applicazione automatica di due pene per ogni fatto;Ricorso al codice ordinario quando mancano disposizioni militari specifiche;Esclusione totale del codice penale comune;B;I codici militari disciplinano istituti specifici e si integrano con il diritto ordinario.;3;DIRITTO PENALE E PEN. MIL. 2026 RM(1).pdf · pagina PDF 197;draft_source_aligned;;uploaded_material;
CC-M4-038;Diritto penale e penale militare;Penale militare;Specialità;Quale funzione attribuisce la sinossi al principio di specialità?;Trasformare ogni illecito in reato militare;Risolvere il conflitto tra norma speciale e generale;Eliminare ogni responsabilità dei militari;B;La norma speciale comprende gli elementi generali e ulteriori elementi specifici.;3;DIRITTO PENALE E PEN. MIL. 2026 RM(1).pdf · pagina PDF 197;draft_source_aligned;;uploaded_material;
CC-M4-039;Diritto penale e penale militare;Penale militare;Rapporto gerarchico;Quale condotta caratterizza l'insubordinazione con violenza nella sinossi?;Qualsiasi ritardo nella compilazione di un documento;Violenza del militare contro un superiore;Danneggiamento colposo di un veicolo privato;B;La sinossi colloca questa condotta tra i reati contro il rapporto gerarchico militare.;2;DIRITTO PENALE E PEN. MIL. 2026 RM(1).pdf · pagina PDF 186;draft_source_aligned;;uploaded_material;
CC-M4-040;Diritto penale e penale militare;Penale militare;Omesso rapporto;Quale dovere è richiamato per rivolta e ammutinamento conosciuti dal militare?;Farne rapporto ai superiori;Comunicare i fatti soltanto alla stampa;Attendere sempre una richiesta scritta del giudice;A;La sinossi collega l'art. 177 c.p.m.p. all'obbligo di rapporto anche quando il militare non era presente.;2;DIRITTO PENALE E PEN. MIL. 2026 RM(1).pdf · pagina PDF 185;draft_source_aligned;;uploaded_material;
CC-M4-041;Diritto penale e penale militare;Penale militare;Legge penale militare;A quali militari si applica in via generale l'art. 1 c.p.m.p. riportato?;Soltanto militari in congedo assoluto;Soltanto ufficiali superiori;Militari in servizio alle armi e considerati tali;C;La sinossi distingue questa regola dai casi ulteriori espressamente previsti dalla legge.;2;DIRITTO PENALE E PEN. MIL. 2026 RM(1).pdf · pagina PDF 196;draft_source_aligned;;uploaded_material;
CC-M4-042;Diritto penale e penale militare;Penale militare;Polizia giudiziaria militare;Secondo la sinossi è prevista una figura autonoma di agente di PG militare?;Sì, per ogni carabiniere senza altre condizioni;Sì, solo per cittadini civili;No;C;La sinossi distingue l'ordinamento della PG militare da quello della PG ordinaria.;2;DIRITTO PENALE E PEN. MIL. 2026 RM(1).pdf · pagina PDF 198;draft_source_aligned;;uploaded_material;
CC-M4-043;Diritto penale e penale militare;Penale militare;Polizia giudiziaria militare;Come contribuiscono Appuntati e Carabinieri riguardo ai reati militari conosciuti?;Applicando autonomamente una pena;Riferendone al proprio Comandante;Sostituendosi direttamente al tribunale militare;B;Il testo descrive un contributo indiretto tramite l'obbligo di riferire al Comandante.;2;DIRITTO PENALE E PEN. MIL. 2026 RM(1).pdf · pagina PDF 198;draft_source_aligned;;uploaded_material;
CC-M4-044;Diritto penale e penale militare;Penale militare;Polizia militare;Quale istituzione svolge tradizionalmente funzioni di polizia militare a favore delle altre Forze armate?;Arma dei Carabinieri;Corte costituzionale;Corpo diplomatico;A;La sinossi richiama la funzione esercitata a favore di Esercito, Marina e Aeronautica.;2;DIRITTO PENALE E PEN. MIL. 2026 RM(1).pdf · pagina PDF 200;draft_source_aligned;;uploaded_material;
CC-M4-045;Diritto penale e penale militare;Penale militare;Richiesta di procedimento;Quale forma attribuisce la sinossi alla richiesta di procedimento?;Atto processuale scritto;Comunicazione solo verbale al cittadino;Richiesta anonima priva di destinatario;A;La sinossi descrive una specifica condizione di procedibilità, distinta dalla querela ordinaria.;2;DIRITTO PENALE E PEN. MIL. 2026 RM(1).pdf · pagina PDF 199;draft_source_aligned;;uploaded_material;
CC-M5-016;SDI;Architettura SDI;Soggetti;Quali tipi di soggetti distingue la sinossi nelle anagrafiche uniche?;Solo uffici pubblici;Persone fisiche e persone giuridiche;Solo persone fisiche;B;La sinossi distingue anagrafiche di persone fisiche e di persone giuridiche.;1;SDI 2026 RM.pdf · pagina PDF 26;draft_source_aligned;;uploaded_material;
CC-M5-017;SDI;Architettura SDI;Base eventocentrica;Che cosa significa approccio eventocentrico nello SDI?;Separare sempre ogni oggetto dal fatto;Considerare l'intero evento e integrare soggetti e oggetti;Registrare soltanto il cognome di una persona;B;La base dati considera l'azione nel suo percorso spazio-temporale e mette in relazione i suoi elementi.;1;SDI 2026 RM.pdf · pagina PDF 26;draft_source_aligned;;uploaded_material;
CC-M5-018;SDI;Architettura SDI;Anagrafica unica;Che cosa crea il sistema al primo inserimento di un soggetto o oggetto censito?;Un'anagrafica unica associata a un ruolo;Un account utente per il soggetto controllato;Una nuova anagrafica a ogni consultazione;A;La sinossi distingue l'anagrafica unica dalle successive comunicazioni che ne aggiornano il ruolo.;1;SDI 2026 RM.pdf · pagina PDF 26;draft_source_aligned;;uploaded_material;
CC-M5-019;SDI;Architettura SDI;Sistema centralizzato;Dove è collocato l'elaboratore centrale descritto dalla sinossi?;Presso ogni tribunale estero;In ogni singola pattuglia;Roma, presso il Ministero dell'Interno;C;Il CED interforze è descritto come sistema centralizzato con postazioni remote.;1;SDI 2026 RM.pdf · pagina PDF 25;draft_source_aligned;;uploaded_material;
CC-M5-020;SDI;Profili SDI;Operativo;Quale tipo di riscontro caratterizza il profilo operativo?;Sempre un dossier storico completo;Immediato e sintetico;Esclusivamente una relazione statistica annuale;B;La sinossi collega il cruscotto operativo alle esigenze del controllo del territorio.;1;SDI 2026 RM.pdf · pagina PDF 20;draft_source_aligned;;uploaded_material;
CC-M5-021;SDI;Profili SDI;Investigativo;Quale caratteristica distingue il profilo investigativo?;Solo visualizzazione del numero telefonico dell'ufficio;Consultazione più analitica anche dei dati storici;Esclusivamente stampa delle ferie;B;La sinossi descrive dati aggregati e approfonditi, con visibilità sulle informazioni storiche.;1;SDI 2026 RM.pdf · pagina PDF 20;draft_source_aligned;;uploaded_material;
CC-M5-022;SDI;Funzionalità SDI;Anagrafiche storiche;Perché una ricerca SDI può mostrare più anagrafiche simili per la stessa persona secondo la sinossi?;Il sistema non utilizza mai i dati anagrafici;Presenza di dati migrati incompleti dai vecchi schedari;Ogni accesso crea obbligatoriamente una persona nuova;B;La sinossi spiega che i dati migrati possono contenere solo la provincia o una provincia ignota, generando anagrafiche non complete.;3;SDI 2026 RM.pdf · pagina PDF 29;draft_source_aligned;;uploaded_material;
CC-M5-023;SDI;Funzionalità SDI;GEOCOPE;Quale funzione richiama la denominazione GEOCOPE?;Georeferenziazione del Cruscotto Operativo;Archivio delle licenze dei militari;Gestione economica delle contravvenzioni;A;La sinossi riporta GEOCOPE tra le applicazioni dell'area statistica e di analisi.;1;SDI 2026 RM.pdf · pagina PDF 31;draft_source_aligned;;uploaded_material;
CC-M5-024;SDI;Accesso SDI;Abilitazione;Il conseguimento dell'abilitazione dà automaticamente diritto all'accesso?;Sì, per qualsiasi finalità personale;No, occorre la valutazione del funzionario responsabile;Sì, anche senza esigenza di servizio;B;La sinossi rimette la decisione alle effettive esigenze e alla sicurezza del sistema.;1;SDI 2026 RM.pdf · pagina PDF 13;draft_source_aligned;;uploaded_material;
CC-M5-025;SDI;Architettura SDI;Correlazioni;Quali elementi possono essere correlati dal Sistema d'Indagine?;Solo indirizzi e-mail pubblici;Solo stipendi e ferie;Eventi, soggetti e altre informazioni attinenti;C;La sinossi descrive la correlazione tra tipi di fatto, soggetti e informazioni collegate.;1;SDI 2026 RM.pdf · pagina PDF 26;draft_source_aligned;;uploaded_material;
CC-M6-001;Diritto costituzionale;Fonti del diritto;Produzione;Quale funzione svolgono le fonti di produzione del diritto?;Rendere soltanto consultabili norme già formate;Compilare statistiche amministrative;Produrre, modificare o abrogare norme;C;La dispensa distingue la produzione di norme dalla loro conoscibilità.;1;Diritto Costituzionale 2026 IG(1).pdf · pagina PDF 6;draft_source_aligned;;uploaded_material;
CC-M6-002;Diritto costituzionale;Fonti del diritto;Cognizione;Qual è un esempio di fonte ufficiale di cognizione?;Un'opinione personale sul diritto;Una promessa privata;Gazzetta Ufficiale;C;La fonte di cognizione permette di conoscere norme già prodotte.;1;Diritto Costituzionale 2026 IG(1).pdf · pagina PDF 6;draft_source_aligned;;uploaded_material;
CC-M6-003;Diritto costituzionale;Fonti del diritto;Costituzione;Quando entrò in vigore la Costituzione italiana secondo la dispensa?;2 giugno 1946;1 gennaio 1948;22 dicembre 1947;B;La dispensa distingue entrata in vigore, elezione della Costituente e approvazione del testo.;1;Diritto Costituzionale 2026 IG(1).pdf · pagina PDF 7;draft_source_aligned;;uploaded_material;
CC-M6-004;Diritto costituzionale;Fonti del diritto;Revisione;Quale limite espresso alla revisione richiama l'art. 139 Cost.?;La forma repubblicana;Il numero di ministeri;La durata di ogni legislatura;A;La dispensa indica la forma repubblicana come limite esplicito.;1;Diritto Costituzionale 2026 IG(1).pdf · pagina PDF 8;draft_source_aligned;;uploaded_material;
CC-M6-005;Diritto costituzionale;Fonti del diritto;Legge ordinaria;Chi esercita collettivamente la funzione legislativa secondo l'art. 70?;Il solo Presidente della Repubblica;Le due Camere;La sola Corte di Cassazione;B;La dispensa distingue deliberazione parlamentare e promulgazione.;1;Diritto Costituzionale 2026 IG(1).pdf · pagina PDF 9;draft_source_aligned;;uploaded_material;
CC-M6-006;Diritto costituzionale;Fonti del diritto;Decreto legislativo;Quale presupposto caratterizza il decreto legislativo?;Delega del Parlamento al Governo;Necessità di una sentenza definitiva;Richiesta di un singolo cittadino;A;La legge delega definisce oggetto, tempo e principi e criteri direttivi.;1;Diritto Costituzionale 2026 IG(1).pdf · pagina PDF 10;draft_source_aligned;;uploaded_material;
CC-M6-007;Diritto costituzionale;Fonti del diritto;Decreto-legge;In quali casi la dispensa colloca il decreto-legge?;Casi straordinari di necessità e urgenza;Qualsiasi attività ordinaria senza condizioni;Solo stato di guerra già dichiarato;A;La dispensa richiama il presupposto costituzionale di necessità e urgenza.;1;Diritto Costituzionale 2026 IG(1).pdf · pagina PDF 10;draft_source_aligned;;uploaded_material;
CC-M6-008;Diritto costituzionale;Fonti del diritto;Conversione;Quale termine per la conversione del decreto-legge riporta la dispensa?;60 giorni;90 giorni;30 giorni;A;La mancata conversione nel termine comporta la perdita di efficacia sin dall'inizio.;1;Diritto Costituzionale 2026 IG(1).pdf · pagina PDF 11;draft_source_aligned;;uploaded_material;
CC-M6-009;Diritto costituzionale;Principi fondamentali;Sovranità;A chi appartiene la sovranità nell'art. 1 Cost.?;Al popolo;Al solo Governo;Al solo Presidente della Repubblica;A;La sovranità è esercitata nelle forme e nei limiti della Costituzione.;1;Diritto Costituzionale 2026 IG(1).pdf · pagina PDF 13;draft_source_aligned;;uploaded_material;
CC-M6-010;Diritto costituzionale;Principi fondamentali;Solidarietà;Quali doveri richiama l'art. 2 Cost.?;Obbedienza a ogni richiesta privata;Esclusivamente doveri tributari;Solidarietà politica, economica e sociale;C;La dispensa collega diritti inviolabili e doveri inderogabili di solidarietà.;1;Diritto Costituzionale 2026 IG(1).pdf · pagina PDF 14;draft_source_aligned;;uploaded_material;
CC-M6-011;Diritto costituzionale;Principi fondamentali;Eguaglianza;Che cosa distingue l'eguaglianza sostanziale nello schema costituzionale?;Rimozione degli ostacoli economici e sociali;Sola enunciazione dell'eguaglianza davanti alla legge;Attribuzione di privilegi ereditari;A;L'art. 3, secondo comma, richiede un intervento sugli ostacoli che limitano libertà e partecipazione.;3;Diritto Costituzionale 2026 IG(1).pdf · pagina PDF 15;draft_source_aligned;;uploaded_material;
CC-M6-012;Diritto costituzionale;Rapporti civili;Libertà personale;Quale garanzia generale accompagna le restrizioni della libertà personale?;Autorizzazione automatica per ogni sospetto;Sola decisione di un privato;Atto motivato dell'autorità giudiziaria nei casi e modi di legge;C;La dispensa richiama riserva di legge e garanzia dell'autorità giudiziaria, ferme le eccezioni previste.;1;Diritto Costituzionale 2026 IG(1).pdf · pagina PDF 17;draft_source_aligned;;uploaded_material;
CC-M6-013;Diritto costituzionale;Rapporti civili;Domicilio;Quale libertà tutela l'art. 14 Cost.?;Libertà di insegnamento;Diritto di voto;Inviolabilità del domicilio;C;La dispensa dedica l'art. 14 alle garanzie del domicilio.;1;Diritto Costituzionale 2026 IG(1).pdf · pagina PDF 18;draft_source_aligned;;uploaded_material;
CC-M6-014;Diritto costituzionale;Rapporti civili;Comunicazioni;Quale elemento caratterizza la libertà tutelata dall'art. 15 rispetto al pensiero manifestato pubblicamente?;Assenza di un destinatario;Diffusione obbligatoria a tutti;Segretezza della comunicazione;C;La comunicazione tutelata è intenzionalmente riservata.;1;Diritto Costituzionale 2026 IG(1).pdf · pagina PDF 19;draft_source_aligned;;uploaded_material;
CC-M6-015;Diritto costituzionale;Rapporti civili;Circolazione;Quali motivi generali di limitazione della circolazione richiama l'art. 16?;Sanità o sicurezza;Opinioni politiche;Preferenze personali del sindaco;A;La dispensa esclude restrizioni determinate da ragioni politiche.;1;Diritto Costituzionale 2026 IG(1).pdf · pagina PDF 20;draft_source_aligned;;uploaded_material;
CC-M6-016;Diritto costituzionale;Rapporti civili;Riunione;Come deve svolgersi la riunione tutelata dall'art. 17?;Pacificamente e senz'armi;Solo in edifici pubblici;Sempre previa autorizzazione, anche privata;A;La dispensa distingue le condizioni della riunione dall'obbligo di preavviso per il luogo pubblico.;1;Diritto Costituzionale 2026 IG(1).pdf · pagina PDF 21;draft_source_aligned;;uploaded_material;
CC-M6-017;Diritto costituzionale;Rapporti civili;Preavviso;Il preavviso di riunione in luogo pubblico equivale a una richiesta di autorizzazione?;Sì, ma solo per riunioni di tre persone;No;Sì, in ogni caso;B;La dispensa distingue espressamente il preavviso dall'autorizzazione.;1;Diritto Costituzionale 2026 IG(1).pdf · pagina PDF 22;draft_source_aligned;;uploaded_material;
CC-M6-018;Diritto costituzionale;Rapporti civili;Difesa;In quali fasi l'art. 24 garantisce il diritto di difesa?;Solo durante l'appello;In ogni stato e grado del procedimento;Solo dopo la condanna;B;La dispensa descrive la difesa come diritto inviolabile lungo tutto il procedimento.;1;Diritto Costituzionale 2026 IG(1).pdf · pagina PDF 27;draft_source_aligned;;uploaded_material;
CC-M6-019;Diritto costituzionale;Rapporti civili;Presunzione di innocenza;Fino a quale momento l'imputato non è considerato colpevole?;Prima segnalazione alla polizia;Iscrizione della notizia di reato;Condanna definitiva;C;L'art. 27 richiamato nella dispensa collega la colpevolezza alla condanna definitiva.;1;Diritto Costituzionale 2026 IG(1).pdf · pagina PDF 28;draft_source_aligned;;uploaded_material;
CC-M6-020;Diritto costituzionale;Rapporti civili;Finalità della pena;Quale finalità costituzionale deve perseguire la pena?;Vendetta personale della vittima;Rieducazione del condannato;Umiliazione pubblica del condannato;B;La dispensa richiama anche il divieto di trattamenti contrari al senso di umanità.;1;Diritto Costituzionale 2026 IG(1).pdf · pagina PDF 28;draft_source_aligned;;uploaded_material;
CC-M7-001;Diritto di polizia;Pubblica sicurezza;Polizia giudiziaria;Quale finalità attribuisce la dispensa alla polizia giudiziaria?;Rilasciare esclusivamente licenze commerciali;Produrre norme costituzionali;Scoprire i reati e assicurare i responsabili alla giustizia;C;La dispensa distingue la funzione repressiva dalla polizia amministrativa.;2;DIRITTO POLIZIA 2026 TA.pdf · pagina PDF 5;draft_source_aligned;;uploaded_material;
CC-M7-002;Diritto di polizia;Pubblica sicurezza;Polizia amministrativa;A quale attività si riferisce la polizia amministrativa?;Pronunciare sentenze penali;Svolgere soltanto difesa militare all'estero;Far osservare le limitazioni poste da leggi e regolamenti amministrativi;C;La dispensa colloca questa attività nell'ambito della Pubblica Amministrazione.;2;DIRITTO POLIZIA 2026 TA.pdf · pagina PDF 5;draft_source_aligned;;uploaded_material;
CC-M7-003;Diritto di polizia;Pubblica sicurezza;Ordine pubblico;Come è inteso l'ordine pubblico nella dispensa?;Beni e interessi fondamentali della civile convivenza;Soltanto lo svolgimento di manifestazioni;Solo la gestione della viabilità;A;Il concetto è più ampio delle sole riunioni o manifestazioni in luogo pubblico.;2;DIRITTO POLIZIA 2026 TA.pdf · pagina PDF 7;draft_source_aligned;;uploaded_material;
CC-M7-004;Diritto di polizia;Fonti di PS;TULPS;Qual è l'espansione dell'acronimo TULPS?;Testo Unico delle Libertà del Personale Statale;Tribunale Unico Locale di Polizia Stradale;Testo Unico delle Leggi di Pubblica Sicurezza;C;La dispensa elenca il TULPS tra le principali fonti di pubblica sicurezza.;2;DIRITTO POLIZIA 2026 TA.pdf · pagina PDF 7;draft_source_aligned;;uploaded_material;
CC-M7-005;Diritto di polizia;Fonti di PS;TULPS;Quale anno associa la dispensa all'emanazione del TULPS?;1931;1981;1948;A;È richiamato il R.D. 18 giugno 1931 n. 733.;2;DIRITTO POLIZIA 2026 TA.pdf · pagina PDF 7;draft_source_aligned;;uploaded_material;
CC-M7-006;Diritto di polizia;Fonti di PS;Ordinamento;Quale legge riguarda il nuovo ordinamento della pubblica sicurezza nella dispensa?;Legge 121 del 1981;Legge 184 del 1983;Legge 241 del 1990;A;La dispensa elenca la legge 1 aprile 1981 n. 121 tra le fonti principali.;2;DIRITTO POLIZIA 2026 TA.pdf · pagina PDF 8;draft_source_aligned;;uploaded_material;
CC-M7-007;Diritto di polizia;Fonti di PS;Depenalizzazione;Quale legge è richiamata per la depenalizzazione?;Legge 689 del 1981;Legge 110 del 1975;Legge 121 del 1981;A;La dispensa collega la legge 689 alla modifica del sistema penale e agli illeciti amministrativi.;2;DIRITTO POLIZIA 2026 TA.pdf · pagina PDF 8;draft_source_aligned;;uploaded_material;
CC-M7-008;Diritto di polizia;Qualifiche di PS;Agenti;Quale tipo di compiti attribuisce la dispensa agli agenti di PS?;Esecutivi alle dipendenze degli ufficiali di PS;Esclusivamente giurisdizionali;Esclusivamente legislativi;A;La dispensa distingue i compiti esecutivi dalle funzioni degli ufficiali.;2;DIRITTO POLIZIA 2026 TA.pdf · pagina PDF 9;draft_source_aligned;;uploaded_material;
CC-M7-009;Diritto di polizia;Qualifiche di PS;Permanenza;Come è descritta la qualifica di agente di PS per gli appartenenti indicati?;Valida solo durante una testimonianza;Permanente, non limitata all'orario di servizio;Sempre limitata alla singola pattuglia;B;La dispensa distingue le qualifiche permanenti da quelle attribuite solo nell'esercizio delle funzioni.;3;DIRITTO POLIZIA 2026 TA.pdf · pagina PDF 9;draft_source_aligned;;uploaded_material;
CC-M7-010;Diritto di polizia;Dipendenze dell'Arma;Ordine e sicurezza;Da chi dipende funzionalmente l'Arma per tutela dell'ordine e sicurezza pubblica?;Ministro dell'Istruzione;Presidente della Corte costituzionale;Ministro dell'Interno;C;La dispensa distingue questa dipendenza da quella per compiti militari e PG.;2;DIRITTO POLIZIA 2026 TA.pdf · pagina PDF 10;draft_source_aligned;;uploaded_material;
CC-M7-011;Diritto di polizia;Dipendenze dell'Arma;Polizia giudiziaria;Da chi dipende funzionalmente l'Arma nei compiti di PG?;Solo Ministero della Difesa;Autorità giudiziaria;Solo Regione competente;B;La dipendenza funzionale per PG è distinta dalle altre dipendenze istituzionali.;2;DIRITTO POLIZIA 2026 TA.pdf · pagina PDF 10;draft_source_aligned;;uploaded_material;
CC-M7-012;Diritto di polizia;Controllo del territorio;PCCT;Quale denominazione riporta la dispensa per PCCT?;Programma Comune Corsi Teorici;Protocollo Centrale Contabilità Tributi;Piano Coordinato Controllo Territorio;C;La dispensa lo colloca tra le pianificazioni del controllo del territorio.;3;DIRITTO POLIZIA 2026 TA.pdf · pagina PDF 10;draft_source_aligned;;uploaded_material;
CC-M7-013;Diritto di polizia;Illecito amministrativo;Tipologie;Quale sanzione amministrativa incide sullo status secondo la dispensa?;Patrimoniale;Disciplinare;Interdittiva;B;La dispensa distingue sanzioni disciplinari, patrimoniali e interdittive.;2;DIRITTO POLIZIA 2026 TA.pdf · pagina PDF 19;draft_source_aligned;;uploaded_material;
CC-M7-014;Diritto di polizia;Illecito amministrativo;Tipologie;Quale sanzione amministrativa incide sull'attività?;Disciplinare;Esclusivamente risarcitoria civile;Interdittiva;C;La sospensione di una licenza è riportata come esempio di sanzione interdittiva.;2;DIRITTO POLIZIA 2026 TA.pdf · pagina PDF 19;draft_source_aligned;;uploaded_material;
CC-M7-015;Diritto di polizia;Illecito amministrativo;Tipologie;Quale categoria comprende le sanzioni pecuniarie amministrative?;Disciplinari;Patrimoniali;Solo interdittive;B;Le sanzioni patrimoniali incidono sul patrimonio.;2;DIRITTO POLIZIA 2026 TA.pdf · pagina PDF 19;draft_source_aligned;;uploaded_material;
CC-M7-016;Diritto di polizia;Illecito amministrativo;Legalità;Quale principio esclude la retroattività della sanzione amministrativa descritta?;Legalità;Solidarietà soltanto;Opportunità politica;A;La previsione legislativa deve essere anteriore alla condotta illecita.;2;DIRITTO POLIZIA 2026 TA.pdf · pagina PDF 21;draft_source_aligned;;uploaded_material;
CC-M7-017;Diritto di polizia;Illecito amministrativo;Capacità;Quali requisiti generali per rispondere della violazione amministrativa riporta la dispensa?;Solo possesso della patente;Solo cittadinanza italiana;Maggiore età e capacità di intendere e volere;C;La dispensa distingue questa regola dalla responsabilità di chi doveva sorvegliare l'incapace.;2;DIRITTO POLIZIA 2026 TA.pdf · pagina PDF 21;draft_source_aligned;;uploaded_material;
CC-M7-018;Diritto di polizia;Illecito amministrativo;Concorso formale;Che cosa caratterizza il concorso formale di illeciti?;Più illeciti con più azioni distinte;Più illeciti con una sola azione od omissione;Una sola violazione senza condotta;B;La dispensa distingue unità della condotta e pluralità delle infrazioni.;2;DIRITTO POLIZIA 2026 TA.pdf · pagina PDF 22;draft_source_aligned;;uploaded_material;
CC-M7-019;Diritto di polizia;Illecito amministrativo;Concorso materiale;Che cosa caratterizza il concorso materiale di illeciti?;Più infrazioni mediante più azioni od omissioni;Sempre una sola sanzione senza eccezioni;Più infrazioni con una sola azione;A;La dispensa richiama la sanzione prevista per ciascuna violazione commessa.;2;DIRITTO POLIZIA 2026 TA.pdf · pagina PDF 22;draft_source_aligned;;uploaded_material;
CC-M7-020;Diritto di polizia;Illecito amministrativo;Procedimento;Qual è la prima fase del procedimento amministrativo descritto?;Accertamento della violazione;Pagamento prima di conoscere il fatto;Decisione definitiva sull'opposizione;A;L'accertamento precede contestazione e fasi successive.;2;DIRITTO POLIZIA 2026 TA.pdf · pagina PDF 22;draft_source_aligned;;uploaded_material;
CC-M8-001;Procedura penale e tecniche investigative;Procedimento penale;Modello processuale;Come qualifica la sinossi il sistema processuale italiano?;Esclusivamente amministrativo;Tendenzialmente accusatorio;Integralmente inquisitorio senza contraddittorio;B;La sinossi distingue il processo accusatorio dalla segretezza delle indagini preliminari.;2;PROC. PEN. E TECN. INVEST. 2026 RM.pdf · pagina PDF 9;draft_source_aligned;;uploaded_material;
CC-M8-002;Procedura penale e tecniche investigative;Procedimento penale;Contraddittorio;A cosa si riferisce il contraddittorio in senso oggettivo?;Metodo di formazione della prova;Obbligo di pubblicare tutti gli atti di indagine;Scelta delle sedi dei tribunali;A;La prova si forma con metodo dialettico, attraverso l'esame incrociato.;2;PROC. PEN. E TECN. INVEST. 2026 RM.pdf · pagina PDF 10;draft_source_aligned;;uploaded_material;
CC-M8-003;Procedura penale e tecniche investigative;Procedimento penale;Procedimento e processo;Procedimento e processo penale sono sinonimi tecnici?;Sì, ma solo nelle indagini preliminari;No, il processo è una porzione del procedimento;Sì, sempre;B;La sinossi distingue il procedimento più ampio dal processo che inizia con l'azione penale.;2;PROC. PEN. E TECN. INVEST. 2026 RM.pdf · pagina PDF 11;draft_source_aligned;;uploaded_material;
CC-M8-004;Procedura penale e tecniche investigative;Procedimento penale;Inizio processo;Quale atto segna l'inizio del processo nella sinossi?;Prima consultazione di un archivio;Esercizio dell'azione penale;Semplice arrivo di una telefonata;B;La sinossi individua nell'esercizio dell'azione penale il momento iniziale del processo.;2;PROC. PEN. E TECN. INVEST. 2026 RM.pdf · pagina PDF 11;draft_source_aligned;;uploaded_material;
CC-M8-005;Procedura penale e tecniche investigative;Procedimento penale;Fine processo;Quando si conclude il processo secondo la distinzione della sinossi?;Quando la sentenza diventa irrevocabile;All'inizio delle indagini;Alla prima denuncia;A;L'irrevocabilità è collegata all'esaurimento o scadenza delle impugnazioni ordinarie.;2;PROC. PEN. E TECN. INVEST. 2026 RM.pdf · pagina PDF 11;draft_source_aligned;;uploaded_material;
CC-M8-006;Procedura penale e tecniche investigative;Indagini preliminari;Avvio;Quando iniziano le indagini preliminari nella sinossi?;Solo dopo una condanna definitiva;Quando una notizia di reato perviene alla PG o al PM;Solo dopo la testimonianza in dibattimento;B;La notizia di reato segna l'avvio della prima fase del procedimento.;2;PROC. PEN. E TECN. INVEST. 2026 RM.pdf · pagina PDF 12;draft_source_aligned;;uploaded_material;
CC-M8-007;Procedura penale e tecniche investigative;Indagini preliminari;Direzione;A chi spetta la direzione delle indagini preliminari?;Pubblico ministero;Testimone principale;Parte civile;A;La sinossi richiama l'art. 327 e la dipendenza funzionale della PG.;2;PROC. PEN. E TECN. INVEST. 2026 RM.pdf · pagina PDF 12;draft_source_aligned;;uploaded_material;
CC-M8-008;Procedura penale e tecniche investigative;Indagini preliminari;Finalità;Quale finalità principale attribuisce l'art. 326 alle indagini?;Sostituire sempre il dibattimento;Orientare la decisione sull'esercizio dell'azione penale;Applicare direttamente una pena;B;Il PM valuta se esercitare l'azione penale o chiedere l'archiviazione.;2;PROC. PEN. E TECN. INVEST. 2026 RM.pdf · pagina PDF 13;draft_source_aligned;;uploaded_material;
CC-M8-009;Procedura penale e tecniche investigative;Indagini preliminari;Accertamenti favorevoli;Il PM deve considerare anche fatti favorevoli all'indagato?;No, esclusivamente elementi d'accusa;Solo dopo una richiesta del testimone;Sì;C;La sinossi collega l'art. 358 alla completezza delle indagini.;2;PROC. PEN. E TECN. INVEST. 2026 RM.pdf · pagina PDF 13;draft_source_aligned;;uploaded_material;
CC-M8-010;Procedura penale e tecniche investigative;Indagini preliminari;Doppio fascicolo;Quale distinzione richiama il principio del doppio fascicolo?;Fascicolo del PM e fascicolo per il dibattimento;Fascicolo civile e registro fiscale;Due copie identiche sempre pubbliche;A;La sinossi distingue gli atti di indagine dagli atti destinati al dibattimento.;2;PROC. PEN. E TECN. INVEST. 2026 RM.pdf · pagina PDF 13;draft_source_aligned;;uploaded_material;
CC-M8-011;Procedura penale e tecniche investigative;Soggetti;Giudice;Quali qualità del giudice richiama la sinossi dall'art. 111 Cost.?;Libertà da ogni obbligo di motivazione;Dipendenza dalla parte accusatrice;Terzietà e imparzialità;C;La funzione del giudice è distinta da quella delle parti.;2;PROC. PEN. E TECN. INVEST. 2026 RM.pdf · pagina PDF 14;draft_source_aligned;;uploaded_material;
CC-M8-012;Procedura penale e tecniche investigative;Soggetti;Poteri di iniziativa;Che cosa distingue i soggetti del procedimento da altre persone che vi partecipano?;Solo età anagrafica;Solo presenza fisica in aula;Titolarità di poteri di iniziativa;C;La sinossi contrappone soggetti titolari di poteri e partecipanti come testimoni e periti.;2;PROC. PEN. E TECN. INVEST. 2026 RM.pdf · pagina PDF 14;draft_source_aligned;;uploaded_material;
CC-M8-013;Procedura penale e tecniche investigative;Soggetti;PG e sicurezza;Che cosa distingue funzionalmente PG e polizia di sicurezza nella sinossi?;Uso di una diversa lingua;Accertamento dei reati rispetto alla prevenzione dei pericoli;Diverso colore dei documenti;B;La sinossi descrive il diverso scopo delle funzioni, che possono essere esercitate dagli stessi corpi.;2;PROC. PEN. E TECN. INVEST. 2026 RM.pdf · pagina PDF 16;draft_source_aligned;;uploaded_material;
CC-M8-014;Procedura penale e tecniche investigative;Prove;Fonte di prova;Quali elementi costituiscono fonti di prova nella sinossi?;Persone, cose e luoghi da cui ricavare informazioni;Solo opinioni non verificabili;Soltanto sentenze definitive;A;Le fonti consentono di ricostruire il fatto passato.;2;PROC. PEN. E TECN. INVEST. 2026 RM.pdf · pagina PDF 20;draft_source_aligned;;uploaded_material;
CC-M8-015;Procedura penale e tecniche investigative;Prove;Ricerca della prova;Qual è la finalità dei mezzi di ricerca della prova?;Applicare la sentenza;Ricercare e acquisire tracce e informazioni rilevanti;Sostituire sempre il giudice;B;La sinossi distingue ricerca della prova, fonti e mezzi di prova.;2;PROC. PEN. E TECN. INVEST. 2026 RM.pdf · pagina PDF 20;draft_source_aligned;;uploaded_material;
CC-M8-016;Procedura penale e tecniche investigative;Prove;Regola probatoria;Quale criterio di accertamento richiama la sezione sulla presunzione di innocenza?;Semplice sospetto non verificato;Oltre il ragionevole dubbio;Maggior numero di opinioni online;B;La sinossi distingue regola di trattamento dell'imputato e criterio probatorio.;2;PROC. PEN. E TECN. INVEST. 2026 RM.pdf · pagina PDF 23;draft_source_aligned;;uploaded_material;
CC-M8-017;Procedura penale e tecniche investigative;Procedibilità;Condizioni;Quale istituto è una condizione di procedibilità elencata nella sinossi?;Querela;Foglio di marcia;Relazione di servizio in ogni caso;A;La sinossi elenca querela, istanza, richiesta e autorizzazione a procedere.;2;PROC. PEN. E TECN. INVEST. 2026 RM.pdf · pagina PDF 28;draft_source_aligned;;uploaded_material;
CC-M8-018;Procedura penale e tecniche investigative;Procedibilità;Mancanza della condizione;Quale attività resta consentita nei limiti richiamati in assenza di una condizione di procedibilità?;Pronuncia della condanna;Applicazione automatica di qualsiasi misura coercitiva;Atti necessari ad assicurare le fonti di prova;C;La sinossi richiama l'art. 346 e distingue conservazione delle fonti dall'esercizio dell'azione.;3;PROC. PEN. E TECN. INVEST. 2026 RM.pdf · pagina PDF 28;draft_source_aligned;;uploaded_material;
CC-M8-019;Procedura penale e tecniche investigative;Indagini preliminari;Conclusione;Quali esiti concludono le indagini preliminari nella descrizione generale?;Ogni cambio del difensore;Qualsiasi interruzione del turno di pattuglia;Esercizio dell'azione penale o archiviazione ottenuta dal giudice;C;La sinossi collega la conclusione alle determinazioni del PM e del giudice.;2;PROC. PEN. E TECN. INVEST. 2026 RM.pdf · pagina PDF 12;draft_source_aligned;;uploaded_material;
CC-M8-020;Procedura penale e tecniche investigative;Prove;Motivazione;Quale funzione svolge la motivazione della sentenza nella sinossi?;Evitare di spiegare le ragioni della decisione;Rendere controllabile il percorso logico del giudice;Sostituire la prova con una formula generica;B;La motivazione espone il ragionamento sul fatto e sulla sua conformità alla norma.;2;PROC. PEN. E TECN. INVEST. 2026 RM.pdf · pagina PDF 20;draft_source_aligned;;uploaded_material;
CC-M9-001;Esame testimoniale;Acquisizione dichiarazioni;Indagato;Quali articoli disciplinano i quattro strumenti di acquisizione dall'indagato indicati nella sinossi?;194 e 195 c.p.p. soltanto;17 e 18 Cost.;350 e 370 c.p.p.;C;La sinossi elenca tre strumenti nell'art. 350 e l'interrogatorio delegato nell'art. 370.;2;ESAME TESTIMONIALE 2026 RM.pdf · pagina PDF 5;draft_source_aligned;;uploaded_material;
CC-M9-002;Esame testimoniale;Acquisizione dichiarazioni;Difensore;Quale garanzia caratterizza le sommarie informazioni dell'art. 350, primi quattro commi, nella sinossi?;Assenza necessaria del difensore;Sola presenza di un familiare;Presenza obbligatoria del difensore;C;La sinossi distingue questa forma dalle altre modalità di acquisizione di dichiarazioni.;2;ESAME TESTIMONIALE 2026 RM.pdf · pagina PDF 5;draft_source_aligned;;uploaded_material;
CC-M9-003;Esame testimoniale;Acquisizione dichiarazioni;Persona informata;Quale articolo richiama la sinossi per sommarie informazioni da persone informate sui fatti?;351 c.p.p.;350 c.p.p. soltanto;372 c.p. soltanto;A;L'art. 351 riguarda persone che possono riferire circostanze utili alle indagini.;2;ESAME TESTIMONIALE 2026 RM.pdf · pagina PDF 11;draft_source_aligned;;uploaded_material;
CC-M9-004;Esame testimoniale;Documentazione;Verbale;Quale forma generale di documentazione degli atti richiama l'art. 134?;Sola memoria personale dell'operatore;Solo comunicazione informale;Verbale;C;La sinossi richiama il verbale e, nei casi previsti, anche la riproduzione audiovisiva o fonografica.;2;ESAME TESTIMONIALE 2026 RM.pdf · pagina PDF 14;draft_source_aligned;;uploaded_material;
CC-M9-005;Esame testimoniale;Memoria e intervista;Memoria sensoriale;Quale memoria registra gli stimoli per un brevissimo intervallo nella sinossi?;Memoria procedurale del computer;Archivio giudiziario;Sensoriale;C;La sinossi distingue memoria sensoriale, a breve termine e a lungo termine.;2;ESAME TESTIMONIALE 2026 RM.pdf · pagina PDF 18;draft_source_aligned;;uploaded_material;
CC-M9-006;Esame testimoniale;Memoria e intervista;Breve termine;Quale limite caratterizza la memoria a breve termine descritta?;Registrazione perfetta e permanente di tutto;Capacità limitata e possibile rimozione da nuovi stimoli;Impossibilità di essere influenzata dall'attenzione;B;La sinossi collega consolidamento e attenzione, senza garantire un ricordo perfetto.;2;ESAME TESTIMONIALE 2026 RM.pdf · pagina PDF 18;draft_source_aligned;;uploaded_material;
CC-M9-007;Esame testimoniale;Memoria e intervista;Post-evento;Quale fattore può influenzare il recupero del ricordo?;Solo colore della modulistica;Informazioni ricevute dopo l'evento;Solo nome dell'ufficio;B;La sinossi comprende i fattori successivi all'evento tra quelli che incidono sull'attendibilità.;3;ESAME TESTIMONIALE 2026 RM.pdf · pagina PDF 18;draft_source_aligned;;uploaded_material;
CC-M9-008;Esame testimoniale;Memoria e intervista;Intervista cognitiva;Quale obiettivo guida l'intervista cognitiva nella sinossi?;Favorire il ricordo con la minima influenza dell'intervistatore;Imporre una ricostruzione già decisa;Sostituire i ricordi con ipotesi dell'operatore;A;La genuinità del ricordo richiede di limitare i condizionamenti.;2;ESAME TESTIMONIALE 2026 RM.pdf · pagina PDF 19;draft_source_aligned;;uploaded_material;
CC-M9-009;Esame testimoniale;Memoria e intervista;Contesto;Quale funzione ha la rievocazione del contesto?;Aiutare il recupero di ambiente, sensazioni ed emozioni dell'evento;Suggerire fatti non percepiti;Eliminare tutte le incertezze con una formula;A;La sinossi utilizza il contesto come ausilio al recupero delle informazioni.;2;ESAME TESTIMONIALE 2026 RM.pdf · pagina PDF 19;draft_source_aligned;;uploaded_material;
CC-M9-010;Esame testimoniale;Memoria e intervista;Chiusura;Che cosa è opportuno fare se la persona ricorda altri elementi dopo l'intervista?;Invitarla a pubblicarli sui social;Invitarla a ricontattare il comando;Dirle che nessuna informazione successiva è utile;B;La sinossi prevede la possibilità di comunicare informazioni aggiuntive.;2;ESAME TESTIMONIALE 2026 RM.pdf · pagina PDF 21;draft_source_aligned;;uploaded_material;
CC-M9-011;Esame testimoniale;Domande;Aperte;Quale caratteristica distingue le domande aperte?;Consentono una narrazione libera senza restringere la risposta;Contengono già la risposta obbligata;Richiedono sempre solo sì o no;A;La sinossi ne descrive la funzione di raccolta ampia delle dichiarazioni.;2;ESAME TESTIMONIALE 2026 RM.pdf · pagina PDF 24;draft_source_aligned;;uploaded_material;
CC-M9-012;Esame testimoniale;Domande;Chiuse;Quale uso attribuisce la sinossi alle domande chiuse o dirette?;Sostituire ogni narrazione libera;Approfondire aspetti specifici non chiariti;Far raccontare tutti gli eventi senza delimitazioni;B;Le domande chiuse mirano a circostanze determinate e devono essere concise.;2;ESAME TESTIMONIALE 2026 RM.pdf · pagina PDF 25;draft_source_aligned;;uploaded_material;
CC-M9-013;Esame testimoniale;Domande;Suggestive;Quale rischio presentano le domande suggestive?;Condizionare la risposta tramite formulazione e parole;Eliminare automaticamente tutti gli errori;Garantire sempre una risposta spontanea;A;La sinossi evidenzia il loro effetto orientante sulla risposta.;2;ESAME TESTIMONIALE 2026 RM.pdf · pagina PDF 26;draft_source_aligned;;uploaded_material;
CC-M9-014;Esame testimoniale;Errori dell'intervistatore;Ipotesi;Che cosa indica l'innamoramento della propria tesi?;Perseguire rigidamente l'ipotesi già formata;Verificare in modo aperto ipotesi alternative;Documentare fedelmente una dichiarazione;A;La sinossi lo elenca tra i possibili fattori distorsivi dell'investigatore.;2;ESAME TESTIMONIALE 2026 RM.pdf · pagina PDF 26;draft_source_aligned;;uploaded_material;
CC-M9-015;Esame testimoniale;Testimonianza;Obblighi;Quale obbligo del testimone richiama la sinossi?;Presentarsi al giudice e dire la verità;Sostenere necessariamente l'accusa;Confermare ogni ipotesi della PG;A;La testimonianza è distinta dall'esame delle parti e comporta responsabilità penali per falsità.;2;ESAME TESTIMONIALE 2026 RM.pdf · pagina PDF 31;draft_source_aligned;;uploaded_material;
CC-M9-016;Esame testimoniale;Testimonianza;Oggetto;Su quali contenuti deve essere esaminato il testimone?;Sempre valutazioni personali sulla moralità;Solo voci correnti nel pubblico;Fatti determinati oggetto di prova;C;La sinossi richiama l'art. 194 e distingue fatti da voci e apprezzamenti personali.;2;ESAME TESTIMONIALE 2026 RM.pdf · pagina PDF 31;draft_source_aligned;;uploaded_material;
CC-M9-017;Esame testimoniale;Esame in aula;Sequenza;Qual è la sequenza della cross examination descritta?;Esame diretto, controesame, riesame;Riesame, sentenza, esame diretto;Controesame, archiviazione, denuncia;A;La sinossi precisa che controesame e riesame sono eventuali.;2;ESAME TESTIMONIALE 2026 RM.pdf · pagina PDF 35;draft_source_aligned;;uploaded_material;
CC-M9-018;Esame testimoniale;Esame in aula;Diretto;Chi pone le domande nell'esame diretto?;La parte che ha chiesto l'esame del testimone;Il pubblico presente in aula;Sempre e soltanto l'imputato;A;La parte richiedente può essere il PM o il difensore.;2;ESAME TESTIMONIALE 2026 RM.pdf · pagina PDF 35;draft_source_aligned;;uploaded_material;
CC-M9-019;Esame testimoniale;Esame in aula;Attesa;Secondo la sinossi, il testimone può assistere agli esami degli altri testimoni prima di deporre?;Sì, se prende appunti;Sì, sempre;No;C;La sinossi richiama la separazione dei testimoni prima della deposizione.;2;ESAME TESTIMONIALE 2026 RM.pdf · pagina PDF 35;draft_source_aligned;;uploaded_material;
CC-M9-020;Esame testimoniale;Esame in aula;Rispetto del teste;A chi deve rappresentare il teste una lesione del rispetto della propria persona?;Solo ai giornalisti;Presidente;Direttamente al pubblico in aula;B;La sinossi assegna al Presidente il controllo sulla correttezza dell'esame.;2;ESAME TESTIMONIALE 2026 RM.pdf · pagina PDF 37;draft_source_aligned;;uploaded_material;
CC-M10-001;Tutela dei soggetti vulnerabili;Vulnerabilità;Nozione di vittima;Quale fonte europea è centrale nella nozione di vittima richiamata?;La sola legge sul reclutamento;Un regolamento comunale sulla viabilità;Direttiva 2012/29/UE;C;La sinossi richiama la direttiva sui diritti e la tutela delle vittime di reato.;2;SOGGETTI VULNERABILI 2026 RM.pdf · pagina PDF 80;draft_source_aligned;;uploaded_material;
CC-M10-002;Tutela dei soggetti vulnerabili;Vulnerabilità;Familiari;La nozione di vittima richiamata può comprendere familiari di una persona morta per il reato?;No, mai;Sì, se hanno subito un danno conseguente alla morte;Sì, ma solo se imputati;B;La sinossi descrive l'estensione della nozione oltre la persona direttamente colpita.;2;SOGGETTI VULNERABILI 2026 RM.pdf · pagina PDF 80;draft_source_aligned;;uploaded_material;
CC-M10-003;Tutela dei soggetti vulnerabili;Vulnerabilità;Condizione;La vulnerabilità è sempre una caratteristica permanente?;Sì, dipende soltanto dalla cittadinanza;No, può derivare anche da una situazione contingente;Sì, senza eccezioni;B;La sinossi menziona sia condizioni naturali sia situazioni come malattia, povertà e sofferenza.;2;SOGGETTI VULNERABILI 2026 RM.pdf · pagina PDF 81;draft_source_aligned;;uploaded_material;
CC-M10-004;Tutela dei soggetti vulnerabili;Vulnerabilità;Valutazione;Quali elementi incidono sulla particolare vulnerabilità nella sinossi?;Caratteristiche personali, reato e relazione con l'autore;Solo luogo di nascita dell'operatore;Solo reddito dell'autore;A;La valutazione considera più dimensioni della persona e del fatto.;2;SOGGETTI VULNERABILI 2026 RM.pdf · pagina PDF 82;draft_source_aligned;;uploaded_material;
CC-M10-005;Tutela dei soggetti vulnerabili;Vulnerabilità;Minori;I minori possono essere vulnerabili anche come testimoni di violenza familiare?;No, solo se direttamente colpiti;Sì;No, la qualità di testimone esclude ogni tutela;B;La sinossi considera anche vittime indirette di violenze e maltrattamenti.;2;SOGGETTI VULNERABILI 2026 RM.pdf · pagina PDF 82;draft_source_aligned;;uploaded_material;
CC-M10-006;Tutela dei soggetti vulnerabili;Reati e tutela;Violenza assistita;Che cosa indica la violenza assistita nel passaggio della sinossi?;Coinvolgimento del minore come spettatore di condotte vessatorie;Una prestazione sanitaria domiciliare;Un contrasto sportivo regolamentare;A;La sinossi richiama il possibile danno indiretto ai minori, nelle condizioni descritte.;2;SOGGETTI VULNERABILI 2026 RM.pdf · pagina PDF 17;draft_source_aligned;;uploaded_material;
CC-M10-007;Tutela dei soggetti vulnerabili;Reati e tutela;Assistenza familiare;Quale articolo è dedicato agli obblighi di assistenza familiare?;570 c.p.;612-bis c.p.;643 c.p.;A;La sinossi tratta l'art. 570 nella prima tesi.;2;SOGGETTI VULNERABILI 2026 RM.pdf · pagina PDF 12;draft_source_aligned;;uploaded_material;
CC-M10-008;Tutela dei soggetti vulnerabili;Reati e tutela;Maltrattamenti;Quale articolo è associato ai maltrattamenti contro familiari e conviventi?;527 c.p.;368 c.p.;572 c.p.;C;La sinossi descrive il reato nell'ambito di rapporti familiari o qualificati.;2;SOGGETTI VULNERABILI 2026 RM.pdf · pagina PDF 17;draft_source_aligned;;uploaded_material;
CC-M10-009;Tutela dei soggetti vulnerabili;Reati e tutela;Atti persecutori;Quale caratteristica delle condotte richiama la norma sugli atti persecutori?;Reiterazione;Assenza di qualsiasi minaccia o molestia;Necessaria occasionalità;A;La sinossi richiama condotte reiterate e gli eventi tipici previsti dalla norma.;2;SOGGETTI VULNERABILI 2026 RM.pdf · pagina PDF 48;draft_source_aligned;;uploaded_material;
CC-M10-010;Tutela dei soggetti vulnerabili;Reati e tutela;Eventi persecutori;Quale effetto è elencato per gli atti persecutori?;Semplice antipatia reciproca senza altri elementi;Costringere a modificare le abitudini di vita;Qualsiasi divergenza di opinione;B;La sinossi elenca anche grave e perdurante ansia o paura e fondato timore per l'incolumità.;2;SOGGETTI VULNERABILI 2026 RM.pdf · pagina PDF 48;draft_source_aligned;;uploaded_material;
CC-M10-011;Tutela dei soggetti vulnerabili;Reati e tutela;Circonvenzione;Quale condotta centrale descrive la circonvenzione di incapace?;Contestare una sanzione amministrativa;Abusare della debolezza per indurre un atto giuridicamente dannoso;Rifiutare un regalo senza condizioni;B;La sinossi richiama abuso, profitto e atto dannoso per la persona o altri.;2;SOGGETTI VULNERABILI 2026 RM.pdf · pagina PDF 54;draft_source_aligned;;uploaded_material;
CC-M10-012;Tutela dei soggetti vulnerabili;Garanzie;Articolo 90-quater;Quale aspetto del fatto è considerato per la vulnerabilità ai sensi dell'art. 90-quater richiamato?;Solo turno di servizio;Tipo di reato, modalità e circostanze;Solo numero del verbale;B;La sinossi collega caratteristiche della vittima e caratteristiche del fatto.;2;SOGGETTI VULNERABILI 2026 RM.pdf · pagina PDF 59;draft_source_aligned;;uploaded_material;
CC-M10-013;Tutela dei soggetti vulnerabili;Relazione con la vittima;Anziano truffato;Quale atteggiamento è raccomandato verso l'anziano vittima di truffa?;Accoglienza senza giudizio e senso di sicurezza;Rimprovero per avere subito la truffa;Indifferenza per evitare coinvolgimento;A;La sinossi raccomanda fiducia, invito alla denuncia e accoglienza della richiesta di aiuto.;2;SOGGETTI VULNERABILI 2026 RM.pdf · pagina PDF 79;draft_source_aligned;;uploaded_material;
CC-M10-014;Tutela dei soggetti vulnerabili;Bullismo e cyberbullismo;Bullismo;Quale tipo di oppressione può caratterizzare il bullismo nella sinossi?;Fisica o psicologica;Solo errore informatico accidentale;Soltanto economica tra imprese;A;La sinossi include aggressioni, offese e isolamento tra pari.;2;SOGGETTI VULNERABILI 2026 RM.pdf · pagina PDF 67;draft_source_aligned;;uploaded_material;
CC-M10-015;Tutela dei soggetti vulnerabili;Bullismo e cyberbullismo;Persistenza online;Quale caratteristica distingue il materiale offensivo pubblicato online?;Può restare disponibile per molto tempo;È visibile soltanto durante l'orario scolastico;Scompare sempre dopo pochi secondi;A;La sinossi evidenzia la persistenza delle pubblicazioni digitali.;2;SOGGETTI VULNERABILI 2026 RM.pdf · pagina PDF 68;draft_source_aligned;;uploaded_material;
CC-M10-016;Tutela dei soggetti vulnerabili;Bullismo e cyberbullismo;Limiti;Che cosa comporta la mancanza di limiti spazio-temporali del cyberbullismo?;Possibile invasione della vita della vittima in ogni momento;Soprusi possibili soltanto in presenza fisica;Durata limitata a una sola lezione;A;La sinossi distingue il fenomeno digitale dai confini del contatto diretto.;2;SOGGETTI VULNERABILI 2026 RM.pdf · pagina PDF 68;draft_source_aligned;;uploaded_material;
CC-M10-017;Tutela dei soggetti vulnerabili;Relazione con la vittima;Mediazione;Qual è l'obiettivo comunicativo primario nella gestione della conflittualità descritta?;Riduzione della tensione;Amplificazione delle accuse reciproche;Attribuzione immediata di colpa senza ascolto;A;La sinossi parla di de-escalation, imparzialità e ascolto protetto.;2;SOGGETTI VULNERABILI 2026 RM.pdf · pagina PDF 92;draft_source_aligned;;uploaded_material;
CC-M10-018;Tutela dei soggetti vulnerabili;Violenza di genere;Forme;Quali forme di violenza fondata sul genere sono elencate?;Solo fisica;Solo economica;Fisica, sessuale, psicologica ed economica;C;La sinossi considera un fenomeno articolato che richiede conoscenza e prevenzione.;2;SOGGETTI VULNERABILI 2026 RM.pdf · pagina PDF 93;draft_source_aligned;;uploaded_material;
CC-M10-019;Tutela dei soggetti vulnerabili;Servizi di tutela;Centri antiviolenza;Quale finalità descrive la sinossi per i Centri Antiviolenza?;Sostituzione dei tribunali nelle sentenze;Accoglienza e progetto di uscita dalla violenza;Solo gestione delle contravvenzioni;B;La sinossi descrive il supporto di figure professionali formate.;2;SOGGETTI VULNERABILI 2026 RM.pdf · pagina PDF 94;draft_source_aligned;;uploaded_material;
CC-M10-020;Tutela dei soggetti vulnerabili;Servizi di tutela;Informazione;Oltre a ricevere la denuncia, quale compito informativo richiama la sinossi?;Informare sui diritti e orientare ai servizi territoriali;Fornire informazioni solo dopo la sentenza;Invitare a rinunciare a ogni tutela;A;L'orientamento ai servizi è parte del supporto alla vittima.;2;SOGGETTI VULNERABILI 2026 RM.pdf · pagina PDF 94;draft_source_aligned;;uploaded_material;
CC-M11-001;Tecnica professionale;Compiti e personale;Compiti militari;Quale attività rientra nei compiti militari elencati?;Solo riscossione dei tributi locali;Sola gestione delle biblioteche;Concorso alla difesa integrata del territorio nazionale;C;La dispensa richiama l'art. 156 del Codice dell'Ordinamento Militare.;1;Tecnica Professionale 2026  PDF(1).pdf · pagina PDF 7;draft_source_aligned;;uploaded_material;
CC-M11-002;Tecnica professionale;Compiti e personale;Compiti d'istituto;Quale ambito rientra nei compiti d'istituto descritti?;Esclusivamente rappresentanza commerciale;Esclusivamente amministrazione scolastica;Ordine pubblico, sicurezza e incolumità dei cittadini;C;La dispensa richiama l'art. 159 per i compiti d'istituto.;1;Tecnica Professionale 2026  PDF(1).pdf · pagina PDF 7;draft_source_aligned;;uploaded_material;
CC-M11-003;Tecnica professionale;Compiti e personale;Protezione civile;Quale funzione svolge l'Arma rispetto alla protezione civile secondo la dispensa?;Esclusivamente organismo consultivo privato;Nessuna funzione in ogni caso;Struttura operativa del servizio nazionale;C;La dispensa include la funzione tra i compiti d'istituto.;1;Tecnica Professionale 2026  PDF(1).pdf · pagina PDF 7;draft_source_aligned;;uploaded_material;
CC-M11-004;Tecnica professionale;Compiti e personale;Servizi speciali;Quale servizio è elencato tra gli speciali compiti?;Rilascio di diplomi universitari;Gestione dei referendum comunali;Scorte d'onore;C;La dispensa richiama l'art. 160 per speciali servizi istituzionali.;1;Tecnica Professionale 2026  PDF(1).pdf · pagina PDF 7;draft_source_aligned;;uploaded_material;
CC-M11-005;Tecnica professionale;Compiti e personale;Ispettori;Quale qualifica di PG è attribuita al ruolo Ispettori nella dispensa?;Nessuna qualifica di PG;Solo agente di PG;Ufficiale di PG;C;La dispensa associa anche la qualifica di agente di pubblica sicurezza.;1;Tecnica Professionale 2026  PDF(1).pdf · pagina PDF 8;draft_source_aligned;;uploaded_material;
CC-M11-006;Tecnica professionale;Compiti e personale;Appuntati e Carabinieri;Quali qualifiche attribuisce la dispensa ad Appuntati e Carabinieri?;Solo ufficiale di PG militare;Agente di PS e agente di PG;Giudice e pubblico ministero;B;La dispensa distingue le qualifiche dei diversi ruoli.;1;Tecnica Professionale 2026  PDF(1).pdf · pagina PDF 9;draft_source_aligned;;uploaded_material;
CC-M11-007;Tecnica professionale;Compiti e personale;Gradi ispettori;Quale grado appartiene al ruolo Ispettori elencato?;Maresciallo Ordinario;Appuntato;Carabiniere scelto;A;La dispensa elenca i gradi del ruolo Ispettori.;1;Tecnica Professionale 2026  PDF(1).pdf · pagina PDF 8;draft_source_aligned;;uploaded_material;
CC-M11-008;Tecnica professionale;Compiti e personale;Gradi base;Quale grado è nel ruolo Appuntati e Carabinieri?;Capitano;Appuntato scelto;Maresciallo Capo;B;La dispensa distingue questo ruolo da Ispettori e Ufficiali.;1;Tecnica Professionale 2026  PDF(1).pdf · pagina PDF 9;draft_source_aligned;;uploaded_material;
CC-M11-009;Tecnica professionale;Normativa fondamentale;COM;Quanti libri fondamentali del COM elenca la dispensa?;Dodici;Cinque;Nove;C;La dispensa presenta nove parti denominate Libri.;1;Tecnica Professionale 2026  PDF(1).pdf · pagina PDF 10;draft_source_aligned;;uploaded_material;
CC-M11-010;Tecnica professionale;Normativa fondamentale;Bandiera;Che cosa simboleggia la bandiera secondo l'art. 96 richiamato?;Soltanto il grado del comandante;La Patria;Solo il reparto amministrativo;B;La bandiera da combattimento richiama anche onore, tradizioni e caduti dell'unità.;1;Tecnica Professionale 2026  PDF(1).pdf · pagina PDF 10;draft_source_aligned;;uploaded_material;
CC-M11-011;Tecnica professionale;Normativa fondamentale;COM - Libro I;Quale materia appartiene al Libro Primo del COM nella dispensa?;Solo amministrazione e contabilità;Organizzazione e funzioni;Solo trattamento previdenziale;B;La dispensa riporta l'elenco dei nove libri.;1;Tecnica Professionale 2026  PDF(1).pdf · pagina PDF 10;draft_source_aligned;;uploaded_material;
CC-M11-012;Tecnica professionale;Normativa fondamentale;COM - Libro IV;Quale materia appartiene al Libro Quarto del COM?;Beni;Personale civile soltanto;Personale militare;C;La dispensa distingue il Libro Quarto da quello sul personale civile.;1;Tecnica Professionale 2026  PDF(1).pdf · pagina PDF 10;draft_source_aligned;;uploaded_material;
CC-M11-013;Tecnica professionale;Organizzazione addestrativa;Finalità;Quale finalità ha l'Organizzazione Addestrativa?;Solo produzione di uniformi;Formazione, aggiornamento e specializzazione del personale;Solo gestione del contenzioso civile;B;La dispensa collega queste attività agli obiettivi del Comando Generale.;1;Tecnica Professionale 2026  PDF(1).pdf · pagina PDF 18;draft_source_aligned;;uploaded_material;
CC-M11-014;Tecnica professionale;Organizzazione addestrativa;Vertice;Quale comando è al vertice dell'Organizzazione Addestrativa?;Comando di una singola Stazione;Comando delle Scuole dell'Arma dei Carabinieri;Tribunale militare;B;Il Comando delle Scuole assicura l'indirizzo didattico e addestrativo.;1;Tecnica Professionale 2026  PDF(1).pdf · pagina PDF 18;draft_source_aligned;;uploaded_material;
CC-M11-015;Tecnica professionale;Organizzazione addestrativa;Legione Allievi;Quale personale prepara la Legione Allievi secondo la dispensa?;Ruoli Appuntati e Carabinieri;Solo generali;Solo personale amministrativo civile;A;La dispensa ne descrive la preparazione militare, professionale e culturale.;1;Tecnica Professionale 2026  PDF(1).pdf · pagina PDF 19;draft_source_aligned;;uploaded_material;
CC-M11-016;Tecnica professionale;Organizzazione addestrativa;CePAF;Quale funzione è attribuita al CePAF?;Solo gestione dei rifornimenti;Supporto ad allievi e formatori;Solo archivio delle contravvenzioni;B;Il Centro di Psicologia Applicata per la Formazione collega selezione e inserimento formativo.;1;Tecnica Professionale 2026  PDF(1).pdf · pagina PDF 19;draft_source_aligned;;uploaded_material;
CC-M11-017;Tecnica professionale;Organizzazione addestrativa;Ambiente montano;Dove è indicato il Centro Addestramento Alpino?;Selva di Val Gardena;Cittaducale;Genova;A;La dispensa associa il centro alla formazione in ambiente montano.;1;Tecnica Professionale 2026  PDF(1).pdf · pagina PDF 20;draft_source_aligned;;uploaded_material;
CC-M11-018;Tecnica professionale;Organizzazione addestrativa;Cinofili;Dove è indicato il Centro Carabinieri Cinofili?;Firenze;Napoli;Messina;A;La dispensa ne descrive compiti addestrativi e operativi.;1;Tecnica Professionale 2026  PDF(1).pdf · pagina PDF 20;draft_source_aligned;;uploaded_material;
CC-M11-019;Tecnica professionale;Organizzazione territoriale;Funzione;Quale funzione fondamentale attribuisce la dispensa all'organizzazione territoriale?;Solo formazione iniziale;Solo impiego all'estero;Controllo del territorio;C;La dispensa la presenta come componente fondamentale dell'Arma.;1;Tecnica Professionale 2026  PDF(1).pdf · pagina PDF 21;draft_source_aligned;;uploaded_material;
CC-M11-020;Tecnica professionale;Organizzazione territoriale;Legioni;Quali funzioni dei Comandi di Legione sono descritte?;Sola emissione delle sentenze;Direzione, coordinamento e controllo dei Comandi Provinciali;Sola gestione delle patenti civili;B;La dispensa distingue livelli territoriali e relativi compiti.;1;Tecnica Professionale 2026  PDF(1).pdf · pagina PDF 22;draft_source_aligned;;uploaded_material;
CC-M12-001;Informatica d’Arma;SIO e Memoriale;SIO;Qual è la denominazione del SIO nel documento?;Sistema Informativo per le Operazioni;Servizio Integrato degli Ospedali;Sistema Internazionale degli Ordinamenti;A;Il portale aggrega applicativi per le operazioni in un cruscotto comune.;1;Informatica Arma 2026 TO.docx · paragrafo Word 68;draft_source_aligned;;uploaded_material;
CC-M12-002;Informatica d’Arma;SIO e Memoriale;Interoperabilità;Quale vantaggio del SIO è richiamato dal documento?;Richiedere sempre lo stesso dato più volte;Favorire l'interoperabilità evitando doppi inserimenti;Eliminare ogni controllo sui dati;B;Il documento descrive una piattaforma aggregatrice degli applicativi.;1;Informatica Arma 2026 TO.docx · paragrafo Word 68;draft_source_aligned;;uploaded_material;
CC-M12-003;Informatica d’Arma;SIO e Memoriale;Funzioni;Quale funzione svolge il Memoriale informatizzato?;Pronunciare sentenze;Inserire e modificare servizi e assenze;Rilasciare patenti civili;B;Il documento cita anche licenze e stampa dei report.;1;Informatica Arma 2026 TO.docx · paragrafo Word 69;draft_source_aligned;;uploaded_material;
CC-M12-004;Informatica d’Arma;SIO e Memoriale;Collocazione;In quale portale è collocato il Memoriale nel documento?;Solo sistema bancario;Solo portale pubblico dell'università;SIO;C;Il Memoriale è presentato tra gli applicativi del Sistema Informativo per le Operazioni.;1;Informatica Arma 2026 TO.docx · paragrafo Word 69;draft_source_aligned;;uploaded_material;
CC-M12-005;Informatica d’Arma;SIO e Memoriale;Allineamento personale;Con quale sistema si attende l'allineamento dei dati del personale citato?;ANIA;PERSeO;GEOCOPE;B;Il documento prevede movimentazioni manuali nell'attesa dell'allineamento.;1;Informatica Arma 2026 TO.docx · paragrafo Word 75;draft_source_aligned;;uploaded_material;
CC-M12-006;Informatica d’Arma;SIO e Memoriale;Foglio firma;Quale funzione del foglio firma è descritta?;Registrare soltanto visite dei cittadini;Validare gli orari effettivamente svolti;Sostituire ogni documento d'identità;B;Il foglio viene siglato a inizio e fine servizio e controfirmato dal responsabile.;1;Informatica Arma 2026 TO.docx · paragrafo Word 109;draft_source_aligned;;uploaded_material;
CC-M12-007;Informatica d’Arma;C-Prot;Versioni;Quale operazione è possibile su un documento acquisito?;Visualizzarlo e creare nuove versioni;Modificarne automaticamente l'autore storico;Eliminare ogni traccia della sua acquisizione;A;Il documento presenta gestione del file e delle versioni.;1;Informatica Arma 2026 TO.docx · paragrafo Word 496;draft_source_aligned;;uploaded_material;
CC-M12-008;Informatica d’Arma;C-Prot;Fascicoli virtuali;Come è organizzato logicamente un documento in più fascicoli?;Creando sempre una copia fisica per ogni fascicolo;Cancellando il documento originario;Tramite associazioni senza duplicarlo;C;Il documento distingue associazione logica e duplicazione.;1;Informatica Arma 2026 TO.docx · paragrafo Word 509;draft_source_aligned;;uploaded_material;
CC-M12-009;Informatica d’Arma;C-Prot;Appartenenza;Un documento può appartenere a più fascicoli virtuali?;Sì;Solo se è un'immagine;No, mai;A;Il documento descrive l'appartenenza tramite semplice associazione.;1;Informatica Arma 2026 TO.docx · paragrafo Word 509;draft_source_aligned;;uploaded_material;
CC-M12-010;Informatica d’Arma;C-Prot;Scarico posta;Che cosa evidenzia il report dello scarico posta?;Solo il numero di turni del personale;Solo il colore degli allegati;Esito del trasferimento delle e-mail su C-Prot;C;Il documento raccomanda di visionarlo dopo ogni operazione.;1;Informatica Arma 2026 TO.docx · paragrafo Word 628;draft_source_aligned;;uploaded_material;
CC-M12-011;Informatica d’Arma;C-Prot;Report casella;Come è ricercabile il Report Casella Istituzionale nel documento?;Documento non protocollato, NP;Solo come foglio di marcia;Sempre come sentenza definitiva;A;Il documento indica che il report rimane nell'archivio e non richiede classificazione.;1;Informatica Arma 2026 TO.docx · paragrafo Word 628;draft_source_aligned;;uploaded_material;
CC-M12-012;Informatica d’Arma;SILAC e GePaV;Collocazione;Di quale sistema fa parte Ge.Pa.V.?;Sistema di voto elettronico;Sistema sanitario regionale;Sistema Informativo Logistico dell'Arma;C;Il documento espande S.I.L.A.C. e vi colloca la gestione del parco veicoli.;1;Informatica Arma 2026 TO.docx · paragrafo Word 990;draft_source_aligned;;uploaded_material;
CC-M12-013;Informatica d’Arma;SILAC e GePaV;Ciclo di vita;Quale arco di gestione dei veicoli copre Ge.Pa.V.?;Dall'approvvigionamento alla dismissione;Solo il momento della vendita;Solo il primo rifornimento;A;Il documento descrive l'intero ciclo di vita del mezzo.;1;Informatica Arma 2026 TO.docx · paragrafo Word 990;draft_source_aligned;;uploaded_material;
CC-M12-014;Informatica d’Arma;SILAC e GePaV;Dati;Quali dati relativi ai mezzi integra Ge.Pa.V.?;Solo cause civili del proprietario;Consumi carburante e costi manutentivi;Solo titoli di studio dell'equipaggio;B;Il documento descrive integrazione di informazioni da sistemi già in produzione.;1;Informatica Arma 2026 TO.docx · paragrafo Word 990;draft_source_aligned;;uploaded_material;
CC-M12-015;Informatica d’Arma;SILAC e GePaV;Rifornimenti;Da quali portali possono confluire dati dei rifornimenti?;Solo siti meteorologici;Società erogatrici con fuel card o cedole;Solo portali turistici;B;Il documento descrive il rilevamento informatizzato dei consumi.;1;Informatica Arma 2026 TO.docx · paragrafo Word 992;draft_source_aligned;;uploaded_material;
CC-M12-016;Informatica d’Arma;C-Denunce;Finalità;Quale funzione principale svolge C-Denunce?;Ricevere denunce, elaborare verbali e alimentare SDI;Gestire esclusivamente carburante;Gestire esclusivamente ferie;A;Il documento descrive una piattaforma centralizzata per reparti territoriali.;1;Informatica Arma 2026 TO.docx · paragrafo Word 1087;draft_source_aligned;;uploaded_material;
CC-M12-017;Informatica d’Arma;C-Denunce;SDI;Come è descritta l'alimentazione SDI da C-Denunce?;Sempre demandata al cittadino;Contestuale e automatica;Sempre esclusa;B;La funzione è elencata tra quelle principali della piattaforma.;1;Informatica Arma 2026 TO.docx · paragrafo Word 1087;draft_source_aligned;;uploaded_material;
CC-M12-018;Informatica d’Arma;C-Denunce;Offline;Quale possibilità offline è riportata per C-Denunce?;Acquisizione con sincronizzazione alla prima connessione intranet;Invio senza mai collegarsi a una rete;Pubblicazione automatica su internet;A;Il documento distingue acquisizione offline e successiva sincronizzazione.;1;Informatica Arma 2026 TO.docx · paragrafo Word 1090;draft_source_aligned;;uploaded_material;
CC-M12-019;Informatica d’Arma;C-Denunce;SDI di Sintesi;Su chi permette la ricerca il pulsante SDI di Sintesi nella scheda descritta?;Tutti i dipendenti di un ministero senza criteri;Soltanto il giudice;Denunciante;C;Il documento descrive la consultazione nella scheda denunciante con credenziali SDI.;1;Informatica Arma 2026 TO.docx · paragrafo Word 1180;draft_source_aligned;;uploaded_material;
CC-M12-020;Informatica d’Arma;Arma-Poste;Finalità;Quale ambito riguarda Arma-Poste 2.0 nel documento?;Solo acquisto dei veicoli;Gestione dei verbali per infrazioni al Codice della Strada;Solo protocollazione delle licenze;B;Il documento descrive semplificazione degli adempimenti e maggiore sicurezza.;1;Informatica Arma 2026 TO.docx · paragrafo Word 1446;draft_source_aligned;;uploaded_material;
CC-M13-001;Storia dell’Arma;Fondazione;Data;Quale data di fondazione del Corpo dei Carabinieri Reali riporta il documento?;13 luglio 1814;18 gennaio 1815;24 gennaio 1861;A;Il documento associa la fondazione alle Regie Patenti del 13 luglio 1814.;1;L'ARMA DEI CARABINIERI NELLA STORIA 2026 RC.docx · paragrafo Word 26;draft_source_aligned;;uploaded_material;
CC-M13-002;Storia dell’Arma;Fondazione;Sovrano;Quale sovrano promosse la nuova forza nel contesto della Restaurazione descritto?;Vittorio Emanuele III;Carlo Alberto;Vittorio Emanuele I;C;Il documento collega il progetto al ritorno di Vittorio Emanuele I sul trono di Torino.;1;L'ARMA DEI CARABINIERI NELLA STORIA 2026 RC.docx · paragrafo Word 25;draft_source_aligned;;uploaded_material;
CC-M13-003;Storia dell’Arma;Fondazione;Progetto;A chi fu affidata la stesura del progetto del nuovo corpo militare?;Capitano Luigi Prunotti;Maggiore Alessandro Negri di Sanfront;Generale Carlo Alberto Dalla Chiesa;A;Il documento lo indica nella sezione sulle premesse della fondazione.;1;L'ARMA DEI CARABINIERI NELLA STORIA 2026 RC.docx · paragrafo Word 25;draft_source_aligned;;uploaded_material;
CC-M13-004;Storia dell’Arma;Fondazione;Buon Governo;Quale organismo fu istituito insieme al Corpo nelle Regie Patenti del 1814?;Ispezione Generale di Buon Governo;Legione Allievi come 14ª Legione;Corte costituzionale;A;Il documento distingue i due organismi e i loro compiti.;1;L'ARMA DEI CARABINIERI NELLA STORIA 2026 RC.docx · paragrafo Word 26;draft_source_aligned;;uploaded_material;
CC-M13-005;Storia dell’Arma;Fondazione;Primo comandante;Chi è indicato come primo Comandante del Corpo?;Giuseppe Thaon di Revel di Sant'Andrea;Alfredo Serranti;Alessandro Negri di Sanfront;A;Il documento riporta anche la successiva sostituzione con Giorgio Des Geneys.;1;L'ARMA DEI CARABINIERI NELLA STORIA 2026 RC.docx · paragrafo Word 28;draft_source_aligned;;uploaded_material;
CC-M13-006;Storia dell’Arma;Fondazione;1815;Quale effetto ebbero le Regie Patenti del 18 gennaio 1815 nel documento?;Istituzione della Repubblica italiana;Fusione del Buon Governo con il Corpo dei Carabinieri;Soppressione del Corpo senza sostituzione;B;Il documento descrive la fusione e la regolamentazione del trattamento ed equipaggiamento.;1;L'ARMA DEI CARABINIERI NELLA STORIA 2026 RC.docx · paragrafo Word 28;draft_source_aligned;;uploaded_material;
CC-M13-007;Storia dell’Arma;Fondazione;1816;Quale organismo sostituì il Buon Governo nella riforma del 1816 descritta?;Ministero di Polizia;Commissione parlamentare antimafia;Ministero dell'Università;A;Il documento collega le nuove Regie Patenti alla separazione degli istituti.;1;L'ARMA DEI CARABINIERI NELLA STORIA 2026 RC.docx · paragrafo Word 34;draft_source_aligned;;uploaded_material;
CC-M13-008;Storia dell’Arma;Prime prove;Grenoble;Quale evento è presentato come battesimo del fuoco dei Carabinieri Reali?;Pastrengo, aprile 1848;Podgora, luglio 1915;Grenoble, luglio 1815;C;Il documento descrive l'azione di Grenoble come prima prova di valore del Corpo.;1;L'ARMA DEI CARABINIERI NELLA STORIA 2026 RC.docx · paragrafo Word 49;draft_source_aligned;;uploaded_material;
CC-M13-009;Storia dell’Arma;Prime prove;Scapaccino;Chi ricevette la prima Medaglia d'Oro al Valor Militare richiamata nel documento?;Giovanni Battista Scapaccino;Alberto La Rocca;Salvo D'Acquisto;A;Il documento collega il riconoscimento al sacrificio del 3 febbraio 1834.;1;L'ARMA DEI CARABINIERI NELLA STORIA 2026 RC.docx · paragrafo Word 54;draft_source_aligned;;uploaded_material;
CC-M13-010;Storia dell’Arma;Formazione e ordinamento;Comando Generale;Quale sovrano istituì il Comando Generale nella riforma del 1832 descritta?;Carlo Alberto;Umberto II;Vittorio Emanuele III;A;Il documento descrive la soppressione dell'Ispezione Generale e la riorganizzazione territoriale.;1;L'ARMA DEI CARABINIERI NELLA STORIA 2026 RC.docx · paragrafo Word 59;draft_source_aligned;;uploaded_material;
CC-M13-011;Storia dell’Arma;Formazione e ordinamento;Reclutamento;Dove nacque il Deposito di reclutamento citato nella storia della Legione Allievi?;Messina;Cagliari;Torino;C;Il documento collega il deposito all'ampliamento delle possibilità di arruolamento.;1;L'ARMA DEI CARABINIERI NELLA STORIA 2026 RC.docx · paragrafo Word 62;draft_source_aligned;;uploaded_material;
CC-M13-012;Storia dell’Arma;Formazione e ordinamento;Legione Allievi;In quale anno la struttura formativa divenne la 14ª Legione nel documento?;1948;1861;1814;B;Il documento richiama il riordino del 24 gennaio 1861.;1;L'ARMA DEI CARABINIERI NELLA STORIA 2026 RC.docx · paragrafo Word 63;draft_source_aligned;;uploaded_material;
CC-M13-013;Storia dell’Arma;Guerre d'indipendenza;Pastrengo;Quale data associa il documento alla carica di Pastrengo?;30 aprile 1848;21 novembre 1941;19 luglio 1915;A;Il documento colloca l'episodio nelle prime fasi della Prima Guerra d'Indipendenza.;1;L'ARMA DEI CARABINIERI NELLA STORIA 2026 RC.docx · paragrafo Word 72;draft_source_aligned;;uploaded_material;
CC-M13-014;Storia dell’Arma;Guerre d'indipendenza;Sanfront;Chi guidò la carica dei Carabinieri a cavallo a Pastrengo?;Alfredo Serranti;Alessandro Negri di Sanfront;Giuseppe d'Amico;B;Il documento collega l'azione alla protezione del Re Carlo Alberto.;1;L'ARMA DEI CARABINIERI NELLA STORIA 2026 RC.docx · paragrafo Word 73;draft_source_aligned;;uploaded_material;
CC-M13-015;Storia dell’Arma;Guerre mondiali;Podgora;A quale guerra appartiene l'episodio del Podgora descritto?;Terza Guerra d'Indipendenza;Prima Guerra Mondiale;Seconda Guerra Mondiale;B;Il documento colloca l'assalto del 19 luglio 1915 nella Seconda battaglia dell'Isonzo.;1;L'ARMA DEI CARABINIERI NELLA STORIA 2026 RC.docx · paragrafo Word 97;draft_source_aligned;;uploaded_material;
CC-M13-016;Storia dell’Arma;Guerre mondiali;Culqualber;Chi comandava il Gruppo Carabinieri Mobilitato a Culqualber nel documento?;Carlo Alberto Dalla Chiesa;Alfredo Serranti;Giuseppe Thaon di Revel;B;Il documento descrive la difesa del caposaldo nel 1941.;1;L'ARMA DEI CARABINIERI NELLA STORIA 2026 RC.docx · paragrafo Word 138;draft_source_aligned;;uploaded_material;
CC-M13-017;Storia dell’Arma;Tradizioni;Virgo Fidelis;Quale giorno è associato alla ricorrenza della Virgo Fidelis?;21 novembre;30 aprile;13 luglio;A;Il documento collega la ricorrenza a Culqualber e alla Presentazione di Maria al Tempio.;1;L'ARMA DEI CARABINIERI NELLA STORIA 2026 RC.docx · paragrafo Word 139;draft_source_aligned;;uploaded_material;
CC-M13-018;Storia dell’Arma;Resistenza;D'Acquisto;Quale significato del sacrificio di Salvo D'Acquisto evidenzia il documento?;Ottenere una promozione;Conquistare un caposaldo nella Prima Guerra Mondiale;Salvare ostaggi civili offrendo la propria vita;C;Il documento descrive la liberazione degli ostaggi a seguito del suo sacrificio.;1;L'ARMA DEI CARABINIERI NELLA STORIA 2026 RC.docx · paragrafo Word 159;draft_source_aligned;;uploaded_material;
CC-M13-019;Storia dell’Arma;Resistenza;Fiesole;Quali nomi sono associati ai tre martiri di Fiesole?;La Rocca, Marandola e Sbarretti;Curcio, Franceschini e Dalla Chiesa;Serranti, Sanfront e Prunotti;A;Il documento prosegue narrando la loro consegna volontaria per salvare i civili.;1;L'ARMA DEI CARABINIERI NELLA STORIA 2026 RC.docx · paragrafo Word 163;draft_source_aligned;;uploaded_material;
CC-M13-020;Storia dell’Arma;Storia contemporanea;Antiterrorismo;Chi istituì a Torino il Nucleo Speciale di PG nel 1974 secondo il documento?;Vittorio Emanuele I;Carlo Alberto Dalla Chiesa;Alfredo Serranti;B;Il documento collega il nucleo al contrasto delle Brigate Rosse.;1;L'ARMA DEI CARABINIERI NELLA STORIA 2026 RC.docx · paragrafo Word 207;draft_source_aligned;;uploaded_material;
CC-M14-001;Comunicazione interpersonale;Percezione;Interpretazione;Quale caratteristica della percezione è sottolineata dalla dispensa?;Assenza di qualsiasi influenza dell'esperienza;Registrazione identica e neutra in ogni persona;Selezione e interpretazione degli stimoli;C;La dispensa descrive il filtro di esperienze, cultura, valori e caratteristiche individuali.;1;Tecniche Comunicazione Interpersonale 2026 TA.pdf · pagina PDF 3;draft_source_aligned;;uploaded_material;
CC-M14-002;Comunicazione interpersonale;Percezione;Prospettive;Due persone possono attribuire significati diversi allo stesso evento?;No, la percezione non varia;Sì, per le diverse prospettive personali;No, una deve sempre mentire;B;La dispensa evidenzia l'importanza di riconoscere la prospettiva dell'interlocutore.;1;Tecniche Comunicazione Interpersonale 2026 TA.pdf · pagina PDF 3;draft_source_aligned;;uploaded_material;
CC-M14-003;Comunicazione interpersonale;Processo comunicativo;Codifica;Che cosa indica la codifica nella comunicazione?;Distruzione del messaggio;Trasformazione delle idee in parole, simboli o comportamenti;Interpretazione finale del ricevente;B;La codifica rende comunicabile un contenuto attraverso un codice.;1;Tecniche Comunicazione Interpersonale 2026 TA.pdf · pagina PDF 8;draft_source_aligned;;uploaded_material;
CC-M14-004;Comunicazione interpersonale;Processo comunicativo;Decodifica;Che cosa indica la decodifica?;Interpretazione del messaggio da parte del ricevente;Eliminazione del feedback;Sola emissione di suoni;A;La dispensa la presenta come processo inverso alla codifica.;1;Tecniche Comunicazione Interpersonale 2026 TA.pdf · pagina PDF 8;draft_source_aligned;;uploaded_material;
CC-M14-005;Comunicazione interpersonale;Processo comunicativo;Feedback;Quale funzione svolge il riscontro dell'interlocutore?;Permette di chiarire dubbi e correggere errori;Sostituisce il contenuto del messaggio;Impedisce qualsiasi adattamento;A;Il feedback controlla la comprensione e migliora l'interazione.;1;Tecniche Comunicazione Interpersonale 2026 TA.pdf · pagina PDF 9;draft_source_aligned;;uploaded_material;
CC-M14-006;Comunicazione interpersonale;Processo comunicativo;Rumore;Il rumore comunicativo comprende solo suoni ambientali?;No, comprende qualsiasi interferenza che ostacoli la comprensione;Sì, e soltanto rumore del traffico;Sì, esclusivamente;A;La dispensa distingue rumori fisici, linguistici e psicologici.;1;Tecniche Comunicazione Interpersonale 2026 TA.pdf · pagina PDF 9;draft_source_aligned;;uploaded_material;
CC-M14-007;Comunicazione interpersonale;Processo comunicativo;Rumore psicologico;Quale fattore è un rumore psicologico elencato?;Solo guasto al microfono;Solo traffico stradale;Ansia o pregiudizio;C;Condizioni emotive e convinzioni possono alterare ascolto e interpretazione.;1;Tecniche Comunicazione Interpersonale 2026 TA.pdf · pagina PDF 10;draft_source_aligned;;uploaded_material;
CC-M14-008;Comunicazione interpersonale;Processo comunicativo;Contesto;Quale ruolo ha il contesto nella comunicazione?;Nessuno, ogni formula funziona sempre;Incide sul significato e sulle modalità adeguate;Serve soltanto a scegliere l'orario;B;La dispensa invita ad adattare linguaggio e formalità alle circostanze.;1;Tecniche Comunicazione Interpersonale 2026 TA.pdf · pagina PDF 10;draft_source_aligned;;uploaded_material;
CC-M14-009;Comunicazione interpersonale;Ostacoli;Linguaggio tecnico;Quale uso linguistico può ostacolare la comprensione?;Verifica del significato condiviso;Acronimi e termini tecnici non conosciuti dal destinatario;Spiegazioni chiare e pertinenti;B;Il linguaggio deve essere adeguato alle caratteristiche dell'interlocutore.;1;Tecniche Comunicazione Interpersonale 2026 TA.pdf · pagina PDF 12;draft_source_aligned;;uploaded_material;
CC-M14-010;Comunicazione interpersonale;Affidabilità orale;Verifica;Quale azione aiuta a verificare la comprensione?;Chiedere di ripetere le informazioni ricevute;Aumentare soltanto il volume;Presumere che il silenzio significhi comprensione;A;La dispensa raccomanda conferme e chiarimento di possibili equivoci.;1;Tecniche Comunicazione Interpersonale 2026 TA.pdf · pagina PDF 20;draft_source_aligned;;uploaded_material;
CC-M14-011;Comunicazione interpersonale;Affidabilità orale;Supporto scritto;Quando è utile integrare il messaggio orale con uno scritto?;Mai, lo scritto aumenta sempre l'errore;Solo per saluti informali;Quando è complesso o deve essere conservato nel tempo;C;Lo scritto limita alterazioni del contenuto dovute alla memoria.;1;Tecniche Comunicazione Interpersonale 2026 TA.pdf · pagina PDF 22;draft_source_aligned;;uploaded_material;
CC-M14-012;Comunicazione interpersonale;Modelli di comunicazione;Una via;Quale limite centrale presenta la comunicazione unidirezionale?;Assenza di confronto e feedback immediato;Partecipazione obbligatoria di tutti;Impossibilità di diffondere rapidamente informazioni;A;La dispensa distingue rapidità e uniformità dai limiti di verifica.;1;Tecniche Comunicazione Interpersonale 2026 TA.pdf · pagina PDF 24;draft_source_aligned;;uploaded_material;
CC-M14-013;Comunicazione interpersonale;Modelli di comunicazione;Due vie;Quale vantaggio caratterizza la comunicazione bidirezionale?;Divieto di adattare il linguaggio;Chiarimento immediato dei dubbi tramite dialogo;Assenza di risposte del destinatario;B;La presenza del feedback favorisce comprensione reciproca e fiducia.;1;Tecniche Comunicazione Interpersonale 2026 TA.pdf · pagina PDF 25;draft_source_aligned;;uploaded_material;
CC-M14-014;Comunicazione interpersonale;Modelli di comunicazione;Multidirezionale;Che cosa caratterizza la comunicazione multidirezionale?;Scambio attivo tra più componenti del gruppo;Solo una registrazione preregistrata;Un emittente senza alcun ritorno;A;La dispensa descrive partecipazione, confronto e ricerca di soluzioni comuni.;1;Tecniche Comunicazione Interpersonale 2026 TA.pdf · pagina PDF 26;draft_source_aligned;;uploaded_material;
CC-M14-015;Comunicazione interpersonale;Modelli di comunicazione;Coordinamento;Quale criticità può emergere nella comunicazione multidirezionale?;Sovrapposizione degli interventi e dispersione dell'attenzione;Assenza totale di partecipanti;Impossibilità di confrontare idee;A;La dispensa suggerisce coordinamento per mantenere focus e ordine.;1;Tecniche Comunicazione Interpersonale 2026 TA.pdf · pagina PDF 27;draft_source_aligned;;uploaded_material;
CC-M14-016;Comunicazione interpersonale;Ascolto attivo;Interruzioni;Quale comportamento ostacola l'ascolto attivo?;Attendere il completamento del messaggio;Dedicare attenzione all'interlocutore;Interrompere continuamente chi parla;C;Le interruzioni trasmettono disinteresse e compromettono il ragionamento.;1;Tecniche Comunicazione Interpersonale 2026 TA.pdf · pagina PDF 39;draft_source_aligned;;uploaded_material;
CC-M14-017;Comunicazione interpersonale;Ascolto attivo;Selettività;Che cosa indica l'ascolto selettivo descritto?;Riassumere fedelmente il messaggio;Considerare soltanto informazioni che confermano le proprie convinzioni;Ascoltare tutti gli elementi senza pregiudizi;B;L'ascolto selettivo può produrre ricostruzioni parziali o distorte.;1;Tecniche Comunicazione Interpersonale 2026 TA.pdf · pagina PDF 39;draft_source_aligned;;uploaded_material;
CC-M14-018;Comunicazione interpersonale;Ascolto attivo;Riformulazione;Quale finalità ha riformulare con parole proprie il messaggio?;Verificare la comprensione e consentire correzioni;Impedire qualsiasi precisazione;Sostituire il significato con la propria opinione;A;La dispensa presenta la riformulazione come tecnica di ascolto attivo.;1;Tecniche Comunicazione Interpersonale 2026 TA.pdf · pagina PDF 40;draft_source_aligned;;uploaded_material;
CC-M14-019;Comunicazione interpersonale;Ascolto attivo;Emotività;Quali segnali aiutano a comprendere l'emotività del messaggio?;Solo numero di parole;Tono, pause, espressioni e postura;Solo titolo del documento;B;La dispensa invita a considerare componenti emotive e corporee.;1;Tecniche Comunicazione Interpersonale 2026 TA.pdf · pagina PDF 41;draft_source_aligned;;uploaded_material;
CC-M14-020;Comunicazione interpersonale;Linguaggio;Funzione informativa;Quale obiettivo caratterizza la funzione informativa del linguaggio?;Esprimere esclusivamente emozioni;Trasmettere informazioni corrette, precise e verificabili;Persuadere senza fornire dati;B;La dispensa distingue funzione informativa, espressiva, persuasiva e relazionale.;1;Tecniche Comunicazione Interpersonale 2026 TA.pdf · pagina PDF 43;draft_source_aligned;;uploaded_material;
CC-M15-001;Tecniche di apprendimento;Organizzazione dello studio;Segmentazione;Come ridurre il sovraccarico quando il materiale è ampio?;Studiare tutto insieme senza gerarchia;Creare frammenti privi di relazioni;Suddividerlo in unità coerenti e gestibili;C;La guida propone una suddivisione logica, evitando frammentazione eccessiva.;1;Guida_Tecniche_Apprendimento_Rapido_ 2026_TA.pdf · pagina PDF 14;draft_source_aligned;;uploaded_material;
CC-M15-002;Tecniche di apprendimento;Organizzazione dello studio;Pratica distribuita;Che cosa indica la ripetizione spaziata?;Rileggere senza mai verificare il ricordo;Richiamare informazioni in sessioni separate nel tempo;Ripetere tutto soltanto nella stessa sera;B;La guida presenta la pratica distribuita come strategia di consolidamento.;1;Guida_Tecniche_Apprendimento_Rapido_ 2026_TA.pdf · pagina PDF 15;draft_source_aligned;;uploaded_material;
CC-M15-003;Tecniche di apprendimento;Organizzazione dello studio;Intervalli;Gli intervalli di ripasso ottimali sono uguali per ogni contenuto e persona?;Sì, purché il testo sia un PDF;Sì, sempre;No, vanno adattati;C;La guida considera difficoltà, tempo disponibile e durata dell'apprendimento desiderata.;1;Guida_Tecniche_Apprendimento_Rapido_ 2026_TA.pdf · pagina PDF 15;draft_source_aligned;;uploaded_material;
CC-M15-004;Tecniche di apprendimento;Organizzazione dello studio;Lacune;Come adattare il ripasso quando il recupero mostra lacune?;Eliminare la domanda dal programma;Ridurre l'intervallo e riprendere il contenuto;Aumentare sempre l'intervallo;B;La guida collega gli intervalli alla riuscita del recupero.;1;Guida_Tecniche_Apprendimento_Rapido_ 2026_TA.pdf · pagina PDF 15;draft_source_aligned;;uploaded_material;
CC-M15-005;Tecniche di apprendimento;Memorizzazione;Mnemotecniche;Quale funzione svolgono le mnemotecniche?;Sostituire sempre la comprensione;Associare informazioni nuove a elementi familiari;Garantire ricordo perfetto senza pratica;B;La guida le presenta come aiuto soprattutto per elenchi e sequenze.;1;Guida_Tecniche_Apprendimento_Rapido_ 2026_TA.pdf · pagina PDF 16;draft_source_aligned;;uploaded_material;
CC-M15-006;Tecniche di apprendimento;Memorizzazione;Acronimi;Come sono costruiti gli acronimi descritti?;Con le iniziali degli elementi da ricordare;Solo con numeri casuali;Con le ultime pagine di un capitolo;A;La guida distingue acronimi e acrostici come strumenti associativi.;1;Guida_Tecniche_Apprendimento_Rapido_ 2026_TA.pdf · pagina PDF 16;draft_source_aligned;;uploaded_material;
CC-M15-007;Tecniche di apprendimento;Memorizzazione;Metodo dei loci;Su cosa si basa il metodo dei loci?;Sola ripetizione casuale di parole;Cancellazione dei collegamenti spaziali;Associazione a luoghi di un percorso familiare;C;Un percorso stabile fornisce indizi ordinati per il recupero.;1;Guida_Tecniche_Apprendimento_Rapido_ 2026_TA.pdf · pagina PDF 17;draft_source_aligned;;uploaded_material;
CC-M15-008;Tecniche di apprendimento;Memorizzazione;Sequenze;Per quale materiale è particolarmente adatto il metodo dei loci secondo la guida?;Qualsiasi abilità senza addestramento;Solo calcoli non compresi;Elenchi e sequenze;C;La guida precisa che per concetti complessi il metodo deve integrare comprensione e pratica.;1;Guida_Tecniche_Apprendimento_Rapido_ 2026_TA.pdf · pagina PDF 17;draft_source_aligned;;uploaded_material;
CC-M15-009;Tecniche di apprendimento;Gestione delle sessioni;Pomodoro;Quali intervalli ha la versione classica del Pomodoro descritta?;25 minuti di lavoro e 5 di pausa;5 minuti di lavoro e 60 di pausa;60 minuti senza pausa;A;La guida tratta gli intervalli come convenzione organizzativa, non ritmo universale ottimale.;1;Guida_Tecniche_Apprendimento_Rapido_ 2026_TA.pdf · pagina PDF 17;draft_source_aligned;;uploaded_material;
CC-M15-010;Tecniche di apprendimento;Gestione delle sessioni;Obiettivo;Quale obiettivo è più osservabile per una sessione?;Sapere tutto alla fine della giornata;Studiare meglio senza definire un compito;Rispondere a 15 domande e correggere gli errori;C;La guida invita a scegliere compiti specifici e verificabili.;1;Guida_Tecniche_Apprendimento_Rapido_ 2026_TA.pdf · pagina PDF 17;draft_source_aligned;;uploaded_material;
CC-M15-011;Tecniche di apprendimento;Studio attivo;Auto-test;Quale caratteristica rende un auto-test attività di studio attivo?;Tentare il richiamo e confrontarlo con la fonte;Limitarsi a riconoscere la pagina già letta;Evitare di controllare gli errori;A;La guida collega studio attivo a recupero, spiegazione e feedback.;1;Guida_Tecniche_Apprendimento_Rapido_ 2026_TA.pdf · pagina PDF 23;draft_source_aligned;;uploaded_material;
CC-M15-012;Tecniche di apprendimento;Studio attivo;Spiegazione;Quale pratica aiuta a verificare la comprensione di un concetto?;Copiare soltanto la prima frase;Contare il numero di pagine lette;Spiegarlo con parole proprie;C;La guida tratta la spiegazione come forma di elaborazione attiva.;1;Guida_Tecniche_Apprendimento_Rapido_ 2026_TA.pdf · pagina PDF 23;draft_source_aligned;;uploaded_material;
CC-M15-013;Tecniche di apprendimento;Studio attivo;Feedback;Quale ruolo ha il feedback nelle attività formative?;Individuare errori e orientare la correzione;Attribuire un'etichetta immutabile alla persona;Sostituire ogni esercitazione;A;La guida collega feedback e debriefing al miglioramento della prestazione.;1;Guida_Tecniche_Apprendimento_Rapido_ 2026_TA.pdf · pagina PDF 24;draft_source_aligned;;uploaded_material;
CC-M15-014;Tecniche di apprendimento;Competenze pratiche;Pratica;Come si consolida una competenza pratica nella guida?;Osservazione, pratica mirata, feedback e correzione;Ripetizione degli errori senza confronto;Solo lettura senza esercitazione;A;La guida distingue sapere una sequenza dal saperla eseguire correttamente.;1;Guida_Tecniche_Apprendimento_Rapido_ 2026_TA.pdf · pagina PDF 28;draft_source_aligned;;uploaded_material;
CC-M15-015;Tecniche di apprendimento;Competenze pratiche;Stabilizzazione;Ripetere molte volte un errore basta per migliorare?;Sì, la quantità corregge sempre l'errore;Sì, se si evita il confronto con il formatore;No, serve una correzione orientata dal feedback;C;La guida collega pratica utile a criteri, osservazione e correzione.;1;Guida_Tecniche_Apprendimento_Rapido_ 2026_TA.pdf · pagina PDF 29;draft_source_aligned;;uploaded_material;
CC-M15-016;Tecniche di apprendimento;Trasferimento;Nozione;Che cosa indica il trasferimento dell'apprendimento?;Uso di conoscenze e abilità in contesti diversi;Cambio della sola sede di studio;Copia identica di una sequenza in ogni situazione;A;La guida distingue ripetizione in contesto noto e adattamento consapevole.;1;Guida_Tecniche_Apprendimento_Rapido_ 2026_TA.pdf · pagina PDF 32;draft_source_aligned;;uploaded_material;
CC-M15-017;Tecniche di apprendimento;Trasferimento;Verifica;Quale funzione ha la verifica dopo l'azione nello schema didattico?;Dichiarare sempre conclusa la prestazione;Controllare l'esito e correggere con nuove informazioni;Evitare ogni aggiornamento del quadro;B;Lo schema rende esplicito il ragionamento e non sostituisce le procedure professionali.;1;Guida_Tecniche_Apprendimento_Rapido_ 2026_TA.pdf · pagina PDF 33;draft_source_aligned;;uploaded_material;
CC-M15-018;Tecniche di apprendimento;Trasferimento;Debriefing;Quale obiettivo del debriefing è descritto?;Attribuire automaticamente colpe personali;Ricavare dall'esperienza un principio riutilizzabile;Evitare di distinguere fatti e interpretazioni;B;La guida collega esperienza, riflessione, concettualizzazione e nuova prova.;1;Guida_Tecniche_Apprendimento_Rapido_ 2026_TA.pdf · pagina PDF 33;draft_source_aligned;;uploaded_material;
CC-M15-019;Tecniche di apprendimento;Autovalutazione;Decisione;Quando è utile l'autovalutazione secondo la guida?;Quando misura soltanto quante pagine sono state aperte;Quando evita di considerare le lacune;Quando porta a decidere cosa consolidare o riprendere;C;La verifica riguarda ricordare, spiegare e applicare ciò che è stato studiato.;1;Guida_Tecniche_Apprendimento_Rapido_ 2026_TA.pdf · pagina PDF 34;draft_source_aligned;;uploaded_material;
CC-M15-020;Tecniche di apprendimento;Autovalutazione;Diario;Quali elementi bastano in un diario di apprendimento sintetico?;Obiettivo, lavoro svolto, errori e prossima azione;Solo il numero delle pause;Solo una valutazione generica di bravura;A;La guida propone poche righe per rendere visibili abitudini e problemi.;1;Guida_Tecniche_Apprendimento_Rapido_ 2026_TA.pdf · pagina PDF 35;draft_source_aligned;;uploaded_material;
CC-M1-021;Centrale operativa e trasmissioni;Organizzazione della Centrale;Continuità del servizio;Quale continuità oraria garantisce la Centrale Operativa descritta dalla sinossi?;Solo apertura nei giorni feriali;Solo servizio diurno;Servizio nelle 24 ore;C;La Centrale garantisce la continuità del servizio nell'intero arco delle 24 ore.;1;Sinossi centrale operativa.pdf · pagina PDF 4;draft_source_aligned;;uploaded_material;
CC-M1-022;Centrale operativa e trasmissioni;Organizzazione della Centrale;Emergenza ambientale;A quale servizio è associata la postazione 1515 nelle Centrali dove è attiva?;Emergenza ambientale;Assistenza per i rinnovi delle patenti;Informazioni sui concorsi;A;La ripartizione delle aree di lavoro comprende il 1515 per l'emergenza ambientale.;1;Sinossi centrale operativa.pdf · pagina PDF 4;draft_source_aligned;;uploaded_material;
CC-M1-023;Centrale operativa e trasmissioni;Organizzazione della Centrale;Collegamento interforze;Quando la Centrale può essere integrata con personale di un'altra Forza armata o di polizia?;Soltanto per sostituire la banca dati;Automaticamente a ogni cambio turno;Per specifiche esigenze e accordi mirati;C;La sinossi prevede personale di collegamento per esigenze specifiche in situazioni contingenti.;1;Sinossi centrale operativa.pdf · pagina PDF 4;draft_source_aligned;;uploaded_material;
CC-M1-024;Centrale operativa e trasmissioni;Coordinamento degli interventi;Scena del crimine;Quale incombenza deve essere richiamata alla prima pattuglia giunta sul luogo del fatto?;Riordinare subito gli oggetti presenti;Lasciare che i presenti raccolgano le tracce;Garantire l'integrità della scena del crimine;C;La Centrale sensibilizza la prima pattuglia alla conservazione della scena del crimine.;1;Sinossi centrale operativa.pdf · pagina PDF 5;draft_source_aligned;;uploaded_material;
CC-M1-025;Centrale operativa e trasmissioni;Coordinamento degli interventi;Rientro in servizio;Come gestisce la Centrale una pattuglia la cui presenza sul posto non è più necessaria?;La considera automaticamente fuori servizio;Ne verifica la ripresa del servizio o il reimpiego;La mantiene indefinitamente sul luogo;B;La sinossi indica la ripresa del normale servizio o l'impiego in altri interventi.;1;Sinossi centrale operativa.pdf · pagina PDF 5;draft_source_aligned;;uploaded_material;
CC-M1-026;Centrale operativa e trasmissioni;Coordinamento degli interventi;Pattuglia non reperibile;Quale iniziativa richiama la sinossi quando una pattuglia non è localizzata e non risponde via radio o telefono?;Attivare la scala gerarchica;Attendere sempre la fine del turno;Cancellare la pattuglia dal quadro dei servizi;A;La mancata localizzazione e risposta richiede l'attivazione della scala gerarchica.;1;Sinossi centrale operativa.pdf · pagina PDF 5;draft_source_aligned;;uploaded_material;
CC-M1-027;Centrale operativa e trasmissioni;Coordinamento degli interventi;Motivo della consultazione;Che cosa va riportato nel campo Estensione durante una consultazione della banca dati richiesta dai servizi esterni?;Il motivo della consultazione;Il numero di ferie dell'operatore;Una formula identica priva di motivazione;A;La sinossi richiede di registrare nel campo Estensione il motivo dell'interrogazione.;1;Sinossi centrale operativa.pdf · pagina PDF 6;draft_source_aligned;;uploaded_material;
CC-M1-028;Centrale operativa e trasmissioni;Coordinamento degli interventi;SEFUR;Quale segnalazione viene inserita attraverso SEFUR nel passaggio della sinossi?;Assenze del personale;Prenotazioni delle visite mediche;Veicoli oggetto di furto;C;SEFUR è richiamato per le segnalazioni relative ai veicoli rubati.;1;Sinossi centrale operativa.pdf · pagina PDF 6;draft_source_aligned;;uploaded_material;
CC-M1-029;Centrale operativa e trasmissioni;Organizzazione della Centrale;Nucleo Cifra;Quali documenti riguardano le attività di ricezione e invio del Nucleo Cifra?;Solo volantini pubblicitari;Esclusivamente verbali delle ferie;Messaggi e documenti coperti da classifica di sicurezza;C;La sinossi collega il Nucleo Cifra alla gestione dei documenti classificati secondo la normativa di settore.;1;Sinossi centrale operativa.pdf · pagina PDF 7;draft_source_aligned;;uploaded_material;
CC-M1-030;Centrale operativa e trasmissioni;C-Mobile;Piattaforma;Su quale piattaforma si basa il tablet C-Mobile descritto nella sinossi?;Unicamente un foglio elettronico cartaceo;Android;Una console priva di sistema operativo;B;Il sistema Carabinieri in Mobilità è descritto come basato su tablet Android.;1;Sinossi centrale operativa.pdf · pagina PDF 11;draft_source_aligned;;uploaded_material;
CC-M1-031;Centrale operativa e trasmissioni;C-Mobile;Contenuti multimediali;Quale gestione di foto e video rientra nelle funzionalità di C-Mobile?;Solo stampa senza conservazione;Solo visualizzazione di immagini pubblicitarie;Registrazione, archiviazione e invio al back-office;C;Il sistema consente di acquisire e inviare contenuti multimediali al back-office.;1;Sinossi centrale operativa.pdf · pagina PDF 11;draft_source_aligned;;uploaded_material;
CC-M1-032;Centrale operativa e trasmissioni;C-Mobile;Spie di stato;Le icone della barra delle spie di stato di C-Mobile attivano funzioni operative?;Sì, ogni icona avvia un intervento;Sì, sostituiscono i comandi di navigazione;No, indicano lo stato del terminale;C;La sinossi distingue le spie puramente indicative dai pulsanti operativi.;1;Sinossi centrale operativa.pdf · pagina PDF 13;draft_source_aligned;;uploaded_material;
CC-M1-033;Centrale operativa e trasmissioni;C-Mobile;Annullamento dell'allarme;A cosa serve il timeout che precede l'invio dell'allarme C-Mobile?;Disabilitare il collegamento alla Centrale;Consentire l'annullamento di attivazioni involontarie;Cancellare automaticamente tutte le prove;B;Il ritardo prima dell'invio permette di annullare un'attivazione accidentale.;1;Sinossi centrale operativa.pdf · pagina PDF 14;draft_source_aligned;;uploaded_material;
CC-M1-034;Centrale operativa e trasmissioni;C-Mobile;Flussi in allarme;Quali flussi sono inviati automaticamente alla Centrale quando il terminale C-Mobile è in allarme?;Soltanto l'elenco delle applicazioni;Audio e video;Soltanto il calendario del dispositivo;B;Lo stato di allarme attiva microfono e webcam per inviare audio e video alla Centrale.;1;Sinossi centrale operativa.pdf · pagina PDF 15;draft_source_aligned;;uploaded_material;
CC-M1-035;Centrale operativa e trasmissioni;Rete Gamma 400;Canale nazionale;Quale canale è indicato come canale nazionale nella rete Gamma 400 descritta?;Canale 6;Canale 3;Canale 1;A;La sinossi distingue i cinque canali locali dal canale sei a copertura nazionale.;1;Sinossi centrale operativa.pdf · pagina PDF 27;draft_source_aligned;;uploaded_material;
CC-M1-036;Centrale operativa e trasmissioni;Rete Gamma 400;Espansione territoriale;Come viene estesa territorialmente la rete Gamma 400 secondo la descrizione?;Installando altre stazioni fisse ripetitrici;Eliminando le stazioni periferiche;Aumentando soltanto il volume audio;A;L'estensione territoriale è ottenuta aggiungendo stazioni ripetitrici.;1;Sinossi centrale operativa.pdf · pagina PDF 27;draft_source_aligned;;uploaded_material;
CC-M1-037;Centrale operativa e trasmissioni;Rete Gamma 400;Stazione periferica fissa;Dove è collocata la stazione periferica fissa nella struttura descritta?;Esclusivamente su un motociclo;Solo a bordo di veicoli in movimento;Presso un Comando di Stazione o posto fisso;C;La stazione RTF 450-C è prevista presso Comandi di Stazione o posti fissi.;1;Sinossi centrale operativa.pdf · pagina PDF 27;draft_source_aligned;;uploaded_material;
CC-M1-038;Centrale operativa e trasmissioni;Rete Gamma 400;Modi di funzionamento;Quale gruppo elenca i quattro modi di funzionamento della rete descritti?;Lento, rapido, notturno e festivo;Diretto, ripetuto, semplice e automatico;Urbano, rurale, marittimo e ferroviario;B;La sinossi elenca questi quattro modi impostabili dal telecomando della stazione periferica.;1;Sinossi centrale operativa.pdf · pagina PDF 28;draft_source_aligned;;uploaded_material;
CC-M2-016;Tecniche operative e controllo del territorio;Sicurezza generale;Incolumità fisica;Quale bene tutela l'obiettivo dell'incolumità fisica nelle tecniche operative?;Esclusivamente l'efficienza dei mezzi;Solo la reputazione del reparto;Vita e integrità di operatori e terzi;C;La standardizzazione mira anche a salvaguardare la vita e l'integrità delle persone.;1;Tecniche_Intervento_Operativo_Controllo_Territorio.pdf · pagina PDF 1;draft_source_aligned;;uploaded_material;
CC-M2-017;Tecniche operative e controllo del territorio;Sicurezza generale;Appiglio tattico;Quale criterio di sicurezza richiama l'appiglio tattico nel servizio isolato?;Restare sempre esposti al centro dell'area;Ricercare costantemente una copertura efficace;Considerare irrilevante l'ambiente circostante;B;La dispensa associa l'appiglio tattico alla ricerca di copertura efficace.;1;Tecniche_Intervento_Operativo_Controllo_Territorio.pdf · pagina PDF 1;draft_source_aligned;;uploaded_material;
CC-M2-018;Tecniche operative e controllo del territorio;Sicurezza generale;Accerchiamento;Quale situazione deve essere evitata nel servizio isolato secondo la dispensa?;Mantenere attenzione all'ambiente;Valutare le condizioni di sicurezza;Farsi circondare;C;Tra le norme basilari è indicato il divieto di farsi circondare.;1;Tecniche_Intervento_Operativo_Controllo_Territorio.pdf · pagina PDF 1;draft_source_aligned;;uploaded_material;
CC-M2-019;Tecniche operative e controllo del territorio;Sicurezza generale;Spazi ristretti;Quale precauzione riguarda il servizio collettivo in spazi ristretti?;Concentrare tutti nello stesso punto senza uscita;Evitare ammassamenti e mantenere aperte le vie di fuga;Chiudere ogni uscita anche senza necessità;B;La dispensa richiede di evitare l'ammassamento e preservare le vie di fuga.;1;Tecniche_Intervento_Operativo_Controllo_Territorio.pdf · pagina PDF 1;draft_source_aligned;;uploaded_material;
CC-M2-020;Tecniche operative e controllo del territorio;Disciplina di condotta;Ripetitività;Perché il personale deve rifiutare schemi abitudinari e prevedibili nei servizi esterni?;Possono essere sfruttati dalla criminalità;Impediscono sempre il rispetto delle norme;Rendono inutili tutte le procedure standard;A;Il rifiuto della ripetitività mira a evitare prevedibilità sfruttabile da chi commette reati.;1;Tecniche_Intervento_Operativo_Controllo_Territorio.pdf · pagina PDF 2;draft_source_aligned;;uploaded_material;
CC-M2-021;Tecniche operative e controllo del territorio;Disciplina di condotta;Concentrazione;A che cosa si riferiscono concentrazione e reattività nei pilastri comportamentali?;Attenzione costante all'ambiente circostante;Distrazione volontaria dai cambiamenti;Esclusivo controllo dei documenti senza osservazione;A;Il pilastro richiama l'attenzione continua verso ciò che accade intorno agli operatori.;1;Tecniche_Intervento_Operativo_Controllo_Territorio.pdf · pagina PDF 2;draft_source_aligned;;uploaded_material;
CC-M2-022;Tecniche operative e controllo del territorio;Disciplina di condotta;Determinazione;Come viene definita una condotta determinata nella dispensa?;Priva di decisioni per evitare responsabilità;Aggressiva indipendentemente dalla situazione;Risoluta senza arroganza o comportamenti scomposti;C;La determinazione è risolutezza nell'azione entro una condotta composta.;1;Tecniche_Intervento_Operativo_Controllo_Territorio.pdf · pagina PDF 2;draft_source_aligned;;uploaded_material;
CC-M2-023;Tecniche operative e controllo del territorio;Funzioni operative;Equipaggiamento;Da quale elemento dipende la differenziazione dell'equipaggiamento individuale descritta?;Soltanto dalle preferenze personali;Dal diverso compito operativo;Esclusivamente dal giorno della settimana;B;La tipologia di funzione svolta determina un differente equipaggiamento.;1;Tecniche_Intervento_Operativo_Controllo_Territorio.pdf · pagina PDF 2;draft_source_aligned;;uploaded_material;
CC-M2-024;Tecniche operative e controllo del territorio;Controllo stradale;Finalità del posto di controllo;Quale combinazione descrive lo scopo del posto di controllo?;Prevenire reati e verificare titoli e documenti;Garantire il filtraggio totale di ogni traffico in ogni caso;Svolgere soltanto un servizio pubblicitario;A;La dispensa distingue il controllo preventivo e documentale dal posto di blocco.;1;Tecniche_Intervento_Operativo_Controllo_Territorio.pdf · pagina PDF 2;draft_source_aligned;;uploaded_material;
CC-M2-025;Tecniche operative e controllo del territorio;Controllo stradale;Visibilità;Quando devono essere indossati gli elementi segnaletici ad alta visibilità indicati per il controllo?;Appena scesi dal mezzo;Soltanto dopo il primo incidente;Solo al termine del servizio;A;L'equipaggiamento ad alta visibilità è previsto appena si scende dal veicolo.;1;Tecniche_Intervento_Operativo_Controllo_Territorio.pdf · pagina PDF 2;draft_source_aligned;;uploaded_material;
CC-M2-026;Tecniche operative e controllo del territorio;Controllo stradale;Circolazione ordinaria;Quale esigenza deve rispettare il posizionamento del mezzo di servizio?;Non creare intralcio alla circolazione ordinaria;Essere invisibile agli altri conducenti;Bloccare sempre ogni corsia senza motivo;A;La dispensa include la salvaguardia della circolazione ordinaria.;1;Tecniche_Intervento_Operativo_Controllo_Territorio.pdf · pagina PDF 2;draft_source_aligned;;uploaded_material;
CC-M2-027;Tecniche operative e controllo del territorio;Controllo stradale;Successione dei controlli;Quando va intimato l'ALT a un nuovo veicolo nel dispositivo descritto?;Prima ancora di predisporre l'area di fermata;Mentre si accumulano più veicoli senza gestione;Dopo che il precedente è ripartito;C;La dispensa indica di attendere la ripartenza del veicolo già controllato.;1;Tecniche_Intervento_Operativo_Controllo_Territorio.pdf · pagina PDF 3;draft_source_aligned;;uploaded_material;
CC-M2-028;Tecniche operative e controllo del territorio;Controllo stradale;Vigilanza sull'abitacolo;Che cosa deve osservare l'operatore di appoggio durante il controllo?;Solo i documenti già consegnati;Soltanto il proprio telefono;Abitacolo e movimenti degli occupanti;C;La vigilanza riguarda tutto l'abitacolo e i movimenti delle persone presenti.;1;Tecniche_Intervento_Operativo_Controllo_Territorio.pdf · pagina PDF 3;draft_source_aligned;;uploaded_material;
CC-M2-029;Tecniche operative e controllo del territorio;Inseguimento;Coordinamento radio;Quali dati vanno comunicati alla Centrale per coordinare l'inseguimento descritto?;Soltanto l'orario previsto di rientro;Direttrice di marcia, modello, targa e occupanti;Solo il colore della divisa degli operatori;B;Questi dati permettono alla Centrale di coordinare le altre pattuglie.;1;Tecniche_Intervento_Operativo_Controllo_Territorio.pdf · pagina PDF 4;draft_source_aligned;;uploaded_material;
CC-M2-030;Tecniche operative e controllo del territorio;Inseguimento;Prudenza stradale;L'uso congiunto di sirena e luce blu esclude le regole generali di prudenza e diligenza?;Sì, se il mezzo è di servizio;No, tali regole devono comunque essere rispettate;Sì, in ogni situazione;B;Il richiamo all'art. 177 mantiene l'obbligo di comune prudenza e diligenza.;1;Tecniche_Intervento_Operativo_Controllo_Territorio.pdf · pagina PDF 5;draft_source_aligned;;uploaded_material;
CC-M2-031;Tecniche operative e controllo del territorio;Inseguimento;Condizioni non sicure;Quale condotta indica la dispensa se mancano i presupposti di sicurezza stradale durante l'inseguimento?;Forzare l'arresto immediato in qualsiasi punto;Seguire a distanza di sicurezza mantenendo il mezzo a vista;Ignorare la presenza di altri utenti della strada;B;La dispensa prescrive di limitarsi a seguire in sicurezza quando non è possibile l'arresto del mezzo.;1;Tecniche_Intervento_Operativo_Controllo_Territorio.pdf · pagina PDF 5;draft_source_aligned;;uploaded_material;
CC-M3-016;Patenti di guida;Durata delle patenti;Gruppo C prima dei 65 anni;Quale durata riporta lo schema per C1, C1E, C e CE fino a 65 anni?;Cinque anni;Un anno;Dieci anni;A;Il riepilogo del gruppo C indica una validità di cinque anni fino a 65 anni.;2;Schema_Patenti_di_Guida_CDS_2026.pdf · pagina PDF 1;draft_source_aligned;;uploaded_material;
CC-M3-017;Patenti di guida;Durata delle patenti;Gruppo C dopo i 65 anni;Quale durata prevede lo schema per il gruppo C oltre 65 anni, previo accertamento medico indicato?;Due anni;Cinque anni;Dieci anni;A;Oltre 65 anni lo schema richiede l'accertamento in Commissione medica locale e indica due anni.;2;Schema_Patenti_di_Guida_CDS_2026.pdf · pagina PDF 1;draft_source_aligned;;uploaded_material;
CC-M3-018;Patenti di guida;Durata delle patenti;Commissione medica;Quale organo viene citato per l'accertamento dei requisiti del gruppo C oltre 65 anni?;Segreteria della scuola guida senza visita;Commissione medica locale;Ufficio postale;B;Il documento cita la Commissione medica locale per i requisiti fisici e psichici.;2;Schema_Patenti_di_Guida_CDS_2026.pdf · pagina PDF 1;draft_source_aligned;;uploaded_material;
CC-M3-019;Patenti di guida;Durata delle patenti;Gruppo D durata ordinaria;Quale validità ordinaria indica lo schema per D1, D1E, D e DE?;Cinque anni;Due mesi;Dieci anni;A;Il gruppo delle patenti per trasporto persone è riepilogato con durata ordinaria quinquennale.;2;Schema_Patenti_di_Guida_CDS_2026.pdf · pagina PDF 1;draft_source_aligned;;uploaded_material;
CC-M3-020;Patenti di guida;Durata delle patenti;Gruppo D dopo i 70 anni;Dal compimento dei 70 anni quale validità indica lo schema per il gruppo D?;Tre anni;Dieci anni;Cinque anni;A;Lo schema riporta una durata triennale da 70 anni per il gruppo D.;2;Schema_Patenti_di_Guida_CDS_2026.pdf · pagina PDF 1;draft_source_aligned;;uploaded_material;
CC-M3-021;Patenti di guida;Trasporto persone;Categorie D1;Quale età minima riporta lo schema per D1 e D1E?;Ventuno anni;Diciotto anni;Sedici anni;A;D1 e D1E sono entrambe associate all'età di 21 anni.;2;Schema_Patenti_di_Guida_CDS_2026.pdf · pagina PDF 1;draft_source_aligned;;uploaded_material;
CC-M3-022;Patenti di guida;Neopatentati;Durata dei limiti;Per quanti anni si applicano i limiti per neopatentati riepilogati nello schema?;Cinque anni dal rinnovo;Tre anni dal conseguimento;Un solo mese;B;Il riepilogo indica il periodo dei primi tre anni dal conseguimento.;2;Schema_Patenti_di_Guida_CDS_2026.pdf · pagina PDF 2;draft_source_aligned;;uploaded_material;
CC-M3-023;Patenti di guida;Neopatentati;Decorrenza della regola B;Da quale data di conseguimento della patente B lo schema richiama i nuovi limiti di potenza indicati?;1 gennaio 2010;14 luglio 2026;14 dicembre 2024;C;Lo schema collega tali limiti alle patenti B conseguite dal 14 dicembre 2024.;2;Schema_Patenti_di_Guida_CDS_2026.pdf · pagina PDF 2;draft_source_aligned;;uploaded_material;
CC-M3-024;Patenti di guida;Neopatentati;Potenza specifica;Quale limite di potenza specifica rispetto alla tara è riportato per i neopatentati B interessati?;105 kW per tonnellata;75 kW per tonnellata;150 kW per tonnellata;B;La pagina leggibile indica il limite di 75 kW/t.;2;Schema_Patenti_di_Guida_CDS_2026.pdf · pagina PDF 2;draft_source_aligned;;uploaded_material;
CC-M3-025;Patenti di guida;Neopatentati;Potenza massima M1;Quale ulteriore limite di potenza massima indica lo schema per i veicoli M1 dei neopatentati B interessati?;105 kW;75 kW;210 kW;A;Per i veicoli M1 la dispensa aggiunge il limite di potenza massima di 105 kW.;2;Schema_Patenti_di_Guida_CDS_2026.pdf · pagina PDF 2;draft_source_aligned;;uploaded_material;
CC-M4-046;Diritto penale e penale militare;Struttura del reato;Tentativo;Per quale categoria di reati la sinossi considera configurabile, di regola, il tentativo?;Delitti;Tutte le contravvenzioni senza distinzione;Sole violazioni disciplinari;A;La distinzione tra delitti e contravvenzioni rileva anche perché il tentativo riguarda di regola i delitti.;2;DIRITTO PENALE E PEN. MIL. 2026 RM(1).pdf · pagina PDF 17;draft_source_aligned;;uploaded_material;
CC-M4-047;Diritto penale e penale militare;Struttura del reato;Soggetto passivo;Chi è il soggetto passivo del reato nella definizione della sinossi?;Sempre il pubblico ministero;Il titolare del bene giuridico protetto;Chiunque assista materialmente al fatto;B;La persona offesa è il titolare dell'interesse protetto dalla norma incriminatrice.;2;DIRITTO PENALE E PEN. MIL. 2026 RM(1).pdf · pagina PDF 18;draft_source_aligned;;uploaded_material;
CC-M4-048;Diritto penale e penale militare;Struttura del reato;Pluralità necessaria;Quale caratteristica distingue un reato plurisoggettivo?;Può essere commesso soltanto da un giudice;Richiede necessariamente più autori;Deve avere sempre più persone offese;B;La pluralità degli autori è necessaria alla configurazione dei reati plurisoggettivi.;2;DIRITTO PENALE E PEN. MIL. 2026 RM(1).pdf · pagina PDF 18;draft_source_aligned;;uploaded_material;
CC-M4-049;Diritto penale e penale militare;Struttura del reato;Oggetto materiale;Nel furto di un gioiello, quale elemento è l'oggetto materiale?;La funzione legislativa del Parlamento;Il gioiello concretamente sottratto;Il patrimonio inteso come bene giuridico;B;"L'oggetto materiale è la cosa su cui incide la condotta; il patrimonio è invece l'oggetto giuridico.";2;DIRITTO PENALE E PEN. MIL. 2026 RM(1).pdf · pagina PDF 19;draft_source_aligned;;uploaded_material;
CC-M4-050;Diritto penale e penale militare;Struttura del reato;Reato di evento;Quale elemento caratterizza i reati di evento descritti?;Un risultato esteriore legato causalmente alla condotta;La necessaria assenza di conseguenze;La sola violazione di una regola di cortesia;A;Nei reati di evento la fattispecie comprende un risultato esteriore dell'azione.;2;DIRITTO PENALE E PEN. MIL. 2026 RM(1).pdf · pagina PDF 23;draft_source_aligned;;uploaded_material;
CC-M4-051;Diritto penale e penale militare;Struttura del reato;Forma vincolata;Quando un reato è definito a forma vincolata?;Quando l'autore sceglie la pena;Quando qualunque risultato è sempre irrilevante;Quando la norma specifica le modalità di produzione del risultato;C;La forma vincolata implica che il legislatore descriva le modalità della condotta lesiva.;2;DIRITTO PENALE E PEN. MIL. 2026 RM(1).pdf · pagina PDF 23;draft_source_aligned;;uploaded_material;
CC-M4-052;Diritto penale e penale militare;Struttura del reato;Reati propri;Che cosa distingue un reato proprio da un reato comune?;Una particolare qualifica o posizione dell'autore;La necessità di almeno tre vittime;L'assenza di una norma incriminatrice;A;Il reato proprio può essere commesso solo da chi riveste la qualifica richiesta.;2;DIRITTO PENALE E PEN. MIL. 2026 RM(1).pdf · pagina PDF 24;draft_source_aligned;;uploaded_material;
CC-M4-053;Diritto penale e penale militare;Elemento soggettivo;Dolo eventuale;Quale atteggiamento descrive il dolo eventuale nella sinossi?;Agire senza alcuna coscienza della condotta;Escludere con certezza ogni conseguenza;Prevedere e accettare l'evento come possibile conseguenza;C;La sinossi richiama la previsione e l'accettazione dell'evento possibile.;2;DIRITTO PENALE E PEN. MIL. 2026 RM(1).pdf · pagina PDF 27;draft_source_aligned;;uploaded_material;
CC-M4-054;Diritto penale e penale militare;Elemento soggettivo;Regole cautelari;Quali criteri guidano l'individuazione delle misure precauzionali nella colpa?;Prevedibilità ed evitabilità dell'evento;Solo il risultato economico dell'azione;Soltanto l'opinione successiva dell'autore;A;Le cautele sono individuate in base alla prevedibilità e alla possibilità di evitare l'evento.;2;DIRITTO PENALE E PEN. MIL. 2026 RM(1).pdf · pagina PDF 28;draft_source_aligned;;uploaded_material;
CC-M4-055;Diritto penale e penale militare;Delitti contro il patrimonio;Rapina;Quale elemento si aggiunge alla sottrazione della cosa nella rapina descritta?;Il consenso libero del proprietario;Un mero errore di registrazione;Violenza o minaccia alla persona;C;La rapina combina gli elementi patrimoniali del furto con violenza o minaccia alla persona.;2;DIRITTO PENALE E PEN. MIL. 2026 RM(1).pdf · pagina PDF 93;draft_source_aligned;;uploaded_material;
CC-M4-056;Diritto penale e penale militare;Delitti contro il patrimonio;Truffa;Quale mezzo caratterizza la condotta di truffa nella sinossi?;Artifici o raggiri che inducono in errore;Qualunque ritardo anche senza inganno;Solo una richiesta onesta accettata consapevolmente;A;L'art. 640 è illustrato attraverso inganno, errore, profitto ingiusto e danno altrui.;2;DIRITTO PENALE E PEN. MIL. 2026 RM(1).pdf · pagina PDF 96;draft_source_aligned;;uploaded_material;
CC-M4-057;Diritto penale e penale militare;Delitti contro il patrimonio;Finto carabiniere;Come viene qualificata nella sinossi la truffa del finto carabiniere?;Condotta sempre lecita se telefonica;Reato autonomo separato dalla truffa;Modalità di esecuzione della truffa;C;L'approfondimento precisa che si tratta di una modalità della truffa e non di un reato autonomo.;2;DIRITTO PENALE E PEN. MIL. 2026 RM(1).pdf · pagina PDF 98;draft_source_aligned;;uploaded_material;
CC-M4-058;Diritto penale e penale militare;Delitti contro il patrimonio;Usura presunta;Quale criterio caratterizza l'usura presunta nel testo?;Qualunque prestito senza interessi;Il solo mancato pagamento di una rata;Superamento del limite di interesse stabilito per legge;C;Il superamento del limite legale rende gli interessi usurari secondo il criterio descritto.;2;DIRITTO PENALE E PEN. MIL. 2026 RM(1).pdf · pagina PDF 108;draft_source_aligned;;uploaded_material;
CC-M4-059;Diritto penale e penale militare;Delitti contro il patrimonio;Riciclaggio;Quale finalità delle operazioni caratterizza il riciclaggio descritto?;Donare soltanto beni leciti documentati;Rendere sempre pubblica la provenienza dei beni;Ostacolare l'identificazione della provenienza delittuosa;C;La sostituzione, il trasferimento e le altre operazioni sono collegati all'ostacolo all'identificazione dell'origine.;2;DIRITTO PENALE E PEN. MIL. 2026 RM(1).pdf · pagina PDF 111;draft_source_aligned;;uploaded_material;
CC-M4-060;Diritto penale e penale militare;Delitti contro la persona;Percosse;Quale assenza distingue le percosse dalla lesione personale nel passo riportato?;Assenza di qualsiasi contatto fisico;Assenza di malattia nel corpo o nella mente;Assenza necessaria della persona offesa;B;L'art. 581 è descritto come percuotere senza causare una malattia fisica o mentale.;2;DIRITTO PENALE E PEN. MIL. 2026 RM(1).pdf · pagina PDF 117;draft_source_aligned;;uploaded_material;
CC-M4-061;Diritto penale e penale militare;Delitti contro la persona;Omicidio stradale;Quale forma dell'elemento soggettivo è richiamata per l'omicidio stradale descritto?;Colpa;Dolo necessario in ogni caso;Responsabilità del tutto priva di condotta;A;La sinossi presenta la morte causata per colpa violando le norme di circolazione.;2;DIRITTO PENALE E PEN. MIL. 2026 RM(1).pdf · pagina PDF 117;draft_source_aligned;;uploaded_material;
CC-M4-062;Diritto penale e penale militare;Delitti contro la persona;Lesioni gravissime;Quale conseguenza è elencata tra le lesioni gravissime?;Una lesione materiale a un oggetto;Perdita di un senso;Un semplice spavento senza malattia;B;La perdita di un senso figura tra gli esiti qualificati come gravissimi.;2;DIRITTO PENALE E PEN. MIL. 2026 RM(1).pdf · pagina PDF 122;draft_source_aligned;;uploaded_material;
CC-M4-063;Diritto penale e penale militare;Delitti contro la persona;Diffamazione;Quale condotta comunicativa descrive la diffamazione nel testo?;Informare soltanto il proprio avvocato di un fatto vero senza offese;Formulare una richiesta privata rispettosa;Offendere la reputazione altrui comunicando con più persone;C;La descrizione dell'art. 595 richiama l'offesa alla reputazione attraverso comunicazione con più persone.;2;DIRITTO PENALE E PEN. MIL. 2026 RM(1).pdf · pagina PDF 127;draft_source_aligned;;uploaded_material;
CC-M4-064;Diritto penale e penale militare;Diritto penale militare;Categoria dei reati;Come sono classificati i reati previsti dai codici penali militari vigenti nella sinossi?;Tutti come semplici infrazioni amministrative;Tutti come contravvenzioni;Tutti come delitti;C;Il testo precisa che non vi è la distinzione comune tra delitti e contravvenzioni.;2;DIRITTO PENALE E PEN. MIL. 2026 RM(1).pdf · pagina PDF 162;draft_source_aligned;;uploaded_material;
CC-M4-065;Diritto penale e penale militare;Diritto penale militare;Ubriachezza in servizio;Quale effetto dell'ubriachezza rileva nella fattispecie militare descritta?;Rendere irrilevante qualsiasi mansione;Escludere o menomare la capacità di prestare servizio;Comportare automaticamente un congedo volontario;B;La norma riguarda lo stato che compromette la capacità di svolgere il servizio.;2;DIRITTO PENALE E PEN. MIL. 2026 RM(1).pdf · pagina PDF 170;draft_source_aligned;;uploaded_material;
CC-M6-021;Diritto costituzionale;Fonti dell'ordinamento;Assemblea Costituente;Quando fu eletta l'Assemblea Costituente indicata nella dispensa?;1 gennaio 1948;2 giugno 1946;25 aprile 1960;B;Il documento colloca l'elezione dell'Assemblea al 2 giugno 1946.;2;Diritto Costituzionale 2026 IG(1).pdf · pagina PDF 8;draft_source_aligned;;uploaded_material;
CC-M6-022;Diritto costituzionale;Fonti dell'ordinamento;Commissione dei 75;Quale incarico ricevette la Commissione dei 75?;Elaborare un progetto di Costituzione;Eleggere ogni sindaco italiano;Dirigere le Forze armate;A;La Commissione fu incaricata di predisporre il progetto costituzionale.;2;Diritto Costituzionale 2026 IG(1).pdf · pagina PDF 8;draft_source_aligned;;uploaded_material;
CC-M6-023;Diritto costituzionale;Fonti dell'ordinamento;Vincoli della delega;Quali limiti deve fissare la legge di delega secondo la dispensa?;Nessun limite all'attività del Governo;Soltanto il nome del ministro;Oggetto definito, tempo limitato, principi e criteri direttivi;C;La delegazione legislativa è delimitata per oggetto, durata e criteri.;2;Diritto Costituzionale 2026 IG(1).pdf · pagina PDF 10;draft_source_aligned;;uploaded_material;
CC-M6-024;Diritto costituzionale;Fonti dell'ordinamento;Decreto non convertito;Quale effetto produce la mancata conversione del decreto-legge entro il termine?;Validità permanente senza Parlamento;Perdita di efficacia sin dall'inizio;Trasformazione automatica in Costituzione;B;Il documento descrive la decadenza con effetto fin dall'origine.;2;Diritto Costituzionale 2026 IG(1).pdf · pagina PDF 11;draft_source_aligned;;uploaded_material;
CC-M6-025;Diritto costituzionale;Fonti dell'ordinamento;Statuto regionale;Quale organo approva lo Statuto di una Regione ordinaria nella procedura riportata?;Questore;Comando provinciale;Consiglio regionale;C;La dispensa richiama la legge approvata dal Consiglio regionale secondo l'art. 123.;2;Diritto Costituzionale 2026 IG(1).pdf · pagina PDF 12;draft_source_aligned;;uploaded_material;
CC-M6-026;Diritto costituzionale;Principi fondamentali;Collocazione;Quali articoli contengono i principi fondamentali della Costituzione nel riepilogo?;Esclusivamente gli articoli sul Governo;I primi dodici;Soltanto gli ultimi due;B;La dispensa individua nei primi dodici articoli i principi fondamentali.;2;Diritto Costituzionale 2026 IG(1).pdf · pagina PDF 13;draft_source_aligned;;uploaded_material;
CC-M6-027;Diritto costituzionale;Rapporti civili;Residenza;Come distingue il testo la residenza dal domicilio civilistico?;La residenza è sempre la sede del Parlamento;La residenza coincide necessariamente con il luogo di nascita;La residenza è il luogo della dimora abituale;C;Il testo distingue dimora abituale e sede principale degli affari e interessi.;2;Diritto Costituzionale 2026 IG(1).pdf · pagina PDF 19;draft_source_aligned;;uploaded_material;
CC-M6-028;Diritto costituzionale;Rapporti civili;Comunicazioni telematiche;La tutela della segretezza può riguardare anche una comunicazione telematica?;Sì, se il mezzo è idoneo a garantire la segretezza del messaggio;No, riguarda solo lettere cartacee;No, riguarda soltanto conversazioni in presenza;A;La dispensa estende la tutela alle diverse forme di comunicazione, comprese quelle telematiche.;2;Diritto Costituzionale 2026 IG(1).pdf · pagina PDF 20;draft_source_aligned;;uploaded_material;
CC-M6-029;Diritto costituzionale;Rapporti civili;Associazione e riunione;Quale caratteristica distingue l'associazione dalla riunione nel testo?;Organizzazione e tendenziale stabilità;Necessaria assenza di partecipanti;Solo la presenza di un edificio pubblico;A;La base volontaria, l'organizzazione e la stabilità distinguono la formazione associativa.;2;Diritto Costituzionale 2026 IG(1).pdf · pagina PDF 23;draft_source_aligned;;uploaded_material;
CC-M6-030;Diritto costituzionale;Rapporti civili;Libertà negativa;Quale facoltà comprende la libertà di associazione descritta?;L'obbligo di entrare in qualsiasi gruppo;Anche il diritto di non associarsi;Solo il diritto del gruppo di imporre iscrizioni;B;La garanzia tutela la libera adesione e la libertà negativa di non associarsi.;2;Diritto Costituzionale 2026 IG(1).pdf · pagina PDF 23;draft_source_aligned;;uploaded_material;
CC-M6-031;Diritto costituzionale;Rapporti civili;Associazioni paramilitari;Quale combinazione è vietata dall'art. 18 nel passaggio riportato?;Ogni gruppo di studio con un coordinatore;Qualunque attività sportiva organizzata;Scopi politici e organizzazione di carattere militare;C;Il divieto concerne la combinazione di fini politici e struttura militare.;2;Diritto Costituzionale 2026 IG(1).pdf · pagina PDF 24;draft_source_aligned;;uploaded_material;
CC-M6-032;Diritto costituzionale;Rapporti civili;Stampa;Quali controlli preventivi sulla stampa sono vietati nel riepilogo costituzionale?;Autorizzazioni e censure;Solo la correzione volontaria delle bozze;Solo il deposito nelle biblioteche;A;La dispensa richiama il divieto di autorizzazioni preventive e censure.;2;Diritto Costituzionale 2026 IG(1).pdf · pagina PDF 26;draft_source_aligned;;uploaded_material;
CC-M6-033;Diritto costituzionale;Rapporti civili;Giudice naturale;Che cosa tutela la precostituzione del giudice?;Individuazione per legge prima del fatto;Nomina di un giudice straordinario per ogni singola accusa;Scelta del giudice da parte dell'accusato dopo il fatto;A;La precostituzione impedisce la creazione a posteriori di un giudice per il singolo caso.;2;Diritto Costituzionale 2026 IG(1).pdf · pagina PDF 28;draft_source_aligned;;uploaded_material;
CC-M6-034;Diritto costituzionale;Rapporti civili;Pubblici dipendenti;A chi si estende la responsabilità civile per atti dei dipendenti pubblici compiuti in violazione di diritti?;Soltanto ai vicini della persona offesa;Esclusivamente alla famiglia del dipendente;Allo Stato e agli enti pubblici;C;La dispensa riporta l'estensione della responsabilità civile prevista dall'art. 28.;2;Diritto Costituzionale 2026 IG(1).pdf · pagina PDF 29;draft_source_aligned;;uploaded_material;
CC-M6-035;Diritto costituzionale;Rapporti etico-sociali;Coniugi;Su quale principio è ordinato il matrimonio secondo l'art. 29 riportato?;Supremazia necessaria di un coniuge;Assenza di ogni dovere reciproco;Uguaglianza morale e giuridica dei coniugi;C;La norma richiama l'uguaglianza morale e giuridica all'interno del matrimonio.;2;Diritto Costituzionale 2026 IG(1).pdf · pagina PDF 30;draft_source_aligned;;uploaded_material;
CC-M6-036;Diritto costituzionale;Rapporti etico-sociali;Doveri verso i figli;Quale dovere-diritto dei genitori riporta l'art. 30?;Limitarsi a registrare la nascita;Mantenere, istruire ed educare i figli;Delegare sempre ogni cura senza responsabilità;B;Il testo costituzionale richiama mantenimento, istruzione ed educazione.;2;Diritto Costituzionale 2026 IG(1).pdf · pagina PDF 31;draft_source_aligned;;uploaded_material;
CC-M6-037;Diritto costituzionale;Rapporti etico-sociali;Stato di figlio;Quale principio supera la distinzione tra figli legittimi e illegittimi nel testo?;Privazione delle tutele per i figli adottivi;Diritti determinati soltanto dal cognome;Unicità dello stato di figlio;C;La dispensa descrive la tutela uniforme dei figli indipendentemente dall'origine del legame.;2;Diritto Costituzionale 2026 IG(1).pdf · pagina PDF 32;draft_source_aligned;;uploaded_material;
CC-M6-038;Diritto costituzionale;Rapporti etico-sociali;Trattamento sanitario;Quale fonte è necessaria per imporre un determinato trattamento sanitario?;Qualunque comunicazione anonima;Una disposizione di legge;Una semplice preferenza del vicino;B;La dispensa richiama la riserva di legge e il rispetto della persona umana.;2;Diritto Costituzionale 2026 IG(1).pdf · pagina PDF 33;draft_source_aligned;;uploaded_material;
CC-M6-039;Diritto costituzionale;Rapporti politici;Difesa della Patria;Come qualifica l'art. 52 la difesa della Patria?;Obbligo privo di qualsiasi disciplina legislativa;Facoltà riservata esclusivamente agli amministratori;Sacro dovere del cittadino;C;Il testo riporta la qualificazione costituzionale della difesa della Patria.;2;Diritto Costituzionale 2026 IG(1).pdf · pagina PDF 35;draft_source_aligned;;uploaded_material;
CC-M6-040;Diritto costituzionale;Rapporti politici;Funzioni pubbliche;Come devono essere adempiute le funzioni pubbliche secondo l'art. 54?;Solo secondo convenienza personale;Senza osservare la Costituzione;Con disciplina e onore;C;La dispensa richiama disciplina, onore e giuramento nei casi stabiliti dalla legge.;2;Diritto Costituzionale 2026 IG(1).pdf · pagina PDF 36;draft_source_aligned;;uploaded_material;
CC-M5-026;SDI;Tutela dei dati;Rispondenza documentale;Chi è responsabile dell'esatta rispondenza dei dati SDI ai documenti originali nel passaggio della sinossi?;Esclusivamente il produttore del computer;Capi degli uffici e comandanti dei reparti;Solo i cittadini che consultano il sito pubblico;B;La sinossi attribuisce tale responsabilità ai capi degli uffici e ai comandanti dei reparti.;2;SDI 2026 RM.pdf · pagina PDF 7;draft_source_aligned;;uploaded_material;
CC-M5-027;SDI;Tutela dei dati;Necessità del trattamento;Quale criterio generale limita il periodo di trattamento dei dati di polizia nel testo?;Conservare sempre tutto senza una finalità;Eliminare ogni dato prima dell'inserimento;Non superare il tempo necessario agli scopi specifici;C;La conservazione è collegata agli scopi per cui i dati sono stati raccolti.;2;SDI 2026 RM.pdf · pagina PDF 9;draft_source_aligned;;uploaded_material;
CC-M5-028;SDI;Tutela dei dati;Dati sensibili;È consentita la raccolta di dati per il solo fatto dell'origine razziale o della fede religiosa?;Sì, senza alcuna finalità di polizia;No, il testo richiama un divieto generale;Sì, purché il dato sia interessante all'operatore;B;La sinossi richiama il divieto di raccolta basata soltanto su queste caratteristiche personali.;2;SDI 2026 RM.pdf · pagina PDF 10;draft_source_aligned;;uploaded_material;
CC-M5-029;SDI;Tutela dei dati;Accesso abusivo;Quale articolo del codice penale è richiamato per l'accesso abusivo a un sistema informatico?;Art. 615-ter c.p.;Art. 581 c.p.;Art. 640 c.p.;A;La sezione sulla sicurezza riporta l'art. 615-ter per l'introduzione o permanenza abusiva nel sistema.;2;SDI 2026 RM.pdf · pagina PDF 12;draft_source_aligned;;uploaded_material;
CC-M5-030;SDI;Tutela dei dati;Statistica del personale;Che cosa permette di conoscere l'applicativo Statistica del Personale descritto?;Soltanto il saldo del carburante;Numero degli accessi e dettagli delle consultazioni dei dipendenti;Solo il numero di abitanti della provincia;B;L'applicativo offre report sugli accessi del personale e sulle consultazioni effettuate.;2;SDI 2026 RM.pdf · pagina PDF 13;draft_source_aligned;;uploaded_material;
CC-M5-031;SDI;Tutela dei dati;Log degli accessi;Che cosa si può richiedere al CED Interforze per verificare gli accessi?;La sostituzione di tutti i documenti originali;Una cancellazione automatica della cronologia;Il tracciamento LOG degli accessi;C;La sinossi richiama la possibilità di richiedere il tracciamento degli accessi.;2;SDI 2026 RM.pdf · pagina PDF 13;draft_source_aligned;;uploaded_material;
CC-M5-032;SDI;Tutela dei dati;Titolare;Chi rappresenta l'Arma quale titolare del trattamento nella sinossi?;Qualunque utente occasionale;Il Comandante Generale;Ogni persona oggetto di controllo;B;Il titolare è individuato nell'Arma rappresentata dal Comandante Generale.;2;SDI 2026 RM.pdf · pagina PDF 16;draft_source_aligned;;uploaded_material;
CC-M5-033;SDI;Tutela dei dati;Dati trattati irregolarmente;Di quale conseguenza devono essere informati i dipendenti per i dati trattati in violazione della disciplina?;Automatico aumento della loro attendibilità;Libera diffusione al pubblico;Inutilizzabilità dei dati personali;C;La sinossi richiede di rendere edotto il personale dell'inutilizzabilità dei dati trattati irregolarmente.;2;SDI 2026 RM.pdf · pagina PDF 17;draft_source_aligned;;uploaded_material;
CC-M5-034;SDI;Profili di accesso;Centrale Operativa;Quale limite informativo riguarda l'operatore di Centrale Operativa nel testo?;Possibilità di modificare qualunque sentenza;Accesso ai dati di sintesi relativi ai provvedimenti in atto;Accesso illimitato a ogni precedente storicizzato;B;La sinossi distingue il profilo della Centrale dall'accesso ai precedenti storicizzati.;2;SDI 2026 RM.pdf · pagina PDF 21;draft_source_aligned;;uploaded_material;
CC-M5-035;SDI;Autorizzazioni;Generazione credenziali;Con quale applicazione il Focal Point genera le credenziali descritte?;Gestione Sicurezza;Arma-Poste;Ge.Pa.V.;A;Il testo indica l'applicazione dedicata Gestione Sicurezza.;2;SDI 2026 RM.pdf · pagina PDF 23;draft_source_aligned;;uploaded_material;
CC-M5-036;SDI;Autorizzazioni;Codice ufficio lunghezza;Da quanti caratteri è composto il codice ufficio descritto?;Dodici lettere;Quattro sole cifre;Sei caratteri alfanumerici;C;La sinossi definisce il codice ufficio come composto da sei caratteri alfanumerici.;2;SDI 2026 RM.pdf · pagina PDF 24;draft_source_aligned;;uploaded_material;
CC-M5-037;SDI;Autorizzazioni;Provincia nel codice;Che cosa identificano i primi due caratteri del codice ufficio?;La provincia dell'ufficio;L'età dell'operatore;Il livello della password;A;La struttura del codice associa i primi due caratteri alla provincia.;2;SDI 2026 RM.pdf · pagina PDF 24;draft_source_aligned;;uploaded_material;
CC-M5-038;SDI;Autorizzazioni;Forza di polizia nel codice;Quale parte del codice ufficio identifica la forza di polizia?;Il terzo carattere;Gli ultimi due caratteri soltanto;Il primo carattere soltanto;A;La sinossi attribuisce al terzo carattere l'identificazione della forza di polizia.;2;SDI 2026 RM.pdf · pagina PDF 24;draft_source_aligned;;uploaded_material;
CC-M5-039;SDI;Architettura SDI;Anagrafica veicoli;Quale gruppo di dati descrive l'anagrafica unica di un veicolo?;Grado, ruolo e stipendio;Fabbrica, modello e telaio;Cognome, nome e luogo di nascita;B;Il testo riporta fabbrica, modello e telaio tra i dati degli oggetti veicolo.;2;SDI 2026 RM.pdf · pagina PDF 27;draft_source_aligned;;uploaded_material;
CC-M5-040;SDI;Architettura SDI;Fonte originaria;In caso di procedimento, a quale fonte deve essere riferito l'accertamento secondo il richiamo della sinossi?;Documento cartaceo come fonte originaria;Una schermata anonima senza origine;Soltanto il ricordo informale dell'operatore;A;Il testo richiama l'art. 10 della legge 121/1981 e il documento originario.;2;SDI 2026 RM.pdf · pagina PDF 28;draft_source_aligned;;uploaded_material;
CC-M5-041;SDI;Architettura SDI;Ruolo di soggetti e oggetti;Che cosa esprime il Ruolo associato a un soggetto o oggetto in una comunicazione?;Il motivo della sua inclusione nella comunicazione;La sua password personale;Il numero di copie stampate;A;Il Ruolo descrive perché l'entità è collegata alla comunicazione e inserita in banca dati.;2;SDI 2026 RM.pdf · pagina PDF 30;draft_source_aligned;;uploaded_material;
CC-M5-042;SDI;Alimentazione SDI;Tempestività;Quale indicazione temporale riguarda la trasmissione dei dati in banca dati?;Soltanto una volta all'anno;Senza ritardo;Solo dopo la cancellazione degli originali;B;La sezione sull'alimentazione richiama la raccolta e trasmissione sistematica senza ritardo.;2;SDI 2026 RM.pdf · pagina PDF 35;draft_source_aligned;;uploaded_material;
CC-M5-043;SDI;Alimentazione SDI;Composizione del fatto;Un Fatto SDI può comprendere più Tipi Fatto o Eventi?;No, può contenere soltanto un nome;No, deve essere sempre privo di eventi;Sì, uno o più;C;La sinossi precisa che il Fatto SDI può essere composto da uno o più Tipi Fatto o Eventi.;2;SDI 2026 RM.pdf · pagina PDF 36;draft_source_aligned;;uploaded_material;
CC-M7-021;Diritto di polizia;Misure di prevenzione;Distinzione;Quale distinzione generale riguarda le misure di prevenzione nella dispensa?;Soltanto verbali e telefoniche;Personali e patrimoniali;Solo definitive e pubblicitarie;B;Le misure sono distinte secondo l'incidenza sulla persona o sul patrimonio.;2;DIRITTO POLIZIA 2026 TA.pdf · pagina PDF 15;draft_source_aligned;;uploaded_material;
CC-M7-022;Diritto di polizia;Misure di prevenzione;Misure patrimoniali;Su quale ambito incidono le misure di prevenzione patrimoniali?;Solo calendario delle ferie;Patrimonio;Esclusivamente il diritto di voto;B;La dispensa contrappone l'incidenza patrimoniale a quella personale o sulla circolazione.;2;DIRITTO POLIZIA 2026 TA.pdf · pagina PDF 15;draft_source_aligned;;uploaded_material;
CC-M7-023;Diritto di polizia;Misure di prevenzione;Effetti interdittivi;Quale effetto interdittivo è elencato nel testo?;Obbligo di rilasciare nuove licenze senza verifica;Automatico annullamento di tutte le norme;Impossibilità di ottenere determinate licenze e autorizzazioni;C;La dispensa include impedimenti e decadenze riguardanti licenze e autorizzazioni.;2;DIRITTO POLIZIA 2026 TA.pdf · pagina PDF 16;draft_source_aligned;;uploaded_material;
CC-M7-024;Diritto di polizia;Misure di prevenzione;Ammonimento;A quale autorità è rivolta la richiesta di ammonimento descritta per atti persecutori?;Sindaco quale giudice penale;Questore;Presidente del Parlamento europeo;B;Il passaggio richiama la richiesta al Questore e l'acquisizione delle informazioni necessarie.;2;DIRITTO POLIZIA 2026 TA.pdf · pagina PDF 18;draft_source_aligned;;uploaded_material;
CC-M7-025;Diritto di polizia;Illecito amministrativo;Organi accertatori;L'accertamento di violazioni amministrative è riservato esclusivamente alla polizia giudiziaria?;No, possono procedere anche altri organi addetti alla vigilanza;Sì, in qualunque settore senza eccezioni;Sì, ma solo gli ufficiali superiori;A;La dispensa elenca anche altri organi incaricati dell'osservanza delle norme amministrative.;2;DIRITTO POLIZIA 2026 TA.pdf · pagina PDF 23;draft_source_aligned;;uploaded_material;
CC-M7-026;Diritto di polizia;Illecito amministrativo;Contenuti del verbale;Quale dato deve essere indicato nel verbale di accertamento?;Un commento senza indicare alcuna norma;Solo il colore della penna usata;Violazione accertata e norma violata;C;Il verbale deve individuare la violazione e il relativo riferimento normativo.;2;DIRITTO POLIZIA 2026 TA.pdf · pagina PDF 24;draft_source_aligned;;uploaded_material;
CC-M7-027;Diritto di polizia;Illecito amministrativo;Difesa dell'interessato;Quale informazione difensiva deve figurare nel verbale descritto?;Autorità competente cui presentare scritti, documenti o richiesta di audizione;Solo l'indirizzo di un negozio vicino;Divieto assoluto di formulare osservazioni;A;La dispensa richiede di indicare l'autorità e le possibilità difensive dell'interessato.;2;DIRITTO POLIZIA 2026 TA.pdf · pagina PDF 24;draft_source_aligned;;uploaded_material;
CC-M7-028;Diritto di polizia;Illecito amministrativo;Autonomia delle regole;Le norme del codice penale sulla ricerca di reati si applicano automaticamente agli accertamenti amministrativi?;Sì, senza alcuna distinzione;No, occorre riferirsi agli strumenti previsti per l'attività amministrativa;Sì, perché ogni illecito amministrativo è un delitto;B;Il testo distingue gli strumenti amministrativi dalle regole generali dell'accertamento penale.;2;DIRITTO POLIZIA 2026 TA.pdf · pagina PDF 25;draft_source_aligned;;uploaded_material;
CC-M7-029;Diritto di polizia;Riunioni e luoghi;Luogo pubblico;Quale esempio corrisponde a un luogo pubblico nel testo?;Piazza liberamente accessibile;Abitazione privata senza accesso al pubblico;Locale riservato al solo proprietario;A;Il luogo pubblico consente a chiunque di transitare e trattenersi liberamente.;2;DIRITTO POLIZIA 2026 TA.pdf · pagina PDF 30;draft_source_aligned;;uploaded_material;
CC-M7-030;Diritto di polizia;Riunioni e luoghi;Luogo aperto al pubblico;Quale caratteristica distingue un luogo aperto al pubblico?;Accesso sottoposto a condizioni poste da chi ne dispone;Accesso possibile esclusivamente ai residenti di un'abitazione;Necessaria assenza di qualunque gestione;A;La disponibilità privata del luogo può accompagnarsi a condizioni di accesso per il pubblico.;2;DIRITTO POLIZIA 2026 TA.pdf · pagina PDF 30;draft_source_aligned;;uploaded_material;
CC-M7-031;Diritto di polizia;Riunioni e luoghi;Accordo preventivo;Quale elemento distingue la riunione descritta da un semplice aggregarsi occasionale?;Scopo prestabilito e unità di intendimenti;Necessaria assenza di volontarietà;Solo la quantità di automobili presenti;A;La riunione è un raccogliersi temporaneo e volontario per uno scopo prestabilito.;2;DIRITTO POLIZIA 2026 TA.pdf · pagina PDF 31;draft_source_aligned;;uploaded_material;
CC-M7-032;Diritto di polizia;Riunioni e luoghi;Preavviso al Questore;Quale termine minimo di preavviso riporta la dispensa per la riunione in luogo pubblico?;Tre giorni prima;Tre ore dopo;Sei mesi dopo;A;La dispensa richiama il preavviso al Questore almeno tre giorni prima.;2;DIRITTO POLIZIA 2026 TA.pdf · pagina PDF 31;draft_source_aligned;;uploaded_material;
CC-M7-033;Diritto di polizia;Documenti di identificazione;Fotografia;Quale elemento deve possedere il documento di riconoscimento nella definizione riportata?;Fotografia del titolare;Soltanto un soprannome;Un disegno senza dati personali;A;La definizione comprende fotografia, rilascio da pubblica amministrazione e idoneità all'identificazione.;2;DIRITTO POLIZIA 2026 TA.pdf · pagina PDF 34;draft_source_aligned;;uploaded_material;
CC-M7-034;Diritto di polizia;Documenti di identificazione;Equipollenza;Quale documento è elencato come equipollente alla carta d'identità?;Scontrino fiscale;Passaporto;Biglietto di un cinema;B;Il testo include il passaporto fra i documenti equipollenti.;2;DIRITTO POLIZIA 2026 TA.pdf · pagina PDF 34;draft_source_aligned;;uploaded_material;
CC-M7-035;Diritto di polizia;Documenti di identificazione;Generalità;Che cosa punisce l'art. 651 c.p. richiamato nella dispensa?;Qualunque richiesta di chiarimento educata;Il solo possesso di un documento elettronico;Rifiuto di fornire indicazioni sulla propria identità al pubblico ufficiale nell'esercizio delle funzioni;C;Il passaggio distingue l'obbligo di indicare le generalità dall'esibizione del documento nei casi previsti.;2;DIRITTO POLIZIA 2026 TA.pdf · pagina PDF 35;draft_source_aligned;;uploaded_material;
CC-M7-036;Diritto di polizia;Documenti di identificazione;Microprocessore CIE;Quale funzione è attribuita al microprocessore della carta d'identità elettronica?;Protezione dei dati e autenticazione in rete;Accensione automatica dei mezzi di servizio;Pagamento obbligatorio di ogni sanzione;A;La dispensa indica protezione da contraffazione e possibilità di autenticazione.;2;DIRITTO POLIZIA 2026 TA.pdf · pagina PDF 37;draft_source_aligned;;uploaded_material;
CC-M7-037;Diritto di polizia;Documenti di identificazione;Passaporto collettivo;Quanti viaggi consente il passaporto collettivo descritto?;Un solo viaggio;Viaggi illimitati per dieci anni;Nessun viaggio fuori dal comune;A;Il documento è descritto come valido per l'espatrio del gruppo per un solo viaggio.;2;DIRITTO POLIZIA 2026 TA.pdf · pagina PDF 39;draft_source_aligned;;uploaded_material;
CC-M7-038;Diritto di polizia;Identificazione di PS;Natura del fermo;Quale finalità ha il fermo di identificazione di pubblica sicurezza nel testo?;Esecuzione automatica di una condanna;Applicazione di una pena definitiva senza processo;Prevenzione;C;La dispensa lo distingue dall'identificazione di polizia giudiziaria e ne evidenzia la natura preventiva.;2;DIRITTO POLIZIA 2026 TA.pdf · pagina PDF 44;draft_source_aligned;;uploaded_material;
CC-M8-021;Procedura penale e tecniche investigative;Soggetti del procedimento;Competenza distrettuale;Per quali ambiti la sinossi richiama il passaggio dalla Procura locale alla competenza distrettuale?;Qualunque infrazione condominiale;Solo richieste di certificati anagrafici;Delitti più gravi o criminalità organizzata;C;La sinossi evidenzia la distinzione fra competenze circondariali e distrettuali.;2;PROC. PEN. E TECN. INVEST. 2026 RM.pdf · pagina PDF 15;draft_source_aligned;;uploaded_material;
CC-M8-022;Procedura penale e tecniche investigative;Soggetti del procedimento;Urgenza e PM;Quale interlocutore è indicato per le indagini a lungo termine?;Il procuratore assegnatario del fascicolo;Il responsabile del servizio postale;Un magistrato scelto liberamente a ogni telefonata;A;Per le indagini non urgenti il riferimento resta il procuratore assegnatario.;2;PROC. PEN. E TECN. INVEST. 2026 RM.pdf · pagina PDF 16;draft_source_aligned;;uploaded_material;
CC-M8-023;Procedura penale e tecniche investigative;Attività di PG;Dispersione delle fonti;Quale esigenza guida la raccolta degli elementi utili da parte della PG?;Rendere impossibile ogni successiva verifica;Evitarne la dispersione;Sostituire tutti gli originali con ricordi;B;La sinossi richiama l'individuazione delle fonti di prova e la conservazione degli elementi.;2;PROC. PEN. E TECN. INVEST. 2026 RM.pdf · pagina PDF 17;draft_source_aligned;;uploaded_material;
CC-M8-024;Procedura penale e tecniche investigative;Le prove;Ammissione della prova;Quale potere delle parti è descritto in materia di prova?;Imporre al giudice il risultato della valutazione;Decidere da sole la sentenza;Chiederne l'ammissione e contribuire alla formazione;C;Il testo distingue i poteri delle parti dal potere del giudice di decidere.;2;PROC. PEN. E TECN. INVEST. 2026 RM.pdf · pagina PDF 20;draft_source_aligned;;uploaded_material;
CC-M8-025;Procedura penale e tecniche investigative;Le prove;Risultato probatorio;Con quali criteri il giudice valuta il risultato probatorio nel passo riportato?;Credibilità e attendibilità;Esclusivamente la lunghezza del verbale;Solo l'ordine alfabetico dei testimoni;A;Il risultato probatorio è sottoposto a valutazione di credibilità e attendibilità.;2;PROC. PEN. E TECN. INVEST. 2026 RM.pdf · pagina PDF 21;draft_source_aligned;;uploaded_material;
CC-M8-026;Procedura penale e tecniche investigative;Le prove;Onere del PM;Quale onere probatorio è attribuito al pubblico ministero?;Convincere il giudice della responsabilità dell'imputato;Dimostrare sempre soltanto l'innocenza;Evitare qualsiasi ricerca di fonti;A;La dispensa collega al PM la prova della reità, nel quadro delle garanzie processuali.;2;PROC. PEN. E TECN. INVEST. 2026 RM.pdf · pagina PDF 22;draft_source_aligned;;uploaded_material;
CC-M8-027;Procedura penale e tecniche investigative;Le prove;Autodeterminazione;Il consenso dell'interessato rende utilizzabili metodi che incidono sulla sua libertà di autodeterminazione?;No, il divieto vale anche con il consenso;Sì, purché il metodo non sia scritto;Sì, sempre;A;La sinossi richiama il divieto di utilizzare tali metodi anche con consenso della persona.;2;PROC. PEN. E TECN. INVEST. 2026 RM.pdf · pagina PDF 24;draft_source_aligned;;uploaded_material;
CC-M8-028;Procedura penale e tecniche investigative;Attività di PG;Conseguenze ulteriori;Quale compito della PG riguarda le conseguenze del reato?;Impedire che sia portato a conseguenze ulteriori;Limitarsi a registrare il fatto senza intervenire mai;Attendere che si producano tutte le conseguenze;A;L'art. 55 riportato comprende il dovere di impedire ulteriori conseguenze.;2;PROC. PEN. E TECN. INVEST. 2026 RM.pdf · pagina PDF 26;draft_source_aligned;;uploaded_material;
CC-M8-029;Procedura penale e tecniche investigative;Attività di PG;Attività guidata;Che cosa caratterizza l'attività di iniziativa successiva definita guidata?;Esecuzione delle decisioni di un privato;Stretta esecuzione delle direttive del PM;Assenza completa di direttive;B;La sinossi distingue l'attività guidata dall'attività parallela.;2;PROC. PEN. E TECN. INVEST. 2026 RM.pdf · pagina PDF 27;draft_source_aligned;;uploaded_material;
CC-M8-030;Procedura penale e tecniche investigative;Notizia di reato;Contenuto della notizia;Quale descrizione della notizia di reato riporta la sinossi?;Solo un giudizio generico sul carattere di qualcuno;Una condanna già necessariamente definitiva;Fatto determinato e non inverosimile riconducibile in ipotesi a un reato;C;Il richiamo all'art. 335 definisce la notizia attraverso un fatto determinato e plausibile.;2;PROC. PEN. E TECN. INVEST. 2026 RM.pdf · pagina PDF 28;draft_source_aligned;;uploaded_material;
CC-M8-031;Procedura penale e tecniche investigative;Condizioni di procedibilità;Volontà di querela;Quale volontà esprime la persona offesa attraverso la querela?;Che il fatto subito sia perseguito penalmente;Che sia automaticamente pronunciata una condanna;Che ogni documento sia distrutto;A;La querela manifesta la volontà di perseguire penalmente il fatto.;2;PROC. PEN. E TECN. INVEST. 2026 RM.pdf · pagina PDF 29;draft_source_aligned;;uploaded_material;
CC-M8-032;Procedura penale e tecniche investigative;Condizioni di procedibilità;Autore ignoto;La querela descritta può essere presentata anche se l'autore non è identificato?;No, occorre prima una sentenza;Sì, indipendentemente dalla sua identità;No, serve sempre il suo documento originale;B;La presentazione non è subordinata alla conoscenza dell'identità dell'autore.;2;PROC. PEN. E TECN. INVEST. 2026 RM.pdf · pagina PDF 29;draft_source_aligned;;uploaded_material;
CC-M8-033;Procedura penale e tecniche investigative;Notizia di reato;Denuncia anonima;Quale utilità investigativa può avere una denuncia anonima nel passaggio della sinossi?;Sostituzione obbligatoria di ogni altro elemento;Stimolo a investigazioni per prendere notizia di reati;Prova definitiva automatica della colpevolezza;B;La sinossi ne ammette l'uso come stimolo investigativo, distinguendolo dalla prova del fatto.;2;PROC. PEN. E TECN. INVEST. 2026 RM.pdf · pagina PDF 31;draft_source_aligned;;uploaded_material;
CC-M8-034;Procedura penale e tecniche investigative;Notizia di reato;Limite del referto;Quando viene meno l'obbligo di referto nel caso del libero professionista descritto?;Ogni volta che il medico è stanco;Quando esporrebbe l'assistito a procedimento penale;Quando l'assistito paga in contanti;B;Il testo richiama la specifica eccezione relativa all'esposizione della persona assistita a procedimento penale.;2;PROC. PEN. E TECN. INVEST. 2026 RM.pdf · pagina PDF 32;draft_source_aligned;;uploaded_material;
CC-M8-035;Procedura penale e tecniche investigative;Documentazione di PG;Funzione del verbale;Quale collegamento realizza il verbale di PG secondo la sinossi?;Tra ferie e stipendio;Tra indagini preliminari e fase processuale;Tra assicurazione e bollo del veicolo;B;Il verbale è presentato come cerniera documentale tra indagini e processo.;2;PROC. PEN. E TECN. INVEST. 2026 RM.pdf · pagina PDF 34;draft_source_aligned;;uploaded_material;
CC-M8-036;Procedura penale e tecniche investigative;Accertamenti urgenti;Rilievi esteriori;Quale esempio di rilievo esteriore sulla persona è indicato nella sinossi?;Valutazione del patrimonio del soggetto;Ispezione interna senza alcun presupposto;Descrizione di ferite o cicatrici visibili;C;Il testo distingue i rilievi sull'aspetto esteriore dall'ispezione personale.;2;PROC. PEN. E TECN. INVEST. 2026 RM.pdf · pagina PDF 40;draft_source_aligned;;uploaded_material;
CC-M8-037;Procedura penale e tecniche investigative;Accertamenti urgenti;Ispezione personale;La PG può eseguire di iniziativa l'ispezione personale secondo il passo della sinossi?;No, l'art. 354 comma 3 la esclude;Sì, perché equivale sempre a un rilievo esterno;Sì, senza alcun presupposto;A;Il testo distingue gli accertamenti urgenti dall'ispezione personale.;2;PROC. PEN. E TECN. INVEST. 2026 RM.pdf · pagina PDF 38;draft_source_aligned;;uploaded_material;
CC-M8-038;Procedura penale e tecniche investigative;Accertamenti urgenti;Ausiliari;Quando la PG può avvalersi di ausiliari nel sopralluogo descritto?;Quando servono specifiche competenze;Solo quando nessuno conosce il luogo;Sempre per delegare ogni responsabilità a un passante;A;La sinossi ammette ausiliari per operazioni che richiedono competenze specifiche.;2;PROC. PEN. E TECN. INVEST. 2026 RM.pdf · pagina PDF 39;draft_source_aligned;;uploaded_material;
CC-M8-039;Procedura penale e tecniche investigative;Ricerca della prova;Registrazione del partecipante;Come è qualificata nel testo la registrazione di un colloquio da parte di chi è ammesso ad assistervi?;Documento, non intercettazione;Atto privo di contenuto registrabile;Sempre intercettazione clandestina di un terzo;A;Il testo distingue la registrazione del partecipante dalla captazione di un soggetto estraneo.;2;PROC. PEN. E TECN. INVEST. 2026 RM.pdf · pagina PDF 41;draft_source_aligned;;uploaded_material;
CC-M8-040;Procedura penale e tecniche investigative;Ricerca della prova;Perquisizione personale;Dove ricerca il corpo del reato la perquisizione personale descritta?;Esclusivamente nelle strade di un'altra città;Soltanto nei registri del Parlamento;Sulla persona e sugli oggetti che indossa o porta con sé;C;La sinossi definisce l'ambito materiale della perquisizione personale.;2;PROC. PEN. E TECN. INVEST. 2026 RM.pdf · pagina PDF 47;draft_source_aligned;;uploaded_material;
CC-M9-021;Esame testimoniale;Dichiarazioni dell'indagato;Indicazioni immediate;Le indicazioni assunte senza difensore sul luogo e nell'immediatezza del fatto possono essere documentate e utilizzate come dichiarazioni?;No, servono a orientare l'immediata prosecuzione delle indagini;Sì, sempre come testimonianza dibattimentale;Sì, sostituiscono automaticamente l'interrogatorio;A;La sinossi ne distingue la funzione orientativa dal regime di documentazione e utilizzabilità.;2;ESAME TESTIMONIALE 2026 RM.pdf · pagina PDF 5;draft_source_aligned;;uploaded_material;
CC-M9-022;Esame testimoniale;Dichiarazioni dell'indagato;Spontaneità;Le spontanee dichiarazioni dell'indagato possono essere rese senza la presenza del difensore?;No, non esistono dichiarazioni spontanee;No, può parlare solo il difensore;Sì, secondo lo strumento descritto;C;Il testo ammette spontanee dichiarazioni in presenza o in assenza del difensore, da verbalizzare.;2;ESAME TESTIMONIALE 2026 RM.pdf · pagina PDF 5;draft_source_aligned;;uploaded_material;
CC-M9-023;Esame testimoniale;Dichiarazioni dell'indagato;Delega del PM;Chi può delegare alla PG l'interrogatorio dell'indagato descritto?;Pubblico ministero;Gestore telefonico;Persona offesa;A;La sinossi richiama la delega del PM prevista dall'art. 370.;2;ESAME TESTIMONIALE 2026 RM.pdf · pagina PDF 9;draft_source_aligned;;uploaded_material;
CC-M9-024;Esame testimoniale;Dichiarazioni dell'indagato;Difensore d'ufficio;Quale soluzione indica la sinossi se manca il difensore per l'interrogatorio?;Sostituzione del difensore con il denunciante;Interrogatorio senza alcuna assistenza;Nomina di un difensore d'ufficio;C;"L'interrogatorio richiede assistenza difensiva; in mancanza è nominato un difensore d'ufficio.";2;ESAME TESTIMONIALE 2026 RM.pdf · pagina PDF 10;draft_source_aligned;;uploaded_material;
CC-M9-025;Esame testimoniale;Documentazione;Origine delle dichiarazioni;Che cosa deve precisare il verbale per ogni dichiarazione della persona escussa?;Solo il numero di parole;Se spontanea o resa previa domanda;Soltanto il colore dei vestiti;B;La sinossi richiede di distinguere l'origine spontanea dalle risposte alle domande.;2;ESAME TESTIMONIALE 2026 RM.pdf · pagina PDF 13;draft_source_aligned;;uploaded_material;
CC-M9-026;Esame testimoniale;Testimonianza;Capacità di testimoniare;Quale regola generale esprime l'art. 196 c.p.p. nella sinossi?;La capacità richiede sempre una laurea;Ogni persona ha capacità di testimoniare;Solo i dipendenti pubblici possono testimoniare;B;Restano possibili accertamenti sull'idoneità e sulla attendibilità, senza precludere automaticamente la testimonianza.;2;ESAME TESTIMONIALE 2026 RM.pdf · pagina PDF 32;draft_source_aligned;;uploaded_material;
CC-M9-027;Esame testimoniale;Intervista cognitiva;Influenza dell'intervistatore;Quale influenza deve esercitare l'intervistatore sui ricordi nella tecnica cognitiva?;La massima per ottenere la propria versione;Nessun ascolto della ricostruzione personale;La minima possibile per conservarne la genuinità;C;La tecnica mira a far emergere ricordi con la minima alterazione introdotta dall'intervistatore.;2;ESAME TESTIMONIALE 2026 RM.pdf · pagina PDF 19;draft_source_aligned;;uploaded_material;
CC-M9-028;Esame testimoniale;Intervista cognitiva;Avvio dell'incontro;Quale condotta iniziale favorisce l'intervista descritta?;Impedire ogni domanda sulla situazione;Presentarsi e verificare che la persona sia a proprio agio;Iniziare con accuse senza presentazione;B;Il testo raccomanda presentazione e attenzione al benessere e alla collaborazione della persona.;2;ESAME TESTIMONIALE 2026 RM.pdf · pagina PDF 20;draft_source_aligned;;uploaded_material;
CC-M9-029;Esame testimoniale;Preparazione dell'intervista;Dati sul fatto;Quale preparazione sul fatto criminoso è richiamata nella sinossi?;Conoscere caratteristiche, possibile movente ed elementi disponibili;Ignorare ogni informazione già raccolta;Preparare solo un giudizio sulla simpatia del soggetto;A;La preparazione comprende dati dettagliati sul fatto e sulle possibili evidenze.;2;ESAME TESTIMONIALE 2026 RM.pdf · pagina PDF 23;draft_source_aligned;;uploaded_material;
CC-M9-030;Esame testimoniale;Preparazione dell'intervista;Distrazioni;Come dovrebbe essere predisposto l'ambiente di intervista secondo il testo?;Lasciando telefoni attivi per interrompere spesso;Moltiplicando suoni e interruzioni;Riducendo oggetti e fonti di distrazione inutili;C;La sinossi raccomanda di evitare elementi che distraggono dall'incontro.;2;ESAME TESTIMONIALE 2026 RM.pdf · pagina PDF 24;draft_source_aligned;;uploaded_material;
CC-M9-031;Esame testimoniale;Preparazione dell'intervista;Riservatezza ambientale;Quale caratteristica dell'ambiente è espressamente raccomandata?;Presenza di un pubblico casuale;Atmosfera di privacy;Esposizione continua a passanti;B;Il testo indica la riservatezza dell'ambiente fra le condizioni opportune.;2;ESAME TESTIMONIALE 2026 RM.pdf · pagina PDF 24;draft_source_aligned;;uploaded_material;
CC-M9-032;Esame testimoniale;Preparazione dell'intervista;Illuminazione;Quale illuminazione viene raccomandata nell'ambiente descritto?;Naturale o diffusa, non eccessiva e fastidiosa;Sempre abbagliante verso il volto;Necessariamente assente;A;La sinossi richiama illuminazione moderata, preferibilmente naturale o diffusa.;2;ESAME TESTIMONIALE 2026 RM.pdf · pagina PDF 24;draft_source_aligned;;uploaded_material;
CC-M9-033;Esame testimoniale;Testimonianza;Distinzione dall'esame delle parti;Quale coppia di mezzi di prova distingue il codice nel passo riportato?;Verbale delle ferie e registro carburante;Ricevuta fiscale e certificato di residenza;Testimonianza ed esame delle parti;C;Il testo distingue gli artt. 194 e seguenti dagli artt. 208 e seguenti.;2;ESAME TESTIMONIALE 2026 RM.pdf · pagina PDF 31;draft_source_aligned;;uploaded_material;
CC-M9-034;Esame testimoniale;Testimonianza;Dichiarazioni acquisite da PG;La PG può sempre deporre indirettamente sul contenuto delle dichiarazioni formalmente acquisite ai sensi degli articoli richiamati?;Sì, senza alcuna limitazione;No, il testo riporta uno specifico divieto;Sì, se rinuncia a identificarsi;B;La sinossi richiama il divieto dell'art. 195 comma 4 per le dichiarazioni acquisite nelle forme indicate.;2;ESAME TESTIMONIALE 2026 RM.pdf · pagina PDF 32;draft_source_aligned;;uploaded_material;
CC-M9-035;Esame testimoniale;Testimonianza;Mancata comparizione;Quale misura può ordinare il giudice se il testimone non compare senza legittimo impedimento?;Cancellazione di tutti gli atti del processo;Condanna automatica per il reato principale;Accompagnamento coattivo;C;Il testo prevede accompagnamento coattivo e possibile sanzione pecuniaria.;2;ESAME TESTIMONIALE 2026 RM.pdf · pagina PDF 33;draft_source_aligned;;uploaded_material;
CC-M9-036;Esame testimoniale;Testimonianza;Congiunto persona offesa;Nel caso richiamato, il prossimo congiunto deve deporre se è persona offesa dal reato?;No, la qualità di persona offesa è sempre irrilevante;No, tutti i congiunti sono sempre incapaci di testimoniare;Sì, rientra nelle eccezioni alla facoltà di astensione;C;La sinossi indica eccezioni alla facoltà di astensione, compresa la qualità di persona offesa.;2;ESAME TESTIMONIALE 2026 RM.pdf · pagina PDF 34;draft_source_aligned;;uploaded_material;
CC-M9-037;Esame testimoniale;Regole dell'esame;Voci correnti;Il testimone può riferire semplicemente voci correnti nel pubblico come contenuto della deposizione?;Sì, sostituiscono ogni fatto osservato;Sì, se ripetute da molte persone anonime;No, il testo le esclude;C;Le regole richiamate escludono le voci correnti e limitano gli apprezzamenti personali.;2;ESAME TESTIMONIALE 2026 RM.pdf · pagina PDF 36;draft_source_aligned;;uploaded_material;
CC-M9-038;Esame testimoniale;Regole dell'esame;Contestazione;A cosa serve contestare al teste una precedente dichiarazione divergente?;Impedire sempre qualunque risposta;Far emergere la contraddizione rispetto alla deposizione;Trasformare automaticamente il teste in imputato;B;La contestazione mette in evidenza la divergenza rispetto agli atti precedenti.;2;ESAME TESTIMONIALE 2026 RM.pdf · pagina PDF 37;draft_source_aligned;;uploaded_material;
CC-M9-039;Esame testimoniale;Preparazione del testimone;Dovere preparatorio;Quale dovere ha l'operatore di PG chiamato a testimoniare?;Leggere per la prima volta gli atti solo dopo l'udienza;Affidarsi soltanto a ricordi vaghi senza verifica;Prepararsi adeguatamente all'escussione;C;La sinossi qualifica la preparazione come dovere anche disciplinarmente rilevante.;2;ESAME TESTIMONIALE 2026 RM.pdf · pagina PDF 38;draft_source_aligned;;uploaded_material;
CC-M9-040;Esame testimoniale;Esame diretto;Scopo dell'esame;Quale scopo è attribuito all'esame diretto nel testo?;Impedire la descrizione di ogni fatto;Far emergere ciò che il teste può riferire di utile alla parte che lo ha chiamato;Sostituire la sentenza con l'opinione del teste;B;La dispensa distingue lo scopo dell'esame diretto dalle successive fasi dell'esame.;2;ESAME TESTIMONIALE 2026 RM.pdf · pagina PDF 40;draft_source_aligned;;uploaded_material;
CC-M10-021;Tutela dei soggetti vulnerabili;Violenza domestica;Convivenza;La nozione di violenza domestica descritta richiede necessariamente la convivenza attuale tra autore e vittima?;Sì, riguarda soltanto fratelli conviventi;No, comprende anche precedenti coniugi o partner;Sì, esclude sempre gli ex partner;B;La definizione richiamata non dipende dalla condivisione attuale o precedente della stessa residenza.;2;SOGGETTI VULNERABILI 2026 RM.pdf · pagina PDF 7;draft_source_aligned;;uploaded_material;
CC-M10-022;Tutela dei soggetti vulnerabili;Reati contro familiari;Rapporti tutelati;Nel passaggio sui maltrattamenti, i rapporti familiari comprendono anche le parti di un'unione civile?;Sì, il testo le include;No, sono sempre escluse;Solo se prive di riconoscimento giuridico;A;La sinossi include le parti delle unioni civili tra i rapporti familiari considerati.;2;SOGGETTI VULNERABILI 2026 RM.pdf · pagina PDF 17;draft_source_aligned;;uploaded_material;
CC-M10-023;Tutela dei soggetti vulnerabili;Reati contro familiari;Elemento psicologico;Quale elemento soggettivo è indicato per i maltrattamenti nel testo?;Colpa necessaria in ogni caso;Dolo generico;Assenza di qualsiasi volontà;B;La sinossi descrive coscienza e volontà di instaurare una serie di sofferenze e vessazioni.;2;SOGGETTI VULNERABILI 2026 RM.pdf · pagina PDF 18;draft_source_aligned;;uploaded_material;
CC-M10-024;Tutela dei soggetti vulnerabili;Violenza digitale;Consenso alla diffusione;Quale assenza è centrale nella diffusione illecita di immagini sessualmente esplicite descritta?;Consenso dell'interessato alla diffusione;Presenza di un logo nell'immagine;Connessione a internet dell'autore;A;Il testo richiama l'invio o diffusione di immagini o video senza il consenso della persona interessata.;2;SOGGETTI VULNERABILI 2026 RM.pdf · pagina PDF 65;draft_source_aligned;;uploaded_material;
CC-M10-025;Tutela dei soggetti vulnerabili;Bullismo e cyberbullismo;Anonimato;Quale effetto può avere l'uso di un nickname da parte del cyberbullo?;Difficoltà di identificazione e maggiore insicurezza della vittima;Eliminazione di ogni danno psicologico;Certezza automatica dell'identità reale;A;La possibilità di celare l'identità è uno dei fattori evidenziati nella sinossi.;2;SOGGETTI VULNERABILI 2026 RM.pdf · pagina PDF 68;draft_source_aligned;;uploaded_material;
CC-M10-026;Tutela dei soggetti vulnerabili;Bullismo e cyberbullismo;Istanza documentata;Quali elementi deve contenere la descrizione dei fatti richiamata per l'istanza?;Soltanto l'opinione di un estraneo;Fatti, persone coinvolte ed eventuali allegati comprovanti;Solo un soprannome senza contesto;B;La sinossi richiede una descrizione dettagliata con persone e documentazione pertinente.;2;SOGGETTI VULNERABILI 2026 RM.pdf · pagina PDF 69;draft_source_aligned;;uploaded_material;
CC-M10-027;Tutela dei soggetti vulnerabili;Tutela degli anziani;Danno psicologico;Oltre al danno patrimoniale, quali conseguenze delle truffe agli anziani richiama il testo?;Solo una maggiore velocità di lettura;Assenza necessaria di effetti emotivi;Ansia, trauma e autocolpevolizzazione;C;La sinossi evidenzia il danno psicologico e i processi di autocolpevolizzazione.;2;SOGGETTI VULNERABILI 2026 RM.pdf · pagina PDF 70;draft_source_aligned;;uploaded_material;
CC-M10-028;Tutela dei soggetti vulnerabili;Tutela degli anziani;Mancata denuncia;Quale sentimento può spingere la vittima di truffa a non denunciare?;Imbarazzo;Indifferenza necessaria in ogni caso;Fiducia assoluta nel truffatore dopo la scoperta;A;Il testo indica l'imbarazzo come fattore che ostacola la denuncia.;2;SOGGETTI VULNERABILI 2026 RM.pdf · pagina PDF 70;draft_source_aligned;;uploaded_material;
CC-M10-029;Tutela dei soggetti vulnerabili;Tutela degli anziani;Porta in faccia;Quale sequenza descrive la tecnica manipolativa della porta in faccia?;Richiesta esagerata seguita da una più contenuta;Richiesta minima seguita dal silenzio totale;Offerta di aiuto senza alcuna richiesta;A;La tecnica sfrutta il rifiuto della prima richiesta per rendere più accettabile la seconda.;2;SOGGETTI VULNERABILI 2026 RM.pdf · pagina PDF 77;draft_source_aligned;;uploaded_material;
CC-M10-030;Tutela dei soggetti vulnerabili;Crimini d'odio;Under-reporting;Che cosa indica l'under-reporting nel passaggio sui reati a matrice discriminatoria?;Obbligo di presentare denunce duplicate;Tendenza delle vittime a non denunciare;Registrazione di denunce prive di vittima;B;La sinossi richiama la mancata denuncia dovuta anche a timori per la privacy e sfiducia.;2;SOGGETTI VULNERABILI 2026 RM.pdf · pagina PDF 92;draft_source_aligned;;uploaded_material;
CC-M10-031;Tutela dei soggetti vulnerabili;Crimini d'odio;Indicatori di pregiudizio;Perché la PG deve riconoscere gli indicatori di pregiudizio?;Per evitare di registrare le dichiarazioni;Per attribuire colpe solo in base all'aspetto;Per individuare la matrice discriminatoria di un reato comune;C;Il testo raccomanda di riconoscere i segnali della motivazione discriminatoria.;2;SOGGETTI VULNERABILI 2026 RM.pdf · pagina PDF 92;draft_source_aligned;;uploaded_material;
CC-M10-032;Tutela dei soggetti vulnerabili;Rete di assistenza;Case Rifugio;Quale servizio possono offrire le Case Rifugio descritte?;Custodia degli autori del reato come pena;Diffusione pubblica dell'indirizzo della vittima;Ospitalità protetta a donne con figli in emergenza;C;Il testo illustra ospitalità gratuita, spesso a indirizzo protetto, per situazioni di emergenza.;2;SOGGETTI VULNERABILI 2026 RM.pdf · pagina PDF 95;draft_source_aligned;;uploaded_material;
CC-M10-033;Tutela dei soggetti vulnerabili;Vittimizzazione;Vittimizzazione primaria;Che cosa si intende per vittimizzazione primaria nel testo?;La registrazione di un dato nel sistema informatico;Solo il disagio causato da un modulo compilato male;Danno prodotto direttamente dall'azione criminale;C;La sinossi definisce primaria la lesione fisica, mentale, emotiva o economica causata dal reato.;2;SOGGETTI VULNERABILI 2026 RM.pdf · pagina PDF 97;draft_source_aligned;;uploaded_material;
CC-M10-034;Tutela dei soggetti vulnerabili;Codice Rosso;Comunicazione al PM;Quale tempestività della notizia di reato richiama il passaggio sul Codice Rosso?;Attesa obbligatoria della pubblicazione sui giornali;Invio soltanto al termine dell'anno;Comunicazione immediata al PM di turno nei casi indicati;C;Il testo descrive l'accelerazione delle comunicazioni e dei provvedimenti di tutela.;2;SOGGETTI VULNERABILI 2026 RM.pdf · pagina PDF 100;draft_source_aligned;;uploaded_material;
CC-M10-035;Tutela dei soggetti vulnerabili;Violenza domestica;Autrice del modello;A chi attribuisce la sinossi il modello del ciclo della violenza del 1983?;Maria Montessori;Rita Levi-Montalcini;Lenore Walker;C;Il testo introduce il circuito della violenza richiamando il lavoro di Lenore Walker.;2;SOGGETTI VULNERABILI 2026 RM.pdf · pagina PDF 103;draft_source_aligned;;uploaded_material;
CC-M10-036;Tutela dei soggetti vulnerabili;Intervento e ascolto;Minori presenti;Quale attenzione è indicata per i minori presenti all'intervento?;Lasciarli necessariamente accanto al conflitto;Affidare loro la gestione dell'emergenza;Tranquillizzarli e individuare un luogo sicuro diverso;C;La sinossi raccomanda verifica della presenza dei minori e protezione in condizioni di sicurezza.;2;SOGGETTI VULNERABILI 2026 RM.pdf · pagina PDF 106;draft_source_aligned;;uploaded_material;
CC-M10-037;Tutela dei soggetti vulnerabili;Intervento e ascolto;Racconto confuso;Come va interpretata una narrazione inizialmente confusa nei reati abituali descritti?;Può riflettere la difficoltà di ricostruire molti eventi;Prova automaticamente che ogni fatto è falso;Impone di interrompere ogni accertamento;A;Il testo invita a non trarre conclusioni immediate sulla veridicità durante la narrazione.;2;SOGGETTI VULNERABILI 2026 RM.pdf · pagina PDF 108;draft_source_aligned;;uploaded_material;
CC-M10-038;Tutela dei soggetti vulnerabili;Intervento e ascolto;Vittimizzazione secondaria;Quale rischio può attenuare un ascolto attento e solerte della vittima?;Vittimizzazione secondaria;Validità di tutti i documenti d'identità;Necessità di ogni comunicazione al PM;A;Il modo di condurre l'ascolto può ridurre ulteriore sofferenza legata all'interazione istituzionale.;2;SOGGETTI VULNERABILI 2026 RM.pdf · pagina PDF 110;draft_source_aligned;;uploaded_material;
CC-M10-039;Tutela dei soggetti vulnerabili;Intervento e ascolto;Sequenza del racconto;Quale sequenza dell'ascolto è descritta nel testo?;Racconto libero seguito da narrazione guidata;Solo domande chiuse senza racconto;Conclusioni dell'operatore prima di ascoltare;A;La sinossi distingue una fase generale libera e una fase mirata di chiarimento.;2;SOGGETTI VULNERABILI 2026 RM.pdf · pagina PDF 111;draft_source_aligned;;uploaded_material;
CC-M10-040;Tutela dei soggetti vulnerabili;Crimini d'odio;Plurioffensività;Perché il crimine d'odio è definito plurioffensivo nel passaggio?;Lede la vittima e indirettamente il gruppo cui appartiene;Richiede sempre più autori materiali;Colpisce soltanto gli oggetti senza persone;A;La sinossi evidenzia l'offesa individuale e quella rivolta al gruppo di appartenenza.;2;SOGGETTI VULNERABILI 2026 RM.pdf · pagina PDF 122;draft_source_aligned;;uploaded_material;
CC-M11-021;Tecnica professionale;Inquadramento dell'Arma;Autonomia;Quale riordino elevò l'Arma a rango di Forza Armata nel testo?;Legge n. 121 del 1981 da sola;Legge delega n. 78 del 2000;Un regolamento comunale del 2026;B;La dispensa richiama il riordino del 2000 e la collocazione autonoma nel Ministero della Difesa.;1;Tecnica Professionale 2026  PDF(1).pdf · pagina PDF 6;draft_source_aligned;;uploaded_material;
CC-M11-022;Tecnica professionale;Normativa fondamentale;Giuramento;Davanti a quali presenze si presta solennemente il giuramento descritto?;Solo un funzionario bancario;Esclusivamente familiari del militare;Bandiera e Comandante;C;Il testo richiama la presenza della bandiera e del Comandante.;1;Tecnica Professionale 2026  PDF(1).pdf · pagina PDF 11;draft_source_aligned;;uploaded_material;
CC-M11-023;Tecnica professionale;Normativa fondamentale;Regolamento Organico;Quale materia definisce il Regolamento Organico nel passaggio?;Esclusivamente le tariffe dei parcheggi;Soltanto gli orari ferroviari;Prerogative dell'Arma e articolazione dei reparti;C;Il documento ne indica prerogative, reparti, doveri e rapporti con le autorità.;1;Tecnica Professionale 2026  PDF(1).pdf · pagina PDF 13;draft_source_aligned;;uploaded_material;
CC-M11-024;Tecnica professionale;Normativa fondamentale;Scuole Allievi;In quale anno fu approvato il Regolamento per le Scuole Allievi richiamato?;1814;2013;1992 come edizione ancora unica;B;La dispensa richiama la determinazione del 26 marzo 2013 che sostituisce la precedente edizione.;1;Tecnica Professionale 2026  PDF(1).pdf · pagina PDF 14;draft_source_aligned;;uploaded_material;
CC-M11-025;Tecnica professionale;Organizzazione centrale;Comando Generale;Quale funzione esercita il Comandante Generale tramite il Comando Generale?;Sostituire tutte le autorità giudiziarie;Dirigere, coordinare e controllare le attività dell'Arma;Gestire esclusivamente le mense;B;Il Comando Generale è la struttura di direzione, coordinamento e controllo descritta.;1;Tecnica Professionale 2026  PDF(1).pdf · pagina PDF 15;draft_source_aligned;;uploaded_material;
CC-M11-026;Tecnica professionale;Organizzazione centrale;Telematica;Di quale ambito si occupa il III Reparto Telematica nel testo?;Soltanto reclutamento sportivo;Sviluppo tecnologico di informatica e telecomunicazioni;Esclusivamente cerimoniale religioso;B;La dispensa elenca informatica, telecomunicazioni, dati ed equipaggiamenti speciali.;1;Tecnica Professionale 2026  PDF(1).pdf · pagina PDF 17;draft_source_aligned;;uploaded_material;
CC-M11-027;Tecnica professionale;Organizzazione territoriale;NORM;Quali componenti del NORM sono richiamate nella dispensa?;Centrale Operativa, componente Operativa e Radiomobile;Solo una mensa e una biblioteca;Esclusivamente un ufficio passaporti;A;Il testo descrive l'articolazione su Centrale, Sezione o Aliquota Operativa e Radiomobile.;1;Tecnica Professionale 2026  PDF(1).pdf · pagina PDF 24;draft_source_aligned;;uploaded_material;
CC-M11-028;Tecnica professionale;Organizzazione speciale;Banca d'Italia;Quale servizio è attribuito al Comando Carabinieri Banca d'Italia?;Determinazione dei tassi di interesse;Vigilanza e scorta al trasporto dei valori dell'Istituto;Concessione di mutui ai cittadini;B;Il testo richiama vigilanza sugli immobili e scorta ai valori.;1;Tecnica Professionale 2026  PDF(1).pdf · pagina PDF 30;draft_source_aligned;;uploaded_material;
CC-M11-029;Tecnica professionale;Organizzazione speciale;Grandi latitanti;Quale attività investigativa specialistica è richiamata nel passaggio?;Esclusiva gestione dei documenti di guida;Sola manutenzione delle uniformi;Coordinamento della ricerca di grandi latitanti;C;La dispensa include il coordinamento investigativo nella ricerca di grandi latitanti.;1;Tecnica Professionale 2026  PDF(1).pdf · pagina PDF 31;draft_source_aligned;;uploaded_material;
CC-M11-030;Tecnica professionale;Organizzazione forestale;Assorbimento del Corpo Forestale;Quale decreto è richiamato per l'assorbimento del Corpo Forestale dello Stato?;D.lgs. 51 del 2018;D.lgs. 150 del 2022;D.lgs. 177 del 2016;C;La dispensa collega il riordino forestale al decreto legislativo 177/2016.;1;Tecnica Professionale 2026  PDF(1).pdf · pagina PDF 32;draft_source_aligned;;uploaded_material;
CC-M11-031;Tecnica professionale;Polizia militare;Forze Armate;Le unità dell'Arma presso comandi e reparti delle Forze Armate concorrono a quale funzione descritta?;Polizia militare;Giustizia tributaria come giudici;Amministrazione elettorale dei comuni;A;Il passaggio individua queste unità nell'assolvimento delle funzioni di polizia militare.;1;Tecnica Professionale 2026  PDF(1).pdf · pagina PDF 34;draft_source_aligned;;uploaded_material;
CC-M11-032;Tecnica professionale;Disciplina militare;Finalità della disciplina;Quale valore della disciplina militare è evidenziato nella dispensa?;Coesione ed efficienza;Indipendenza da ogni regola;Esclusivamente uniformità del colore degli edifici;A;Il testo presenta la disciplina come fattore fondamentale di coesione ed efficienza.;1;Tecnica Professionale 2026  PDF(1).pdf · pagina PDF 39;draft_source_aligned;;uploaded_material;
CC-M11-033;Tecnica professionale;Disciplina militare;Decoro;Quale effetto professionale attribuisce il testo a compostezza e decoro?;Esonero automatico dalle responsabilità;Sostituzione delle competenze giuridiche;Autorevolezza e fiducia del cittadino;C;Il decoro personale è descritto come elemento del rapporto di fiducia con il cittadino.;1;Tecnica Professionale 2026  PDF(1).pdf · pagina PDF 42;draft_source_aligned;;uploaded_material;
CC-M11-034;Tecnica professionale;Disciplina militare;Superiore non competente;Che cosa deve fare il superiore che rileva una mancanza ma non è competente a infliggere la sanzione?;Infliggere qualunque sanzione scelta autonomamente;Ignorare sempre il fatto;Far constatare la mancanza e identificare il trasgressore;C;Il testo indica specifici adempimenti per il superiore privo della competenza sanzionatoria.;1;Tecnica Professionale 2026  PDF(1).pdf · pagina PDF 44;draft_source_aligned;;uploaded_material;
CC-M11-035;Tecnica professionale;Disciplina militare;Memorie difensive;Quale possibilità deve essere comunicata al militare nel procedimento disciplinare descritto?;Scegliere da solo il comandante competente;Presentare memorie difensive e prendere visione degli atti;Rinunciare obbligatoriamente a ogni difesa;B;La dispensa richiama le garanzie di difesa e di accesso agli atti.;1;Tecnica Professionale 2026  PDF(1).pdf · pagina PDF 45;draft_source_aligned;;uploaded_material;
CC-M11-036;Tecnica professionale;Disciplina militare;Commissione di disciplina;Quanti militari compongono la Commissione per la consegna di rigore descritta?;Tre;Sette;Uno;A;La Commissione è composta da due militari di grado superiore e uno pari grado.;1;Tecnica Professionale 2026  PDF(1).pdf · pagina PDF 46;draft_source_aligned;;uploaded_material;
CC-M11-037;Tecnica professionale;Disciplina militare;Funzione della Commissione;Quale funzione ha la Commissione di disciplina nel passaggio?;Consultiva verso il Comandante di Corpo;Legislativa verso il Parlamento;Giudiziaria con sentenza penale definitiva;A;Il testo attribuisce alla Commissione una funzione consultiva.;1;Tecnica Professionale 2026  PDF(1).pdf · pagina PDF 46;draft_source_aligned;;uploaded_material;
CC-M11-038;Tecnica professionale;Attività del personale;Equilibrio nelle ricompense;Perché l'attività premiale va esercitata con ponderazione?;Ogni premio elimina gli obblighi di servizio;Le sperequazioni possono incidere su morale e motivazione;Le ricompense sostituiscono i procedimenti penali;B;La dispensa collega l'equilibrio premiale al governo del personale e alla motivazione.;1;Tecnica Professionale 2026  PDF(1).pdf · pagina PDF 50;draft_source_aligned;;uploaded_material;
CC-M11-039;Tecnica professionale;Attività del personale;Decorazioni al valore;Quale decorazione figura nell'elenco al valor militare?;Croce al valor militare;Certificato di residenza;Patente di merito;A;La dispensa elenca medaglie d'oro, argento e bronzo e la croce.;1;Tecnica Professionale 2026  PDF(1).pdf · pagina PDF 51;draft_source_aligned;;uploaded_material;
CC-M11-040;Tecnica professionale;Attività del personale;Trasferimenti;Quale distinzione riguarda i trasferimenti nella dispensa?;Soltanto gratuiti e a pagamento;D'autorità e a domanda;Solo temporanei e anonimi;B;Il testo distingue esigenze di organico o servizio e richieste dell'interessato compatibili con il servizio.;1;Tecnica Professionale 2026  PDF(1).pdf · pagina PDF 55;draft_source_aligned;;uploaded_material;
CC-M12-021;Informatica d’Arma;Memoriale informatizzato;Permessi per ruolo;Da che cosa dipende la visibilità delle sezioni del C-Memoriale?;Dal ruolo attribuito all'utente;Esclusivamente dall'orario di accesso;Solo dalla dimensione dello schermo;A;Il documento collega sezioni e funzioni ai permessi del ruolo.;1;Informatica Arma 2026 TO.docx · paragrafo Word 73;draft_source_aligned;;uploaded_material;
CC-M12-022;Informatica d’Arma;Memoriale informatizzato;Accesso di rete;Quali credenziali sono rilevate automaticamente per l'accesso al Memoriale descritto?;Una password pubblica uguale per tutti;Credenziali di rete usate per il login al computer;Il codice fiscale di ogni cittadino controllato;B;Il testo descrive il riconoscimento automatico delle credenziali di rete.;1;Informatica Arma 2026 TO.docx · paragrafo Word 76;draft_source_aligned;;uploaded_material;
CC-M12-023;Informatica d’Arma;Memoriale informatizzato;Reader;Quale facoltà è attribuita al ruolo Reader?;Firmare qualunque atto per altri comandi;Cancellare tutti i servizi del reparto;Consultare il Memoriale e i propri dati personali;C;Il Reader ha esclusivamente facoltà di consultazione dei dati indicati.;1;Informatica Arma 2026 TO.docx · paragrafo Word 81;draft_source_aligned;;uploaded_material;
CC-M12-024;Informatica d’Arma;Memoriale informatizzato;Assegnazione Writer;Chi assegna il ruolo Writer nel C-Memoriale?;Qualunque Reader senza autorizzazione;Signer tramite la procedura disponibile;Il cittadino che presenta una denuncia;B;Il testo distingue l'assegnazione del Signer da quella del Writer effettuata dal Signer.;1;Informatica Arma 2026 TO.docx · paragrafo Word 83;draft_source_aligned;;uploaded_material;
CC-M12-025;Informatica d’Arma;Memoriale informatizzato;Rapporto con il cartaceo;Come si rapporta la compilazione del Memoriale informatico al documento cartaceo?;Elimina il ruolo del compilatore;Non contiene più i servizi da svolgere;Ne riproduce le modalità con ausilio informatico;C;Il compilatore inserisce i servizi come nel modello cartaceo utilizzando gli strumenti informatici.;1;Informatica Arma 2026 TO.docx · paragrafo Word 93;draft_source_aligned;;uploaded_material;
CC-M12-026;Informatica d’Arma;Memoriale informatizzato;Ordine di servizio;Da dove il sistema trae automaticamente i militari per redigere l'ordine di servizio?;Da un elenco pubblico casuale;Dalla pagina del Memoriale;Dal solo registro dei veicoli;B;L'ordine di servizio utilizza personale e dati d'impiego già precaricati nel Memoriale.;1;Informatica Arma 2026 TO.docx · paragrafo Word 95;draft_source_aligned;;uploaded_material;
CC-M12-027;Informatica d’Arma;Memoriale informatizzato;Controlli gerarchici;Il Memoriale informatizzato resta soggetto a visite e ispezioni dei superiori?;No, l'informatizzazione elimina ogni controllo;Sì, con possibilità di apporre il visto;No, sono controllabili soltanto i registri cartacei;B;Il documento mantiene i controlli gerarchici anche sul Memoriale informatizzato.;1;Informatica Arma 2026 TO.docx · paragrafo Word 96;draft_source_aligned;;uploaded_material;
CC-M12-028;Informatica d’Arma;Memoriale informatizzato;Registro del visto;Quale dato tecnico aggiuntivo registra il controllo descritto?;Nome macchina della postazione utilizzata;La temperatura esterna del giorno;Solo la marca della penna;A;Il registro cronologico include il nome macchina e il militare della postazione.;1;Informatica Arma 2026 TO.docx · paragrafo Word 102;draft_source_aligned;;uploaded_material;
CC-M12-029;Informatica d’Arma;Memoriale informatizzato;Scheda iniziale;Quale scheda viene visualizzata all'apertura della finestra descritta?;Giornaliero;Soltanto Denunce;Esclusivamente Rifornimenti;A;Il testo indica la scheda Giornaliero della sezione Memoriale.;1;Informatica Arma 2026 TO.docx · paragrafo Word 110;draft_source_aligned;;uploaded_material;
CC-M12-030;Informatica d’Arma;Memoriale informatizzato;Data iniziale;Quale data è preimpostata nel calendario del Memoriale?;Sempre il primo gennaio;Sempre la data di arruolamento;Il giorno corrente;C;La data preimpostata è quella corrente, modificabile con il calendario.;1;Informatica Arma 2026 TO.docx · paragrafo Word 118;draft_source_aligned;;uploaded_material;
CC-M12-031;Informatica d’Arma;Memoriale informatizzato;Consultazione di altre date;Come si possono visualizzare gli impieghi di una data specifica?;Selezionando la data nel calendario;Creando ogni volta un nuovo utente;Cambiando obbligatoriamente reparto;A;Il testo prevede frecce giornaliere e selezione diretta della data dal calendario.;1;Informatica Arma 2026 TO.docx · paragrafo Word 119;draft_source_aligned;;uploaded_material;
CC-M12-032;Informatica d’Arma;Memoriale informatizzato;Notifica del firmato;A chi può essere inviato il Memoriale firmato mediante Invia a nel passaggio?;Solo al proprietario del server esterno;Ai militari registrati al servizio di notifica;A chiunque visiti un sito pubblico;B;La funzione consente l'invio ai militari registrati al servizio di notifica.;1;Informatica Arma 2026 TO.docx · paragrafo Word 184;draft_source_aligned;;uploaded_material;
CC-M12-033;Informatica d’Arma;Memoriale informatizzato;Inserimento assenze;Quale funzione permette di inserire licenze o altri tipi di assenza?;Gestione targhe;Piano assenze;Fatti SDI;B;Il percorso descritto usa Memoriale e Piano assenze.;1;Informatica Arma 2026 TO.docx · paragrafo Word 272;draft_source_aligned;;uploaded_material;
CC-M12-034;Informatica d’Arma;Protocollo e documenti;Workflow;A quale esigenza è collegato il sistema di archiviazione e gestione dei flussi descritto?;Sostituzione delle indagini con messaggi pubblicitari;Eliminazione di ogni documento originale;Diffusione dei documenti elettronici all'interno e verso enti esterni;C;Il testo lega protocollo e workflow alla circolazione dei documenti elettronici.;1;Informatica Arma 2026 TO.docx · paragrafo Word 444;draft_source_aligned;;uploaded_material;
CC-M12-035;Informatica d’Arma;Protocollo e documenti;AOO;Che cosa indica l'acronimo AOO nel documento?;Aree Organizzative Omogenee;Autorizzazione Ordinaria Obbligatoria;Archivio Operativo Occasionale;A;Le AOO sono individuate in base alla dislocazione dei reparti e alle materie trattate.;1;Informatica Arma 2026 TO.docx · paragrafo Word 446;draft_source_aligned;;uploaded_material;
CC-M12-036;Informatica d’Arma;Protocollo e documenti;Decorrenza informatica;Da quale data il testo fa decorrere il nuovo protocollo informatico dell'Arma?;1 gennaio 2026;1 gennaio 2005;1 gennaio 1981;B;Il documento collega tale decorrenza all'abolizione del registro cartaceo.;1;Informatica Arma 2026 TO.docx · paragrafo Word 447;draft_source_aligned;;uploaded_material;
CC-M12-037;Informatica d’Arma;Protocollo e documenti;Identificazione univoca;Che cosa certifica il processo di protocollo informatico descritto?;Condanna definitiva dell'autore;Provenienza e data di acquisizione del documento;Verità automatica di ogni frase contenuta;B;La protocollazione identifica univocamente il documento certificandone provenienza e acquisizione.;1;Informatica Arma 2026 TO.docx · paragrafo Word 450;draft_source_aligned;;uploaded_material;
CC-M12-038;Informatica d’Arma;Protocollo e documenti;Visualizzatore;Quale funzione svolge il visualizzatore documentale descritto?;Cancellare tutti i metadati;Generare automaticamente una sentenza;Mostrare l'immagine e gestire le versioni;C;Il visualizzatore permette di vedere il documento e le relative versioni.;1;Informatica Arma 2026 TO.docx · paragrafo Word 473;draft_source_aligned;;uploaded_material;
CC-M12-039;Informatica d’Arma;Protocollo e documenti;Allegati;Quale sezione permette di gestire i file allegati?;Piano assenze;Allegati;Rifornimenti;B;La sezione Allegati gestisce i file collegati e ne mostra anteprime e versioni.;1;Informatica Arma 2026 TO.docx · paragrafo Word 488;draft_source_aligned;;uploaded_material;
CC-M12-040;Informatica d’Arma;Protocollo e documenti;Trasmissioni;Quale funzione è attribuita alla sezione Trasmissioni?;Calcolare soltanto i turni del personale;Creare nuove trasmissioni e vedere quelle effettuate;Cercare esclusivamente una targa;B;La sezione riguarda le trasmissioni del documento selezionato.;1;Informatica Arma 2026 TO.docx · paragrafo Word 489;draft_source_aligned;;uploaded_material;
CC-M13-021;Storia dell’Arma;Origini del Corpo;Requisito di istruzione;Quale requisito culturale era richiesto agli aspiranti del 1814 nel documento?;Laurea in informatica;Capacità di leggere e scrivere;Conoscenza obbligatoria di quattro lingue;B;Il testo elenca lettura e scrittura fra i requisiti iniziali di accesso.;1;L'ARMA DEI CARABINIERI NELLA STORIA 2026 RC.docx · paragrafo Word 26;draft_source_aligned;;uploaded_material;
CC-M13-022;Storia dell’Arma;Origini del Corpo;Servizio precedente;Quanti anni di ottimo servizio in fanteria o cavalleria sono indicati tra i requisiti iniziali?;Dieci;Quattro;Uno;B;Il documento riporta quattro anni di servizio come requisito del Corpo d'élite originario.;1;L'ARMA DEI CARABINIERI NELLA STORIA 2026 RC.docx · paragrafo Word 26;draft_source_aligned;;uploaded_material;
CC-M13-023;Storia dell’Arma;Origini del Corpo;Mobilità originaria;Quale componente del primo organico garantiva particolare mobilità?;Reparti elicotteristici;Soldati a cavallo;Unità di droni;B;Il documento evidenzia la componente a cavallo dell'organico iniziale.;1;L'ARMA DEI CARABINIERI NELLA STORIA 2026 RC.docx · paragrafo Word 28;draft_source_aligned;;uploaded_material;
CC-M13-024;Storia dell’Arma;Ottocento;Successione del 1821;In favore di chi abdicò Vittorio Emanuele I nel marzo 1821 descritto?;Umberto II;Carlo Felice;Vittorio Emanuele III;B;Il documento ricostruisce abdicazione, successione e reggenza di Carlo Alberto.;1;L'ARMA DEI CARABINIERI NELLA STORIA 2026 RC.docx · paragrafo Word 51;draft_source_aligned;;uploaded_material;
CC-M13-025;Storia dell’Arma;Legione Allievi;Trasferimento a Roma;In quale anno la Legione Allievi fu trasferita a Roma secondo il testo?;1885;1814;1946;A;Il trasferimento è collocato nel 1885.;1;L'ARMA DEI CARABINIERI NELLA STORIA 2026 RC.docx · paragrafo Word 64;draft_source_aligned;;uploaded_material;
CC-M13-026;Storia dell’Arma;Legione Allievi;Concessione della Bandiera;Quale anno è associato alla concessione della Bandiera nazionale alla Legione?;1832;1971;1894;C;La concessione del 25 febbraio 1894 precede la consegna solenne del 14 marzo.;1;L'ARMA DEI CARABINIERI NELLA STORIA 2026 RC.docx · paragrafo Word 64;draft_source_aligned;;uploaded_material;
CC-M13-027;Storia dell’Arma;Legione Allievi;Denominazione delle scuole;Da quale anno gli istituti presero il nome di Scuole Allievi Carabinieri nel documento?;1861;1971;2000;B;Il testo indica il 1 giugno 1971 per la nuova denominazione.;1;L'ARMA DEI CARABINIERI NELLA STORIA 2026 RC.docx · paragrafo Word 65;draft_source_aligned;;uploaded_material;
CC-M13-028;Storia dell’Arma;Guerre d'indipendenza;Re salvato a Pastrengo;Quale sovrano fu salvato dalla carica descritta a Pastrengo?;Carlo Alberto;Umberto II;Carlo Felice;A;La carica è narrata come intervento a protezione di Carlo Alberto.;1;L'ARMA DEI CARABINIERI NELLA STORIA 2026 RC.docx · paragrafo Word 73;draft_source_aligned;;uploaded_material;
CC-M13-029;Storia dell’Arma;Ottocento;Legione di Roma;Quale data riporta il testo per l'istituzione della Legione di Roma?;8 settembre 1943;13 luglio 1814;1 gennaio 1874;C;Il documento collega l'organizzazione dei servizi nella Capitale alla successiva Legione di Roma.;1;L'ARMA DEI CARABINIERI NELLA STORIA 2026 RC.docx · paragrafo Word 81;draft_source_aligned;;uploaded_material;
CC-M13-030;Storia dell’Arma;Prima guerra mondiale;Case del Soldato;A chi fu affidata la gestione delle Case del Soldato nel passaggio?;Solo enti commerciali stranieri;Esclusivamente ufficiali della Marina francese;Carabinieri addetti alle retrovie;C;Il testo collega queste strutture al sostegno del morale dopo Caporetto.;1;L'ARMA DEI CARABINIERI NELLA STORIA 2026 RC.docx · paragrafo Word 106;draft_source_aligned;;uploaded_material;
CC-M13-031;Storia dell’Arma;Seconda guerra mondiale;Eluet el Asel;Quale reparto è protagonista dell'episodio di Eluet el Asel del 1941?;Legione Allievi in servizio a Torino;Battaglione Carabinieri Paracadutisti;Un reparto della Gendarmeria napoleonica;B;Il documento descrive l'azione del Battaglione Paracadutisti in Nord-Africa.;1;L'ARMA DEI CARABINIERI NELLA STORIA 2026 RC.docx · paragrafo Word 134;draft_source_aligned;;uploaded_material;
CC-M13-032;Storia dell’Arma;Tradizioni;Patrona dell'Arma;Quale pontefice proclamò la Virgo Fidelis Patrona dell'Arma nel testo?;Paolo VI;Giovanni XXIII;Pio XII;C;Il documento attribuisce la proclamazione a Papa Pio XII.;1;L'ARMA DEI CARABINIERI NELLA STORIA 2026 RC.docx · paragrafo Word 139;draft_source_aligned;;uploaded_material;
CC-M13-033;Storia dell’Arma;Seconda guerra mondiale;Azzolino Hazon;In quale evento del 1943 il testo colloca la morte del Comandante Generale Azzolino Hazon?;Battaglia di Grenoble;Carica di Pastrengo;Bombardamenti su Roma;C;Il testo richiama le perdite nei bombardamenti di Roma del 1943.;1;L'ARMA DEI CARABINIERI NELLA STORIA 2026 RC.docx · paragrafo Word 144;draft_source_aligned;;uploaded_material;
CC-M13-034;Storia dell’Arma;Seconda guerra mondiale;Armistizio;Quale data è associata alla pubblicazione dell'armistizio con gli Alleati?;21 novembre 1941;30 aprile 1848;8 settembre 1943;C;La pubblicazione dell'armistizio è collocata all'8 settembre 1943.;1;L'ARMA DEI CARABINIERI NELLA STORIA 2026 RC.docx · paragrafo Word 145;draft_source_aligned;;uploaded_material;
CC-M13-035;Storia dell’Arma;Resistenza;Orlando De Tommaso;Quale grado aveva Orlando De Tommaso nell'episodio descritto?;Carabiniere semplice;Generale d'Armata;Capitano;C;Il testo lo presenta quale Capitano al comando della 4ª Compagnia.;1;L'ARMA DEI CARABINIERI NELLA STORIA 2026 RC.docx · paragrafo Word 152;draft_source_aligned;;uploaded_material;
CC-M13-036;Storia dell’Arma;Resistenza;Grado di D'Acquisto;Quale grado aveva Salvo D'Acquisto nel racconto del sacrificio?;Maresciallo Maggiore;Vice Brigadiere;Capitano;B;Il documento lo identifica come Vice Brigadiere e comandante interinale della Stazione.;1;L'ARMA DEI CARABINIERI NELLA STORIA 2026 RC.docx · paragrafo Word 159;draft_source_aligned;;uploaded_material;
CC-M13-037;Storia dell’Arma;Resistenza;Ostaggi di Fiesole;Quanti civili furono salvati dalla consegna dei tre martiri di Fiesole nel testo?;Ventidue;Dieci;Cento;B;Il documento descrive la minaccia contro dieci ostaggi civili.;1;L'ARMA DEI CARABINIERI NELLA STORIA 2026 RC.docx · paragrafo Word 164;draft_source_aligned;;uploaded_material;
CC-M13-038;Storia dell’Arma;Dopoguerra;Battaglioni Mobili;A quale esigenza è collegato l'aumento dei Battaglioni Mobili nel riordino del 1945?;Solo manutenzione navale;Esclusivamente addestramento di piloti;Emergenze e controllo del territorio;C;Il testo collega i dodici Battaglioni Mobili alle esigenze di ordine pubblico del dopoguerra.;1;L'ARMA DEI CARABINIERI NELLA STORIA 2026 RC.docx · paragrafo Word 180;draft_source_aligned;;uploaded_material;
CC-M13-039;Storia dell’Arma;Dopoguerra;Repressione banditismo;Chi guidò il Comitato Forze Repressione Banditismo costituito nel 1949?;Colonnello Ugo Luca;Maggiore Negri di Sanfront;Generale Armando Diaz;A;Il documento attribuisce il comando del CFRB al Colonnello Ugo Luca.;1;L'ARMA DEI CARABINIERI NELLA STORIA 2026 RC.docx · paragrafo Word 185;draft_source_aligned;;uploaded_material;
CC-M13-040;Storia dell’Arma;Contrasto al terrorismo;Fondazione GIS;Quale data di fondazione del GIS riporta il documento?;1 giugno 1971;6 febbraio 1978;13 luglio 1814;B;Il testo colloca la nascita del Gruppo Intervento Speciale al 6 febbraio 1978.;1;L'ARMA DEI CARABINIERI NELLA STORIA 2026 RC.docx · paragrafo Word 210;draft_source_aligned;;uploaded_material;
CC-M14-021;Comunicazione interpersonale;Percezione;Filtri neurologici;A che cosa sono collegati i filtri neurologici della percezione?;Soltanto regolamenti dell'ufficio;Solo abitudini linguistiche della famiglia;Limiti fisiologici dell'apparato sensoriale;C;La dispensa distingue i filtri sensoriali da quelli sociali e personali.;1;Tecniche Comunicazione Interpersonale 2026 TA.pdf · pagina PDF 5;draft_source_aligned;;uploaded_material;
CC-M14-022;Comunicazione interpersonale;Percezione;Filtri sociali;Da quali elementi derivano i filtri sociali descritti?;Cultura, educazione, tradizioni e norme del gruppo;Esclusivamente temperatura e pressione;Solo la lunghezza del messaggio;A;I filtri sociali riflettono il contesto culturale ed educativo dell'individuo.;1;Tecniche Comunicazione Interpersonale 2026 TA.pdf · pagina PDF 5;draft_source_aligned;;uploaded_material;
CC-M14-023;Comunicazione interpersonale;Processo comunicativo;Codice condiviso;Quale requisito deve possedere il codice per permettere la comunicazione?;Essere condiviso tra i soggetti;Essere incomprensibile al destinatario;Essere composto soltanto da numeri;A;Il sistema di segni deve essere comprensibile ai soggetti che comunicano.;1;Tecniche Comunicazione Interpersonale 2026 TA.pdf · pagina PDF 7;draft_source_aligned;;uploaded_material;
CC-M14-024;Comunicazione interpersonale;Ostacoli comunicativi;Ostacolo fisico;Quale elemento è un ostacolo fisico alla comunicazione?;Eccessiva distanza tra gli interlocutori;Un pregiudizio personale;Una convinzione culturale;A;La distanza e le condizioni ambientali sono distinte dagli ostacoli psicologici.;1;Tecniche Comunicazione Interpersonale 2026 TA.pdf · pagina PDF 12;draft_source_aligned;;uploaded_material;
CC-M14-025;Comunicazione interpersonale;Comunicazione efficace;Pianificazione;Che cosa è opportuno definire prima di comunicare?;Soltanto la durata della pausa successiva;Scopo, informazioni essenziali, destinatario e canale;Solo il proprio giudizio sul destinatario;B;La preparazione preventiva riduce il rischio di una comunicazione improvvisata.;1;Tecniche Comunicazione Interpersonale 2026 TA.pdf · pagina PDF 15;draft_source_aligned;;uploaded_material;
CC-M14-026;Comunicazione interpersonale;Comunicazione orale;Registrazione permanente;Quale limite della comunicazione orale richiama il testo?;Può mancare una registrazione permanente del messaggio;Garantisce sempre memoria integrale e immutabile;Non può subire alcuna interpretazione;A;La dispensa elenca l'assenza di traccia permanente tra i fattori di minore affidabilità.;1;Tecniche Comunicazione Interpersonale 2026 TA.pdf · pagina PDF 18;draft_source_aligned;;uploaded_material;
CC-M14-027;Comunicazione interpersonale;Comunicazione efficace;Riferimenti precisi;Come rendere meno ambigue indicazioni operative generiche?;Usare soltanto espressioni come presto e laggiù;Omettere tutti i riferimenti verificabili;Precisare orari, luoghi e modalità;C;La dispensa raccomanda riferimenti specifici anziché formulazioni vaghe.;1;Tecniche Comunicazione Interpersonale 2026 TA.pdf · pagina PDF 22;draft_source_aligned;;uploaded_material;
CC-M14-028;Comunicazione interpersonale;Modelli comunicativi;Uniformità unidirezionale;Quale vantaggio può offrire la comunicazione unidirezionale a molti destinatari?;Assenza necessaria di qualsiasi destinatario;Uniformità e rapidità di diffusione del messaggio;Verifica automatica delle risposte individuali;B;Il testo ne indica rapidità e uniformità, distinte dal limite del mancato riscontro immediato.;1;Tecniche Comunicazione Interpersonale 2026 TA.pdf · pagina PDF 24;draft_source_aligned;;uploaded_material;
CC-M14-029;Comunicazione interpersonale;Modelli comunicativi;Scelta del modello;Esiste un unico modello comunicativo valido per ogni situazione?;Sì, sempre quello con più partecipanti;Sì, sempre quello unidirezionale;No, va scelto in funzione delle esigenze;C;La dispensa richiede di adattare il modello al contesto operativo.;1;Tecniche Comunicazione Interpersonale 2026 TA.pdf · pagina PDF 28;draft_source_aligned;;uploaded_material;
CC-M14-030;Comunicazione interpersonale;Comportamento sociale;Silenzio;Anche un comportamento privo di parole può assumere significato comunicativo?;Sì, secondo il contesto e l'interpretazione;No, soltanto le parole comunicano;No, il silenzio elimina ogni relazione;A;Il testo spiega che non è possibile sottrarsi completamente alla comunicazione.;1;Tecniche Comunicazione Interpersonale 2026 TA.pdf · pagina PDF 30;draft_source_aligned;;uploaded_material;
CC-M14-031;Comunicazione interpersonale;Comportamento sociale;Coerenza;Quale effetto può avere l'incoerenza tra parole e comportamento?;Certezza di comprensione perfetta;Riduzione della credibilità e della fiducia;Eliminazione di ogni dubbio;B;Il testo lega la credibilità alla coerenza dei canali espressivi.;1;Tecniche Comunicazione Interpersonale 2026 TA.pdf · pagina PDF 32;draft_source_aligned;;uploaded_material;
CC-M14-032;Comunicazione interpersonale;Linguaggio;Persuasione;Su quali elementi si fonda la persuasione descritta?;Solo ripetizione di minacce;Esclusivamente volume elevato della voce;Credibilità, argomentazioni e dialogo costruttivo;C;La dispensa collega la funzione persuasiva a credibilità e qualità del dialogo.;1;Tecniche Comunicazione Interpersonale 2026 TA.pdf · pagina PDF 44;draft_source_aligned;;uploaded_material;
CC-M14-033;Comunicazione interpersonale;Linguaggio;Funzione relazionale;Quale scopo caratterizza la funzione relazionale del linguaggio?;Costruire e mantenere rapporti interpersonali;Registrare soltanto dati numerici;Eliminare qualsiasi collaborazione;A;Il testo richiama fiducia, collaborazione e appartenenza.;1;Tecniche Comunicazione Interpersonale 2026 TA.pdf · pagina PDF 44;draft_source_aligned;;uploaded_material;
CC-M14-034;Comunicazione interpersonale;Linguaggio;Denotazione;Quale uso delle parole caratterizza il linguaggio denotativo?;Significato letterale e descrizione oggettiva;Significato esclusivamente simbolico;Assenza di qualsiasi significato;A;La denotazione è indicata come particolarmente adatta agli atti e alla documentazione ufficiale.;1;Tecniche Comunicazione Interpersonale 2026 TA.pdf · pagina PDF 46;draft_source_aligned;;uploaded_material;
CC-M14-035;Comunicazione interpersonale;Linguaggio;Connotazione;Quale elemento aggiuntivo può assumere il linguaggio connotativo?;Significati simbolici o emotivi;Solo numeri di protocollo;Esclusivamente definizioni matematiche;A;La connotazione arricchisce le parole di significati emotivi o simbolici.;1;Tecniche Comunicazione Interpersonale 2026 TA.pdf · pagina PDF 46;draft_source_aligned;;uploaded_material;
CC-M14-036;Comunicazione interpersonale;Comunicazione non verbale;Spazio personale;Da quali fattori dipende la distanza interpersonale nel testo?;Solo il grado gerarchico in ogni caso;Un'unica misura obbligatoria per tutte le persone;Relazione, contesto, cultura e situazione;C;La dispensa considera più fattori e raccomanda rispetto dello spazio personale.;1;Tecniche Comunicazione Interpersonale 2026 TA.pdf · pagina PDF 55;draft_source_aligned;;uploaded_material;
CC-M14-037;Comunicazione interpersonale;Comunicazione non verbale;Singolo gesto;Un singolo gesto permette conclusioni certe sulle intenzioni di una persona?;Sì, identifica sempre la menzogna;No, occorre una valutazione complessiva;Sì, rende superfluo il contesto;B;Il testo mette in guardia dalle interpretazioni automatiche del comportamento.;1;Tecniche Comunicazione Interpersonale 2026 TA.pdf · pagina PDF 56;draft_source_aligned;;uploaded_material;
CC-M14-038;Comunicazione interpersonale;Comunicazione organizzativa;Flusso discendente;Quale direzione segue la comunicazione discendente?;Soltanto tra cittadini esterni;Dal personale verso i responsabili;Dai livelli superiori verso quelli inferiori;C;Il flusso discendente comprende ordini, direttive e istruzioni.;1;Tecniche Comunicazione Interpersonale 2026 TA.pdf · pagina PDF 66;draft_source_aligned;;uploaded_material;
CC-M14-039;Comunicazione interpersonale;Comunicazione organizzativa;Flusso ascendente;Quale esempio rientra nella comunicazione ascendente?;Ordine del superiore al subordinato;Segnalazione del personale ai responsabili;Comunicato destinato esclusivamente alla stampa;B;Il flusso ascendente porta ai responsabili rapporti, proposte e criticità.;1;Tecniche Comunicazione Interpersonale 2026 TA.pdf · pagina PDF 67;draft_source_aligned;;uploaded_material;
CC-M14-040;Comunicazione interpersonale;Comunicazione organizzativa;Flusso orizzontale;Tra quali soggetti si sviluppa la comunicazione orizzontale?;Solo soggetti appartenenti a paesi diversi;Persone dello stesso livello organizzativo;Sempre il vertice e il livello più basso;B;La comunicazione orizzontale sostiene coordinamento e collaborazione tra pari livello.;1;Tecniche Comunicazione Interpersonale 2026 TA.pdf · pagina PDF 67;draft_source_aligned;;uploaded_material;
CC-M15-021;Tecniche di apprendimento;Pianificazione;Piano mensile;Quale funzione svolge il piano mensile descritto?;Impedire ogni revisione del programma;Definire traguardi ampi e consolidare i contenuti deboli;Sostituire tutte le verifiche con una data sul calendario;B;La guida distingue la visione mensile dagli impieghi della singola giornata.;1;Guida_Tecniche_Apprendimento_Rapido_ 2026_TA.pdf · pagina PDF 15;draft_source_aligned;;uploaded_material;
CC-M15-022;Tecniche di apprendimento;Gestione del tempo;Timer come strumento;Quale uso del timer raccomanda la guida?;Strumento di organizzazione da adattare alla qualità del lavoro;Obiettivo da rispettare anche senza comprensione;Garanzia automatica di apprendimento;A;"Il timer aiuta a organizzare; durata e pause vanno adattate ai risultati.";1;Guida_Tecniche_Apprendimento_Rapido_ 2026_TA.pdf · pagina PDF 18;draft_source_aligned;;uploaded_material;
CC-M15-023;Tecniche di apprendimento;Memorizzazione;Immagini mentali;Quale limite attribuisce la guida alle immagini mentali?;Non sostituiscono la comprensione di norme e procedure;Eliminano la necessità di verificare la fonte;Rendono sempre inutile studiare le definizioni;A;Le immagini sono indizi di recupero utili quando collegate chiaramente al contenuto.;1;Guida_Tecniche_Apprendimento_Rapido_ 2026_TA.pdf · pagina PDF 20;draft_source_aligned;;uploaded_material;
CC-M15-024;Tecniche di apprendimento;Lettura strategica;Precisione normativa;Quale priorità indica la guida nella lettura di materiali normativi o procedurali?;Memorizzazione del numero di pagine senza lettura;Precisione rispetto alla sola velocità;Massima velocità senza considerare le eccezioni;B;Condizioni ed eccezioni richiedono accuratezza e un ritmo adeguato.;1;Guida_Tecniche_Apprendimento_Rapido_ 2026_TA.pdf · pagina PDF 21;draft_source_aligned;;uploaded_material;
CC-M15-025;Tecniche di apprendimento;Lettura strategica;Lettura selettiva;A quale scopo può essere utile scorrere rapidamente un testo?;Orientarsi e individuare la sezione pertinente;Garantire automaticamente la comprensione di ogni dettaglio;Sostituire la lettura delle condizioni applicabili;A;La lettura selettiva serve all'orientamento, mentre i passaggi complessi richiedono rallentamento.;1;Guida_Tecniche_Apprendimento_Rapido_ 2026_TA.pdf · pagina PDF 21;draft_source_aligned;;uploaded_material;
CC-M15-026;Tecniche di apprendimento;Lettura strategica;Subvocalizzazione;Quale posizione esprime la guida sulla subvocalizzazione?;Fa parte della normale lettura e può sostenere la comprensione;Va eliminata completamente in ogni caso;Dimostra incapacità di apprendere;A;Il testo respinge l'eliminazione totale come obiettivo scientificamente fondato.;1;Guida_Tecniche_Apprendimento_Rapido_ 2026_TA.pdf · pagina PDF 22;draft_source_aligned;;uploaded_material;
CC-M15-027;Tecniche di apprendimento;Lettura strategica;Regressioni oculari;Tornare a rileggere una frase poco chiara è sempre un difetto?;No, può sostenere la comprensione;Sì, annulla tutto lo studio precedente;Sì, deve essere impedito sempre;A;La guida ammette regressioni e rilettura quando necessarie alla comprensione.;1;Guida_Tecniche_Apprendimento_Rapido_ 2026_TA.pdf · pagina PDF 22;draft_source_aligned;;uploaded_material;
CC-M15-028;Tecniche di apprendimento;Lettura strategica;Parole una alla volta;Quale limite dei software che mostrano una parola alla volta richiama la guida?;Permettono sempre comprensione integrale di testi complessi;Riducono possibilità di rilettura ed esplorazione della struttura;Sostituiscono ogni confronto con il testo completo;B;La presentazione rapida può limitare gli strumenti di lettura accurata.;1;Guida_Tecniche_Apprendimento_Rapido_ 2026_TA.pdf · pagina PDF 22;draft_source_aligned;;uploaded_material;
CC-M15-029;Tecniche di apprendimento;Studio attivo;Mappe concettuali;Che cosa rappresentano principalmente le mappe concettuali?;Un elenco casuale di parole scollegate;Solo decorazioni prive di legami;Relazioni fra concetti;C;Le mappe rendono visibili relazioni, condizioni, eccezioni e fonti.;1;Guida_Tecniche_Apprendimento_Rapido_ 2026_TA.pdf · pagina PDF 24;draft_source_aligned;;uploaded_material;
CC-M15-030;Tecniche di apprendimento;Studio attivo;Fonte e mappa;Una mappa concettuale sostituisce il testo di riferimento?;Sì, rende inutile controllare le fonti;Sì, ogni collegamento inventato diventa valido;No, lo organizza ma non lo sostituisce;C;La guida precisa il ruolo di supporto delle mappe alla comprensione.;1;Guida_Tecniche_Apprendimento_Rapido_ 2026_TA.pdf · pagina PDF 24;draft_source_aligned;;uploaded_material;
CC-M15-031;Tecniche di apprendimento;Stress e motivazione;Variabilità dello stress;Da quali fattori dipende l'effetto dello stress sulla prestazione?;Solo dal giorno della settimana;Da una regola identica per tutte le persone;Intensità, durata, controllabilità e tipo di compito;C;La guida descrive un effetto variabile, senza ridurlo semplicemente a buono o cattivo.;1;Guida_Tecniche_Apprendimento_Rapido_ 2026_TA.pdf · pagina PDF 25;draft_source_aligned;;uploaded_material;
CC-M15-032;Tecniche di apprendimento;Stress e motivazione;Time-blocking;Che cosa significa time-blocking nella guida?;Attendere sempre l'ultimo giorno utile;Riservare finestre di tempo a compiti definiti con margini realistici;Studiare senza mai fermarsi;B;La tecnica organizza compiti e tempo lasciando spazio agli imprevisti.;1;Guida_Tecniche_Apprendimento_Rapido_ 2026_TA.pdf · pagina PDF 26;draft_source_aligned;;uploaded_material;
CC-M15-033;Tecniche di apprendimento;Stress e motivazione;Piano se-allora;Quale scopo ha un piano se-allora?;Eliminare ogni decisione futura con una formula magica;Individuare soltanto una colpa personale;Collegare un ostacolo prevedibile a una risposta concreta;C;Il piano di implementazione facilita il passaggio dall'intenzione all'azione.;1;Guida_Tecniche_Apprendimento_Rapido_ 2026_TA.pdf · pagina PDF 27;draft_source_aligned;;uploaded_material;
CC-M15-034;Tecniche di apprendimento;Competenze pratiche;Role-play;Quale caratteristica definisce il role-play descritto?;Ogni partecipante riceve un ruolo e una consegna;I partecipanti agiscono senza obiettivi né limiti;Consiste soltanto nel copiare un testo;A;Il role-play esercita aspetti della situazione in ambiente controllato con compiti assegnati.;1;Guida_Tecniche_Apprendimento_Rapido_ 2026_TA.pdf · pagina PDF 29;draft_source_aligned;;uploaded_material;
CC-M15-035;Tecniche di apprendimento;Stress e motivazione;SMART;Come viene presentato il modello SMART nella guida?;Legge biologica che garantisce ogni risultato;Formula che sostituisce la pratica;Cornice pratica per obiettivi verificabili, non legge psicologica;C;La guida ne sottolinea l'utilità organizzativa e i limiti.;1;Guida_Tecniche_Apprendimento_Rapido_ 2026_TA.pdf · pagina PDF 31;draft_source_aligned;;uploaded_material;
CC-M15-036;Tecniche di apprendimento;Stress e motivazione;Visualizzare il processo;Quale visualizzazione è indicata come utile alla preparazione?;Processo, ostacoli probabili e recupero dopo un errore;Esclusivamente il premio finale;Solo fantasia del successo senza azioni;A;La guida distingue preparazione del processo e semplice immaginazione del successo.;1;Guida_Tecniche_Apprendimento_Rapido_ 2026_TA.pdf · pagina PDF 31;draft_source_aligned;;uploaded_material;
CC-M15-037;Tecniche di apprendimento;Trasferimento;Invarianti;Che cosa sono le invarianti nel trasferimento delle competenze descritto?;Gli elementi da cambiare senza controllo;Obiettivi, criteri e vincoli da mantenere stabili;Solo le parole da imparare a memoria;B;La guida distingue principi stabili e variabili del contesto.;1;Guida_Tecniche_Apprendimento_Rapido_ 2026_TA.pdf · pagina PDF 32;draft_source_aligned;;uploaded_material;
CC-M15-038;Tecniche di apprendimento;Benessere e attenzione;Mindfulness;Come descrive la guida la mindfulness?;Notare l'esperienza presente e tornare al focus scelto;Ignorare sempre ogni emozione;Svuotare completamente la mente per obbligo;A;Il testo distingue la focalizzazione consapevole dall'idea di mente vuota.;1;Guida_Tecniche_Apprendimento_Rapido_ 2026_TA.pdf · pagina PDF 37;draft_source_aligned;;uploaded_material;
CC-M15-039;Tecniche di apprendimento;Neuroscienze dell'apprendimento;Sonno e memoria;Quale ruolo del sonno è richiamato nel consolidamento?;Contribuire all'elaborazione e stabilizzazione delle esperienze apprese;Interrompere necessariamente ogni processo di memoria;Sostituire la necessità di studiare;A;La guida descrive il contributo del riposo ai processi progressivi di consolidamento.;1;Guida_Tecniche_Apprendimento_Rapido_ 2026_TA.pdf · pagina PDF 44;draft_source_aligned;;uploaded_material;
CC-M15-040;Tecniche di apprendimento;Neuroscienze dell'apprendimento;Plasticità sinaptica;Che cosa indica la plasticità sinaptica nella guida?;Crescita obbligatoria di connessioni a ogni pagina letta;Impossibilità di modificare il funzionamento neurale;Modificazione dell'efficacia delle connessioni con attività ed esperienza;C;Il testo descrive rafforzamento e indebolimento delle connessioni e riorganizzazione delle reti.;1;Guida_Tecniche_Apprendimento_Rapido_ 2026_TA.pdf · pagina PDF 46;draft_source_aligned;;uploaded_material;
CC-M1-039;Centrale operativa e trasmissioni;C-Mobile;Connettività dati;Quale componente del tablet gestisce la connessione dati descritta?;SIM card telefonica abilitata;Un modulo cartaceo firmato;Solo la memoria fotografica;A;La sinossi indica una SIM per coordinate, contenuti multimediali, allarmi e messaggi.;1;Sinossi centrale operativa.pdf · pagina PDF 11;draft_source_aligned;;uploaded_material;
CC-M1-040;Centrale operativa e trasmissioni;C-Mobile;Barra di navigazione;Dove è collocata la barra che consente la navigazione nei moduli C-Mobile descritti?;Esclusivamente sul retro fisico del tablet;Soltanto sulla copertina del manuale;Nella parte inferiore dello schermo;C;La sinossi descrive una barra inferiore sempre presente nelle schermate.;1;Sinossi centrale operativa.pdf · pagina PDF 13;draft_source_aligned;;uploaded_material;
CC-M3-026;Patenti di guida;Ciclomotori e motocicli;AM velocità;Quale valore di riferimento della velocità compare nella riga AM recuperata dello schema?;90 km/h;130 km/h;45 km/h;C;La riga recuperata descrive i ciclomotori indicando velocità inferiore a 45 km/h.;2;Schema_Patenti_di_Guida_CDS_2026.pdf · pagina PDF 1;draft_source_aligned;important_recovered;uploaded_material;
CC-M3-027;Patenti di guida;Ciclomotori e motocicli;AM batterie;Nella massa a vuoto indicata per AM, che cosa esclude la riga recuperata?;Sempre il telaio;Batterie;Tutte le ruote;B;Il testo conservato fuori pagina precisa che le batterie sono escluse dal valore della massa a vuoto riportato.;2;Schema_Patenti_di_Guida_CDS_2026.pdf · pagina PDF 1;draft_source_aligned;important_recovered;uploaded_material;
CC-M3-028;Patenti di guida;Ciclomotori e motocicli;A1 cilindrata;Quale cilindrata di riferimento riporta la riga A1 dello schema?;1.000 cm³;125 cm³;500 cm³;B;La riga riporta motocicli con cilindrata inferiore a 125 cm³, secondo la formulazione del documento.;2;Schema_Patenti_di_Guida_CDS_2026.pdf · pagina PDF 1;draft_source_aligned;important_recovered;uploaded_material;
CC-M3-029;Patenti di guida;Ciclomotori e motocicli;A1 potenza;Quale potenza di riferimento riporta lo schema per i motocicli A1?;105 kW;11 kW;35 kW;B;Il documento indica potenza inferiore a 11 kW nella riga A1.;2;Schema_Patenti_di_Guida_CDS_2026.pdf · pagina PDF 1;draft_source_aligned;important_recovered;uploaded_material;
CC-M3-030;Patenti di guida;Ciclomotori e motocicli;A1 rapporto;Quale valore di riferimento del rapporto potenza/massa riporta la riga A1?;0,20 kW/kg;1,00 kW/kg;0,10 kW/kg;C;Lo schema riporta un rapporto inferiore a 0,10 kW/kg per la categoria A1.;2;Schema_Patenti_di_Guida_CDS_2026.pdf · pagina PDF 1;draft_source_aligned;important_recovered;uploaded_material;
CC-M3-031;Patenti di guida;Ciclomotori e motocicli;A2 potenza;Quale potenza di riferimento compare nella riga A2?;75 kW;11 kW;35 kW;C;La riga A2 indica motocicli con potenza inferiore a 35 kW, secondo il testo dello schema.;2;Schema_Patenti_di_Guida_CDS_2026.pdf · pagina PDF 1;draft_source_aligned;important_recovered;uploaded_material;
CC-M3-032;Patenti di guida;Ciclomotori e motocicli;A2 rapporto;Quale valore di riferimento del rapporto potenza/massa riporta lo schema per A2?;0,20 kW/kg;2,00 kW/kg;0,10 kW/kg;A;Il documento associa A2 a un rapporto inferiore a 0,20 kW/kg.;2;Schema_Patenti_di_Guida_CDS_2026.pdf · pagina PDF 1;draft_source_aligned;important_recovered;uploaded_material;
CC-M3-033;Patenti di guida;Ciclomotori e motocicli;A2 derivazione;Quale vincolo sulla versione originaria del motociclo compare nella riga A2 recuperata?;Derivare obbligatoriamente da una versione con potenza tripla;Non derivare da una versione con più del doppio della potenza;Non avere mai una versione originaria;B;Il testo fuori pagina completa il vincolo relativo alla derivazione del motociclo.;2;Schema_Patenti_di_Guida_CDS_2026.pdf · pagina PDF 1;draft_source_aligned;important_recovered;uploaded_material;
CC-M3-034;Patenti di guida;Ciclomotori e motocicli;A tricicli;Da quale età lo schema consente i tricicli con potenza superiore a 15 kW nella riga A?;Ventuno anni;Diciotto anni senza altre condizioni;Sedici anni;A;La riga A riporta espressamente il compimento dei 21 anni per tali tricicli.;2;Schema_Patenti_di_Guida_CDS_2026.pdf · pagina PDF 1;draft_source_aligned;important_recovered;uploaded_material;
CC-M3-035;Patenti di guida;Quadricicli e rimorchi;B1 veicoli;Quale tipo di veicolo associa lo schema alla patente B1?;Motocicli senza limiti;Autobus di ogni dimensione;Quadricicli non leggeri;C;La riga B1 identifica i quadricicli non leggeri.;2;Schema_Patenti_di_Guida_CDS_2026.pdf · pagina PDF 1;draft_source_aligned;important_recovered;uploaded_material;
CC-M3-036;Patenti di guida;Quadricicli e rimorchi;B1 motocicli;La riga B1 recuperata abilita alla guida di motocicli?;Sì, senza limiti;Sì, esclusivamente sopra 500 cm³;No, il testo lo esclude;C;La frase fuori pagina specifica che B1 non abilita ai motocicli.;2;Schema_Patenti_di_Guida_CDS_2026.pdf · pagina PDF 1;draft_source_aligned;important_recovered;uploaded_material;
CC-M3-037;Patenti di guida;Quadricicli e rimorchi;B1 potenza;Quale potenza nominale netta di riferimento è riportata per B1?;35 kW;105 kW;15 kW;C;Il testo recuperato completa la riga con potenza nominale netta inferiore a 15 kW.;2;Schema_Patenti_di_Guida_CDS_2026.pdf · pagina PDF 1;draft_source_aligned;important_recovered;uploaded_material;
CC-M3-038;Patenti di guida;Quadricicli e rimorchi;B1 massa trasporto cose;Quale valore di massa a vuoto riporta lo schema per i quadricicli B1 destinati al trasporto cose?;3.500 kg;550 kg;400 kg;B;La riga distingue il valore di 550 kg per il trasporto cose dal valore generale di 400 kg.;2;Schema_Patenti_di_Guida_CDS_2026.pdf · pagina PDF 1;draft_source_aligned;important_recovered;uploaded_material;
CC-M3-039;Patenti di guida;Quadricicli e rimorchi;B96 prova;Quale prova aggiuntiva è indicata nella riga B codice 96?;Nessuna prova nel testo;Solo una visita presso l'ufficio postale;Prova pratica specifica;C;Lo schema associa il codice 96 alla prova pratica specifica.;2;Schema_Patenti_di_Guida_CDS_2026.pdf · pagina PDF 1;draft_source_aligned;important_recovered;uploaded_material;
CC-M3-040;Patenti di guida;Trasporto cose;C1E motrice B;La riga C1E recuperata contempla anche una motrice di categoria B?;No, menziona solo motocicli;Sì, con rimorchio e complesso entro le condizioni indicate;No, esclude qualunque motrice;B;Il testo fuori pagina completa la seconda possibilità con motrice B e i limiti di rimorchio e complesso.;2;Schema_Patenti_di_Guida_CDS_2026.pdf · pagina PDF 1;draft_source_aligned;important_recovered;uploaded_material;
CC-M3-041;Patenti di guida;Trasporto cose;CE composizione;Quale combinazione di categorie descrive la riga CE dello schema?;Solo quadriciclo leggero senza rimorchio;Motrice C con rimorchio oltre il valore indicato;Motrice A con carrozzino;B;La riga CE riguarda una motrice di categoria C e un rimorchio superiore a 750 kg.;2;Schema_Patenti_di_Guida_CDS_2026.pdf · pagina PDF 1;draft_source_aligned;important_recovered;uploaded_material;
CC-M3-042;Patenti di guida;Trasporto persone;DE composizione;Quale motrice è indicata per la categoria DE nello schema?;Categoria AM;Categoria D;Categoria A1;B;Il testo descrive DE come motrice D con rimorchio superiore al valore riportato.;2;Schema_Patenti_di_Guida_CDS_2026.pdf · pagina PDF 1;draft_source_aligned;important_recovered;uploaded_material;
CC-M3-043;Patenti di guida;Trasporto persone;D1 dimensione;Quale lunghezza di riferimento riporta lo schema per gli autoveicoli D1?;8 metri;3 metri;18 metri;A;La riga D1 indica una lunghezza inferiore a 8 metri secondo la formulazione del documento.;2;Schema_Patenti_di_Guida_CDS_2026.pdf · pagina PDF 1;draft_source_aligned;important_recovered;uploaded_material;
CC-M1-041;Centrale operativa e trasmissioni;Funzione della centrale;Flussi informativi;Quale attività compie la Centrale sui flussi informativi delle attività operative?;Li inoltra sempre senza valutarli;Li riceve e li analizza;Li conserva senza esaminarli;B;La sinossi attribuisce alla Centrale la ricezione e l'analisi dei flussi informativi delle attività operative.;1;Sinossi centrale operativa.pdf · pagina PDF 3;draft_source_aligned;important_highlighted;uploaded_material;
CC-M1-042;Centrale operativa e trasmissioni;Funzione della centrale;Valutazione del territorio;Oltre a ricevere notizie, che cosa valuta la Centrale rispetto al territorio?;Soltanto il numero di abitanti;Le situazioni particolari e le loro implicazioni operative;Esclusivamente la classificazione delle strade;B;La Centrale valuta le situazioni particolari del territorio e le implicazioni che possono avere sul piano operativo.;1;Sinossi centrale operativa.pdf · pagina PDF 3;draft_source_aligned;important_highlighted;uploaded_material;
CC-M1-043;Centrale operativa e trasmissioni;Organizzazione della Centrale;Area riservata;Chi può accedere e sostare nella Centrale Operativa secondo la sinossi?;Ogni visitatore senza incarico;Chiunque sia presente in caserma;Il personale previsto o di volta in volta incaricato;C;La Centrale è definita area riservata: l'accesso e la permanenza sono limitati al personale previsto o incaricato.;1;Sinossi centrale operativa.pdf · pagina PDF 3;draft_source_aligned;important_highlighted;uploaded_material;
CC-M1-044;Centrale operativa e trasmissioni;Organizzazione della Centrale;Visite e riservatezza;Durante lavori eseguiti da tecnici esterni, come vanno trattati cartelli e schemi con notizie riservate?;Devono essere esposti per agevolare i lavori;Devono essere fotografati dai visitatori;Devono essere coperti;C;La sinossi richiede di coprire cartelli, schemi e carte recanti notizie riservate quando accedono estranei per visite o lavori.;1;Sinossi centrale operativa.pdf · pagina PDF 3;draft_source_aligned;important_highlighted;uploaded_material;
CC-M1-045;Centrale operativa e trasmissioni;Organizzazione della Centrale;Preparazione degli operatori;Quali requisiti professionali sono richiesti al personale della Centrale?;Solo capacità di digitare rapidamente;Soltanto conoscenza delle marche degli apparati;Formazione specifica, esperienza professionale e conoscenza del territorio;C;La gestione è affidata a personale appositamente formato, con esperienza professionale e conoscenza del territorio.;1;Sinossi centrale operativa.pdf · pagina PDF 3;draft_source_aligned;important_highlighted;uploaded_material;
CC-M1-046;Centrale operativa e trasmissioni;Organizzazione della Centrale;Aree di lavoro;Quale area funzionale è dedicata alla consultazione delle informazioni delle Forze di polizia?;L'area magazzino;L'area banca dati;L'area manutenzione dei veicoli;B;Tra le aree funzionali della Centrale, la sinossi identifica quella banca dati per la consultazione della Banca dati delle Forze di polizia.;1;Sinossi centrale operativa.pdf · pagina PDF 4;draft_source_aligned;important_highlighted;uploaded_material;
CC-M1-047;Centrale operativa e trasmissioni;Coordinamento degli interventi;Scelta dell'equipaggio;Quali elementi orientano l'invio della pattuglia sul luogo dell'intervento?;Prossimità, complessità dell'evento e caratteristiche del veicolo;Soltanto l'ordine alfabetico dei militari;Esclusivamente l'anzianità del veicolo;A;La scelta tiene conto della prossimità dell'equipaggio disponibile, della tipologia e complessità dell'intervento e delle caratteristiche del veicolo militare.;1;Sinossi centrale operativa.pdf · pagina PDF 4;draft_source_aligned;important_highlighted;uploaded_material;
CC-M1-048;Centrale operativa e trasmissioni;Coordinamento degli interventi;Informazioni alla pattuglia;Quali informazioni vanno fornite alle pattuglie inviate sull'evento?;Solo l'ora prevista di fine turno;Soltanto il nome dell'operatore di Centrale;Natura dell'evento, situazione in atto ed elementi utili;C;La Centrale informa le pattuglie sulla natura dell'evento e sulla situazione in atto, aggiungendo ogni elemento utile alla sua gestione.;1;Sinossi centrale operativa.pdf · pagina PDF 4;draft_source_aligned;important_highlighted;uploaded_material;
CC-M1-049;Centrale operativa e trasmissioni;Coordinamento degli interventi;Scheda intervento;Con quale applicativo viene redatta la scheda di intervento citata nella sinossi?;Esclusivamente il navigatore PTV;CC 112;Unicamente il programma di videoscrittura;B;La sinossi prevede la redazione della scheda mediante CC 112, individuando fattori di rischio e necessità di sicurezza o soccorso immediato.;1;Sinossi centrale operativa.pdf · pagina PDF 4;draft_source_aligned;important_highlighted;uploaded_material;
CC-M1-050;Centrale operativa e trasmissioni;Coordinamento degli interventi;Allarme antirapina;Ricevuto un allarme antirapina telematico nell'area di responsabilità, chi viene contattato per acquisire dettagli?;La persona referente;Esclusivamente il conducente di una pattuglia fuori servizio;Un fornitore scelto casualmente;A;La Centrale assume l'allarme in carico e contatta telefonicamente il referente per ottenere ulteriori dettagli.;1;Sinossi centrale operativa.pdf · pagina PDF 5;draft_source_aligned;important_highlighted;uploaded_material;
CC-M1-051;Centrale operativa e trasmissioni;Coordinamento degli interventi;Conversazione in situazioni critiche;Nelle situazioni di violenza di genere o tentato suicidio, quale condotta telefonica indica la sinossi, per quanto possibile?;Attendere che la persona richiami dopo l'intervento;Mantenere la conversazione fino all'arrivo della prima pattuglia;Interrompere appena acquisito il nominativo;B;Il passaggio raccomanda di mantenere attiva la conversazione sino al sopraggiungere della prima pattuglia, valutando le indicazioni in base alla situazione.;1;Sinossi centrale operativa.pdf · pagina PDF 5;draft_source_aligned;important_highlighted;uploaded_material;
CC-M1-052;Centrale operativa e trasmissioni;Coordinamento degli interventi;Persone scomparse;In quale sistema la Centrale inserisce le informazioni sulla persona scomparsa nel passaggio dedicato?;GESTINCPAD;RINPI;TEWEB;B;Per le persone scomparse sono previste la diramazione delle ricerche e l'immissione delle informazioni nel sistema RINPI, Rintraccio persona Irreperibile.;1;Sinossi centrale operativa.pdf · pagina PDF 5;draft_source_aligned;important_highlighted;uploaded_material;
CC-M1-053;Centrale operativa e trasmissioni;Coordinamento degli interventi;Alterazione psicofisica;Quale soccorso viene richiesto quando si interviene su una persona in stato di alterazione psicofisica, secondo la sinossi?;Unicamente il servizio di manutenzione radio;Solo assistenza amministrativa;L'ausilio del Servizio di emergenza sanitaria 118;C;Il testo prevede rinforzi e ausilio sanitario 118, con eventuale attivazione del negoziatore se tempi e circostanze lo consentono.;1;Sinossi centrale operativa.pdf · pagina PDF 5;draft_source_aligned;important_highlighted;uploaded_material;
CC-M1-054;Centrale operativa e trasmissioni;Coordinamento degli interventi;Notizie preliminari;Per eventi di maggiore interesse o allarme, l'avviso telefonico al Comandante di Compagnia può riguardare notizie non ancora verificate?;Sì, anche preliminari e anche in orario notturno;Sì, ma esclusivamente durante l'orario d'ufficio;No, solo dopo la chiusura di tutti gli accertamenti;A;La sinossi dispone l'avviso telefonico, anche notturno, per le notizie preliminari relative agli eventi per i quali è previsto il preavviso.;1;Sinossi centrale operativa.pdf · pagina PDF 6;draft_source_aligned;important_highlighted;uploaded_material;
CC-M1-055;Centrale operativa e trasmissioni;Coordinamento degli interventi;Squadre di rinforzo;Costituendo una squadra di più pattuglie per il primo intervento, quale ruolo va individuato?;Il capo team;Il responsabile del magazzino;Il tecnico del centralino;A;La Centrale pre-allerta i servizi e costituisce squadre di più pattuglie, individuandone il capo team.;1;Sinossi centrale operativa.pdf · pagina PDF 6;draft_source_aligned;important_highlighted;uploaded_material;
CC-M1-056;Centrale operativa e trasmissioni;Coordinamento degli interventi;Braccialetto e malfunzionamenti;Chi viene attivato per i malfunzionamenti del dispositivo elettronico di sorveglianza?;Il gestore del parcheggio pubblico;L'ufficio che rilascia le patenti;La società che gestisce il servizio;C;La sinossi distingue l'attivazione della società di gestione per inizializzazione e malfunzionamenti da quella del Reparto territoriale nei casi previsti.;1;Sinossi centrale operativa.pdf · pagina PDF 6;draft_source_aligned;important_highlighted;uploaded_material;
CC-M1-057;Centrale operativa e trasmissioni;Priorità;Passaggio all'emergenza;Con quale tempestività avviene il passaggio dalla situazione normale a quella di emergenza?;Solo dopo la produzione di un report statistico;Sempre al cambio di turno successivo;Con l'immediatezza richiesta dalle circostanze;C;Il passaggio avviene con l'intervento del Comandante o del sostituto incaricato e con l'immediatezza richiesta dalle circostanze.;1;Sinossi centrale operativa.pdf · pagina PDF 7;draft_source_aligned;;uploaded_material;
CC-M1-058;Centrale operativa e trasmissioni;Priorità;Profili operativi;Quale terna di profili è prevista dalla piattaforma CC112-NUE descritta?;Archivista, Cassiere e Contabile;Calltaker, Dispatcher e Supervisore;Conducente, Meccanico e Magazziniere;B;La piattaforma distribuisce il lavoro tra Calltaker, Dispatcher e Supervisore, con profili di responsabilità crescente.;1;Sinossi centrale operativa.pdf · pagina PDF 7;draft_source_aligned;;uploaded_material;
CC-M1-059;Centrale operativa e trasmissioni;Passaggio di consegne;Dati delle pattuglie;Quali dati dei servizi esterni devono essere annotati dall'operatore?;Soltanto il colore delle uniformi;Orari di servizio e selettive radio delle pattuglie;Unicamente le preferenze dei conducenti;B;La sinossi richiede l'annotazione degli orari e delle selettive radio veicolari e portatili delle pattuglie presenti sul territorio.;1;Sinossi centrale operativa.pdf · pagina PDF 5;draft_source_aligned;important_highlighted;uploaded_material;
CC-M1-060;Centrale operativa e trasmissioni;Passaggio di consegne;Operatore smontante;Da chi l'operatore acquisisce la situazione operativa all'inizio del turno?;Dal tecnico incaricato della manutenzione;Dall'operatore smontante;Soltanto dal cittadino che chiama per primo;B;Il testo identifica l'operatore smontante come fonte della situazione operativa del giorno e degli interventi in atto e conclusi.;1;Sinossi centrale operativa.pdf · pagina PDF 7;draft_source_aligned;;uploaded_material;
CC-M1-061;Centrale operativa e trasmissioni;Comunicazioni;Barra telefonica;Quale strumento di CC112-NUE consente di mettere in pausa, trasferire e gestire in conferenza una chiamata?;Il commutatore del canale radio;La sola barra cartografica;La barra telefonica;C;La barra telefonica permette l'interazione tra software e centralino e la gestione completa della sessione telefonica.;1;Sinossi centrale operativa.pdf · pagina PDF 7;draft_source_aligned;;uploaded_material;
CC-M1-062;Centrale operativa e trasmissioni;Comunicazioni;Registrazioni digitali;A quali elementi possono essere associate le registrazioni delle comunicazioni telefoniche?;Solo al numero di serie del monitor;Alle schede di segnalazione o intervento compilate;Soltanto al registro delle manutenzioni;B;La piattaforma di registrazione digitale permette archiviazione e associazione delle comunicazioni alle schede compilate dagli operatori.;1;Sinossi centrale operativa.pdf · pagina PDF 8;draft_source_aligned;;uploaded_material;
CC-M1-063;Centrale operativa e trasmissioni;Collegamenti radio;Interfacce integrate;Quali dispositivi sono integrati nel sistema per localizzare in tempo reale le risorse sul territorio?;TETRA e C-Mobile;Soltanto stampanti e scanner;Unicamente il fax;A;La sinossi indica la piena integrazione con dispositivi TETRA e C-Mobile per la localizzazione delle risorse.;1;Sinossi centrale operativa.pdf · pagina PDF 8;draft_source_aligned;;uploaded_material;
CC-M1-064;Centrale operativa e trasmissioni;Collegamenti radio;Coda di conversazione;Quante richieste diverse può mettere in attesa la consolle descritta nella rete Gamma 400?;Fino a 32;Fino a 3;Fino a 6;A;"Nel sistema descritto sono accodabili fino a 32 chiamate diverse; le prime tre sono visibili sul display in ordine prioritario.";1;Sinossi centrale operativa.pdf · pagina PDF 29;draft_source_aligned;;uploaded_material;
CC-M1-065;Centrale operativa e trasmissioni;Controllo pattuglie;Rientro in sede;Quale comunicazione riceve la Centrale al termine dell'impiego dei servizi esterni?;Unicamente una chiamata se il veicolo cambia colore;La comunicazione del loro rientro in sede;Solo una foto del contachilometri;B;La sinossi prevede che la Centrale riceva la comunicazione del rientro in sede dei servizi esterni per eventuali esigenze.;1;Sinossi centrale operativa.pdf · pagina PDF 5;draft_source_aligned;important_highlighted;uploaded_material;
CC-M1-066;Centrale operativa e trasmissioni;Controllo pattuglie;Quadro delle risorse;Quali due aspetti dei servizi esterni verifica la Centrale per aggiornare il quadro operativo?;Stato e posizione;Marca e anno di acquisto degli stivali;Soltanto il numero di messaggi sul tablet;A;La verifica dello stato e della posizione dei servizi esterni mantiene aggiornato il quadro delle forze impegnate sul territorio.;1;Sinossi centrale operativa.pdf · pagina PDF 5;draft_source_aligned;important_highlighted;uploaded_material;
CC-M1-067;Centrale operativa e trasmissioni;Radiolocalizzazione;Informazioni equipaggio;Quale informazione sul personale è trattata dal modulo di radiolocalizzazione, oltre ai dati del mezzo?;La composizione dell'equipaggio;La graduatoria del concorso di arruolamento;La cronologia delle ferie di tutto il reparto;A;Tra le informazioni trattate figurano composizione dell'equipaggio, identificativo del mezzo, velocità e codice di stato di servizio.;1;Sinossi centrale operativa.pdf · pagina PDF 8;draft_source_aligned;;uploaded_material;
CC-M1-068;Centrale operativa e trasmissioni;Radiolocalizzazione;Percorso;Quale istruzione relativa alla viabilità può essere inviata al mezzo, oltre alla destinazione?;Il percorso da seguire;L'elenco di tutte le officine del Paese;Solo il prezzo del carburante;A;Il modulo permette sia l'invio della destinazione sia quello del percorso da seguire al veicolo prescelto.;1;Sinossi centrale operativa.pdf · pagina PDF 8;draft_source_aligned;;uploaded_material;
CC-M1-069;Centrale operativa e trasmissioni;Radiolocalizzazione;Aggiornamento della flotta;Quale richiesta può essere inviata a tutti i mezzi collegati?;La posizione aggiornata;La cancellazione dei registri di servizio;Un cambio automatico del conducente;A;Le funzioni comprendono la richiesta della posizione aggiornata a tutti i mezzi collegati e il monitoraggio dello stato del veicolo.;1;Sinossi centrale operativa.pdf · pagina PDF 8;draft_source_aligned;;uploaded_material;
CC-M1-070;Centrale operativa e trasmissioni;Scheda contatto;Integrazione dell'operatore;Quale informazione l'operatore CUR aggiunge ai dati automatici della scheda contatto?;Il modello di stampante della Centrale;La tipologia del soccorso necessario;Il piano ferie della pattuglia;B;"Numero e localizzazione sono inseriti automaticamente; la scheda viene poi integrata con il tipo di soccorso necessario.";1;Sinossi centrale operativa.pdf · pagina PDF 10;draft_source_aligned;;uploaded_material;
CC-M1-071;Centrale operativa e trasmissioni;Scheda contatto;Informazioni ricevute dalla CUR;Oltre a identificazione e localizzazione, quali informazioni essenziali contiene la scheda ricevuta dalla CUR?;Il registro degli aggiornamenti radio;La natura dell'emergenza;Il curriculum dell'operatore telefonico;B;La sinossi descrive la scheda contatto ricevuta dalla CUR come contenente anche le informazioni essenziali sulla natura dell'emergenza.;1;Sinossi centrale operativa.pdf · pagina PDF 4;draft_source_aligned;important_highlighted;uploaded_material;
CC-M1-072;Centrale operativa e trasmissioni;NUE 112;Emergenza;Quale caratteristica distingue l'emergenza nella definizione riportata dalla sinossi?;Qualsiasi richiesta di orari degli uffici;Solo un evento già concluso senza alcun pericolo;Un evento imprevisto che espone persone o cose a pericolo reale o potenziale;C;La definizione collega l'emergenza a un evento improvviso e a una situazione di pericolo reale o potenziale.;1;Sinossi centrale operativa.pdf · pagina PDF 9;draft_source_aligned;;uploaded_material;
CC-M1-073;Centrale operativa e trasmissioni;Reti radio;Canali locali;Quanti canali locali sono previsti nella configurazione Gamma 400 della sinossi, oltre al canale nazionale?;Cinque;Due;Dieci;A;La disponibilità descritta è di cinque canali locali più il canale sei utilizzabile su tutto il territorio nazionale.;1;Sinossi centrale operativa.pdf · pagina PDF 27;draft_source_aligned;;uploaded_material;
CC-M1-074;Centrale operativa e trasmissioni;Reti radio;Espansione dei canali;Come si estende il numero di canali della rete modulare descritta?;Cambiando soltanto il nome della Centrale;Spostando tutti i veicoli nella stessa strada;Aggiungendo unità modulari agli apparati delle stazioni fisse;C;Il testo distingue l'estensione dei canali, mediante unità modulari, dall'estensione territoriale, ottenuta con ulteriori stazioni ripetitrici.;1;Sinossi centrale operativa.pdf · pagina PDF 27;draft_source_aligned;;uploaded_material;
CC-M1-075;Centrale operativa e trasmissioni;Rete Gamma 400;Modo automatico;Quale scelta ricerca automaticamente il modo automatico per il canale selezionato nel periferico mobile?;Trasmissione video oppure stampa cartacea;Collegamento diretto oppure tramite ripetitore;Invio mediante fax oppure posta;B;Il modo automatico ricerca il collegamento diretto o ripetuto, evitando una selezione incompatibile con la copertura locale.;1;Sinossi centrale operativa.pdf · pagina PDF 28;draft_source_aligned;;uploaded_material;
CC-M1-076;Centrale operativa e trasmissioni;Rete Gamma 400;Modo semplice;Nel modo semplice, quante frequenze usa il collegamento simplex descritto?;Una;Due sempre simultanee;Sei per ogni parola;A;Il modo semplice è definito simplex a una frequenza ed è impiegato per comunicazioni dirette tra periferici previa autorizzazione.;1;Sinossi centrale operativa.pdf · pagina PDF 28;draft_source_aligned;;uploaded_material;
CC-M1-077;Centrale operativa e trasmissioni;Rete Gamma 400;Prenotazione;Quale informazione è associata alla chiamata per conversazione emessa dal periferico?;Il proprio codice di identificazione;Solo il nome della località in chiaro;Il numero di immatricolazione della stampante;A;Le operazioni dei periferici comprendono l'emissione della prenotazione con associato il proprio codice identificativo.;1;Sinossi centrale operativa.pdf · pagina PDF 32;draft_source_aligned;;uploaded_material;
CC-M1-078;Centrale operativa e trasmissioni;Ponti ripetitori;Selezione automatica;In base a quale criterio la consolle seleziona il ripetitore raggiunto dal periferico?;Il miglior rapporto segnale/rumore;L'ordine alfabetico delle località;Il nome più breve del ponte;A;La selezione descritta privilegia il ponte che ha ricevuto il segnale con il miglior rapporto segnale/rumore.;1;Sinossi centrale operativa.pdf · pagina PDF 33;draft_source_aligned;;uploaded_material;
CC-M1-079;Centrale operativa e trasmissioni;Ponti ripetitori;Posizione topografica;In quale posizione vengono dislocate le stazioni ripetitrici per estendere la portata radio?;Sempre nel locale più basso del fabbricato;In posizione topografica dominante;Solo all'interno di un veicolo parcheggiato;B;La collocazione in posizione dominante facilita l'estensione della portata tramite ritrasmissione dei segnali ricevuti.;1;Sinossi centrale operativa.pdf · pagina PDF 30;draft_source_aligned;;uploaded_material;
CC-M1-080;Centrale operativa e trasmissioni;Ponti ripetitori;Duplex;Perché il ponte descritto impiega frequenze diverse per ricezione e trasmissione?;Per rendere identici ricevitore e microfono;Per evitare di ricevere il proprio segnale ritrasmesso e creare un loop;Per impedire qualunque ritrasmissione;B;Il funzionamento duplex richiede frequenze distinte per evitare che il segnale ritrasmesso venga nuovamente ricevuto generando un loop.;1;Sinossi centrale operativa.pdf · pagina PDF 30;draft_source_aligned;;uploaded_material;
CC-M1-081;Centrale operativa e trasmissioni;Ponti ripetitori;Scelta dell'operatore;L'operatore può scegliere un ponte diverso da quello selezionato automaticamente?;No, la scelta è sempre irreversibile;Sì, ma solo spegnendo tutte le stazioni periferiche;Sì, visualizzando i ponti interessati e selezionando quello ritenuto opportuno;C;La sinossi prevede una selezione manuale tra i ripetitori interessati dalla chiamata, quando l'operatore non vuole utilizzare quello scelto automaticamente.;1;Sinossi centrale operativa.pdf · pagina PDF 33;draft_source_aligned;;uploaded_material;
CC-M1-082;Centrale operativa e trasmissioni;Ponti ripetitori;Capacità per canale;Quanti ponti ripetitori per canale può gestire una Centrale nella configurazione descritta?;Fino a trentadue per canale;Fino a sei;Sempre uno solo;B;La sinossi indica fino a sei ponti per canale, con un massimo di 36 cassetti SFR nella configurazione completa.;1;Sinossi centrale operativa.pdf · pagina PDF 34;draft_source_aligned;;uploaded_material;
CC-M1-083;Centrale operativa e trasmissioni;Ponti ripetitori;Ripetitore mobile;Quale impiego è previsto per il ripetitore mobile durante calamità o disastri?;Estendere la copertura nelle zone prive di collegamento adeguato;Rendere inutilizzabile la rete radio fissa;Sostituire il soccorso sanitario;A;Il ripetitore mobile permette di estendere la copertura radio e assicurare i collegamenti tra forze dell'Arma e Centrale nelle situazioni descritte.;1;Sinossi centrale operativa.pdf · pagina PDF 35;draft_source_aligned;;uploaded_material;
CC-M1-084;Centrale operativa e trasmissioni;Apparati portatili e veicolari;Motociclo;Da quale fonte è alimentato l'apparato motociclare della sinossi?;Dalla batteria del motociclo;Solo dalla rete elettrica dell'ufficio;Da un pannello installato in Centrale;A;La descrizione dell'apparato motociclare specifica che l'alimentazione è assicurata dalla batteria del motociclo sul quale è montato.;1;Sinossi centrale operativa.pdf · pagina PDF 31;draft_source_aligned;;uploaded_material;
CC-M1-085;Centrale operativa e trasmissioni;Apparati portatili e veicolari;Batterie portatili;Quale tecnologia di batteria è indicata per i portatili GP380 e GP388?;Batteria al piombo da autoveicolo;Li-Ion ricaricabile;Pila a carbone non ricaricabile;B;La sinossi descrive batterie ricaricabili agli ioni di litio, con autonomia elevata per i modelli citati.;1;Sinossi centrale operativa.pdf · pagina PDF 44;draft_source_aligned;;uploaded_material;assets/quesiti/gp380.png
CC-M1-086;Centrale operativa e trasmissioni;Apparati portatili e veicolari;PTT;Che cosa consente il pulsante Push To Talk quando viene premuto?;Ricaricare la batteria;Cambiare automaticamente il destinatario di ogni parola;Trasmettere e parlare;C;Il PTT consente la trasmissione della voce quando viene mantenuto premuto.;1;Sinossi centrale operativa.pdf · pagina PDF 45;draft_source_aligned;;uploaded_material;assets/quesiti/gp380.png
CC-M1-087;Centrale operativa e trasmissioni;Apparati portatili e veicolari;Volume;Quale comando dei GP380 e GP388 permette accensione, spegnimento e regolazione del volume?;La manopola di accensione-spegnimento/volume;La tastiera usata per comporre il nominativo;Il solo pulsante PTT;A;La tabella attribuisce le tre funzioni alla manopola dedicata all'accensione, spegnimento e volume.;1;Sinossi centrale operativa.pdf · pagina PDF 45;draft_source_aligned;;uploaded_material;assets/quesiti/gp380.png
CC-M1-088;Centrale operativa e trasmissioni;Apparati portatili e veicolari;Display;Quale contenuto viene visualizzato dal display LCD dei portatili descritti?;Canali, menu e informazioni sullo stato della radio;Solo i nomi di tutti gli operatori della provincia;Soltanto l'ora di ricarica del veicolo;A;"Il display LCD mostra canali, menu e stato della radio; nella parte superiore compaiono gli indicatori di stato.";1;Sinossi centrale operativa.pdf · pagina PDF 46;draft_source_aligned;;uploaded_material;assets/quesiti/gp380.png
CC-M1-089;Centrale operativa e trasmissioni;C-Mobile;Significato del nome;Quale espressione corrisponde al nome C-Mobile nella sinossi?;Carabinieri in Mobilità;Centrale Motori Lineari;Controllo Meteorologico Locale;A;La descrizione generale esplicita C-Mobile come Carabinieri in Mobilità, sistema per il controllo del territorio.;1;Sinossi centrale operativa.pdf · pagina PDF 11;draft_source_aligned;;uploaded_material;
CC-M1-090;Centrale operativa e trasmissioni;C-Mobile;Navigazione touch;Quale gesto consente di spostarsi tra le pagine e scorrere le liste dell'applicazione?;Pressione prolungata del pulsante radio PTT;Solo doppio clic con il mouse;Trascinamento, o swipe;C;L'interfaccia Android permette i movimenti di trascinamento per cambiare pagina e scorrere contenuti.;1;Sinossi centrale operativa.pdf · pagina PDF 11;draft_source_aligned;;uploaded_material;
CC-M1-091;Centrale operativa e trasmissioni;C-Mobile;Invio immediato allarme;Quale tasto permette di superare il timeout e trasmettere subito l'allarme?;Archivio;Verifica aggiornamenti;Invia adesso;C;La schermata di allarme prevede il tasto Invia adesso per superare il timeout iniziale.;1;Sinossi centrale operativa.pdf · pagina PDF 14;draft_source_aligned;;uploaded_material;
CC-M1-092;Centrale operativa e trasmissioni;C-Mobile;Presenza del controllato;In quale condizione deve essere svolto l'accertamento C-Mobile che interroga SDI-COpe?;Sempre in assenza del soggetto;Alla presenza del soggetto controllato;Solo dopo il termine del servizio esterno;B;La sinossi evidenzia espressamente la necessità della presenza del soggetto, poiché l'applicazione interroga anche SDI-COpe.;1;Sinossi centrale operativa.pdf · pagina PDF 16;draft_source_aligned;;uploaded_material;
CC-M1-093;Centrale operativa e trasmissioni;C-Mobile;Tipi di accertamento;Quali tre tipi di accertamento sono selezionabili con la funzione Nuovo?;Scorte, magazzino e carburante;Targa, telaio e persona;Solo foto, video e audio;B;La funzione Nuovo consente di scegliere accertamento targa, telaio o persona e compilare le relative informazioni.;1;Sinossi centrale operativa.pdf · pagina PDF 17;draft_source_aligned;;uploaded_material;
CC-M1-094;Centrale operativa e trasmissioni;C-Mobile;Stato in esecuzione;Che cosa significa lo stato In esecuzione nell'archivio degli accertamenti?;L'accertamento è concluso e già aperto;L'accertamento è stato cancellato;L'accertamento è in attesa di esito;C;La sinossi distingue In esecuzione, per le richieste ancora in attesa, da Eseguito, per quelle la cui risposta può essere visualizzata.;1;Sinossi centrale operativa.pdf · pagina PDF 18;draft_source_aligned;;uploaded_material;
CC-M1-095;Centrale operativa e trasmissioni;C-Mobile;Procedimenti in atto;Con quale colore vengono indicati i procedimenti in atto nella schermata del risultato descritta?;Grigio chiaro;Verde;Rosso;C;Il testo che accompagna la schermata precisa che i procedimenti in atto sono segnalati in rosso.;1;Sinossi centrale operativa.pdf · pagina PDF 19;draft_source_aligned;;uploaded_material;
CC-M1-096;Centrale operativa e trasmissioni;C-Mobile;Cambio telecamera;Durante una registrazione, che cosa accade cambiando la telecamera secondo la sinossi?;Tutti gli accertamenti vengono cancellati;La trasmissione si interrompe e va riavviata manualmente;Il video continua sempre senza interruzioni;B;Il passaggio avverte che il cambio della telecamera interrompe automaticamente la trasmissione e richiede un nuovo avvio manuale.;1;Sinossi centrale operativa.pdf · pagina PDF 20;draft_source_aligned;;uploaded_material;
CC-M1-097;Centrale operativa e trasmissioni;C-Mobile;Qualità video live;Da quale condizione dipende la qualità del video live ricevuto in Centrale?;Dalla copertura cellulare nel luogo della trasmissione;Solo dal volume dell'altoparlante;Dall'ordine dei messaggi nell'archivio;A;La sinossi collega la qualità del flusso live alla copertura cellulare disponibile sul posto.;1;Sinossi centrale operativa.pdf · pagina PDF 20;draft_source_aligned;;uploaded_material;
CC-M1-098;Centrale operativa e trasmissioni;C-Mobile;Metadati multimediali;Quali metadati accompagnano tutti i contenuti multimediali C-Mobile descritti?;Solo il nome scelto per il file;Selettiva, coordinate GPS e data/ora;Soltanto la percentuale della batteria;B;"Foto e video contengono selettiva, coordinate GPS e data/ora di realizzazione; per i video è presente anche la durata.";1;Sinossi centrale operativa.pdf · pagina PDF 21;draft_source_aligned;;uploaded_material;
CC-M1-099;Centrale operativa e trasmissioni;C-Mobile;Navigatore;Quale navigatore satellitare è integrato nel software C-Mobile della sinossi?;DOCIS;PTV;TEWEB;B;Il testo identifica PTV come navigatore satellitare integrato nel software.;1;Sinossi centrale operativa.pdf · pagina PDF 21;draft_source_aligned;;uploaded_material;
CC-M1-100;Centrale operativa e trasmissioni;C-Mobile;Trasferimento e copertura;Come si comporta il sistema se la copertura cellulare è insufficiente per completare un trasferimento?;Elimina immediatamente tutti i file in coda;Tenta automaticamente di inviare nuovamente i dati;Considera comunque riuscito il trasferimento;B;La sezione trasferimento dati descrive tentativi automatici di reinvio sino all'esito positivo.;1;Sinossi centrale operativa.pdf · pagina PDF 24;draft_source_aligned;;uploaded_material;
CC-M1-101;Centrale operativa e trasmissioni;C-Mobile;TEWEB;Quale verifica supporta l'app TEWEB descritta?;La validità dei titoli autorizzativi per veicoli eccezionali nella banca dati ANAS;La validità delle qualifiche degli operatori radio;L'autonomia delle batterie dei portatili;A;TEWEB verifica i titoli autorizzativi al transito dei veicoli eccezionali tramite la banca dati ANAS e il QR Code riportato sul titolo.;1;Sinossi centrale operativa.pdf · pagina PDF 25;draft_source_aligned;;uploaded_material;
CC-M1-102;Centrale operativa e trasmissioni;C-Mobile;DOCIS;A quale attività serve l'app DOCIS nella sinossi?;Prenotare una conversazione radio;Calcolare il percorso del ripetitore mobile;Verificare le caratteristiche tecniche di sicurezza dei documenti;C;DOCIS permette la consultazione delle caratteristiche di sicurezza di tipologie di documenti in una banca dati mantenuta da Europol.;1;Sinossi centrale operativa.pdf · pagina PDF 25;draft_source_aligned;;uploaded_material;
CC-M1-103;Centrale operativa e trasmissioni;Sistema TETRA;VPN;Come viene assicurata la separazione operativa delle Forze di polizia che condividono l'infrastruttura descritta?;Mediante un unico gruppo obbligatorio per tutti;Mediante reti private virtuali VPN;Escludendo qualsiasi condivisione dell'infrastruttura;B;La sinossi distingue la condivisione dell'infrastruttura dalla separazione operativa ottenuta mediante VPN.;1;Sinossi centrale operativa.pdf · pagina PDF 55;draft_source_aligned;;uploaded_material;
CC-M1-104;Centrale operativa e trasmissioni;Sistema TETRA;Resilienza;Quale capacità viene associata alla resilienza della rete nella sinossi?;Interrompere ogni servizio quando cambia un gruppo;Mantenere la continuità delle comunicazioni negli eventi critici;Dipendere esclusivamente dalla rete pubblica congestionata;B;La resilienza riguarda la capacità di adattarsi e la struttura che garantisce continuità delle comunicazioni in caso di eventi critici.;1;Sinossi centrale operativa.pdf · pagina PDF 55;draft_source_aligned;;uploaded_material;
CC-M1-105;Centrale operativa e trasmissioni;Sistema TETRA;Profili terminali;Che cosa può variare tra i profili ai quali sono associati i terminali TETRA?;Il significato della sigla GPS;I privilegi di utilizzo dei servizi di rete;La data storica di introduzione del 112;B;A ogni profilo possono essere assegnati differenti privilegi nell'uso dei servizi di rete.;1;Sinossi centrale operativa.pdf · pagina PDF 56;draft_source_aligned;;uploaded_material;
CC-M1-106;Centrale operativa e trasmissioni;Sistema TETRA;Gateway;Quale funzione svolge il veicolare configurato come gateway TMO-DMO?;Elimina la possibilità di comunicare in DMO;Trasforma ogni chiamata in un documento cartaceo;Mette in comunicazione le due modalità;C;Il gateway consente il collegamento tra modalità TMO e DMO ed espande l'area servita dalla rete.;1;Sinossi centrale operativa.pdf · pagina PDF 58;draft_source_aligned;;uploaded_material;
CC-M1-107;Centrale operativa e trasmissioni;Sistema TETRA;Ripetitore DMO;Quale effetto produce l'impiego del veicolare come ripetitore DMO?;Riduce a zero la potenza dei terminali;Impedisce la comunicazione diretta tra utenti;Incrementa la copertura delle radio che operano in DMO;C;La maggiore potenza del veicolare impiegato come ripetitore aumenta l'area di copertura dei terminali in DMO.;1;Sinossi centrale operativa.pdf · pagina PDF 59;draft_source_aligned;;uploaded_material;
CC-M1-108;Centrale operativa e trasmissioni;Sistema TETRA;Classe di sicurezza;Quali condizioni richiede la classe di sicurezza 3 descritta?;Autenticazione del terminale e comunicazioni cifrate;Nessuna autenticazione e comunicazioni sempre in chiaro;Solo selezione manuale del volume;A;La sinossi associa la classe 3 all'autenticazione del terminale e alla cifratura delle comunicazioni.;1;Sinossi centrale operativa.pdf · pagina PDF 59;draft_source_aligned;;uploaded_material;
CC-M1-109;Centrale operativa e trasmissioni;Sistema TETRA;Gruppi e canali;Nel confronto con l'analogico, su quale insieme logico sono basate le chiamate TETRA?;Il gruppo di utenti;Il numero progressivo dei veicoli acquistati;Il solo canale fisso selezionato;A;Il confronto distingue le chiamate TETRA per gruppi logici di utenti dalle chiamate analogiche basate sul canale.;1;Sinossi centrale operativa.pdf · pagina PDF 60;draft_source_aligned;;uploaded_material;
CC-M1-110;Centrale operativa e trasmissioni;Sistema TETRA;Chiamata di gruppo;Chi viene coinvolto contemporaneamente nella chiamata di gruppo descritta?;Solo il primo utente che accende la radio;Tutti i telefoni privati della provincia;Gli utenti del gruppo al quale appartiene il chiamante;C;La chiamata di gruppo permette di chiamare contemporaneamente gli utenti del proprio gruppo.;1;Sinossi centrale operativa.pdf · pagina PDF 63;draft_source_aligned;;uploaded_material;
CC-M1-111;Centrale operativa e trasmissioni;Sistema TETRA;Broadcast;Quale portata può avere una chiamata generale della Centrale nel sistema descritto?;Soltanto un singolo terminale vicino;Più gruppi di una o più zone, fino al territorio nazionale;Solo il microfono della postazione chiamante;B;La chiamata generale o broadcast può coinvolgere gruppi di zone predefinite sino all'intero territorio nazionale.;1;Sinossi centrale operativa.pdf · pagina PDF 63;draft_source_aligned;;uploaded_material;
CC-M1-112;Centrale operativa e trasmissioni;Sistema TETRA;Chiamata di emergenza;Quale priorità ha la chiamata attivata con il tasto di emergenza?;La massima priorità;La stessa priorità di una prova periodica;Sempre l'ultima posizione in coda;A;La sinossi descrive il tasto di emergenza come mezzo per chiamare la Centrale o un gruppo predefinito con la massima priorità.;1;Sinossi centrale operativa.pdf · pagina PDF 64;draft_source_aligned;;uploaded_material;
CC-M1-113;Centrale operativa e trasmissioni;Sistema TETRA;Messaggi di stato;Che cosa sono i messaggi di stato descritti tra i servizi dati?;Solo fotografie inviate dalle pattuglie;Registrazioni vocali prive di un significato stabilito;Messaggi predefiniti che identificano situazioni di servizio;C;"I messaggi di stato sono predefiniti e identificano particolari situazioni di servizio; sono distinti dai messaggi brevi generati dagli utenti.";1;Sinossi centrale operativa.pdf · pagina PDF 65;draft_source_aligned;;uploaded_material;
CC-M1-114;Centrale operativa e trasmissioni;Sistema TETRA;Voce e dati;La trasmissione dati può avvenire mantenendo attiva la comunicazione in voce?;Sì, il sistema descritto consente voce e dati contemporaneamente;No, ogni messaggio richiede lo spegnimento del terminale;Solo se tutti i terminali escono dalla rete;A;Tra i servizi sono indicate ricezione e trasmissione dati mantenendo attiva la comunicazione vocale.;1;Sinossi centrale operativa.pdf · pagina PDF 66;draft_source_aligned;;uploaded_material;
CC-M1-115;Centrale operativa e trasmissioni;Sistema TETRA;Interfaccia aria;Quale tratto è protetto dalla cifratura Air Interface descritta?;Solo tra tastiera e monitor della Centrale;Tra terminale e stazione radio base;Tra la batteria e il caricatore;B;La sinossi definisce la cifratura dell'interfaccia aria come cifratura tra terminale e stazione radio base.;1;Sinossi centrale operativa.pdf · pagina PDF 66;draft_source_aligned;;uploaded_material;
CC-M1-116;Centrale operativa e trasmissioni;Sistema TETRA;Postazione comunicazione;Quante chiamate contemporanee può gestire la postazione POC-E nella descrizione?;Sempre una sola;Fino a otto;Fino a trentadue;B;La postazione operatore di comunicazione evoluta è descritta con gestione fino a otto chiamate contemporanee.;1;Sinossi centrale operativa.pdf · pagina PDF 68;draft_source_aligned;;uploaded_material;
CC-M1-117;Centrale operativa e trasmissioni;Sistema TETRA;Supervisione;Quale compito distingue la postazione POS descritta?;Gestire profili, permessi e privilegi di utenti e gruppi;Ricaricare manualmente tutte le batterie;Eseguire esclusivamente la guida dei veicoli;A;La postazione operatore di supervisione gestisce utenti, gruppi, registrazione dei terminali e permessi di accesso ai servizi.;1;Sinossi centrale operativa.pdf · pagina PDF 69;draft_source_aligned;;uploaded_material;
CC-M1-118;Centrale operativa e trasmissioni;Sistema TETRA;Gruppi dinamici;Quale operazione sui gruppi può eseguire la postazione remota POR?;Cambiare i gruppi sanguigni degli utenti;Creare, cancellare e gestire gruppi dinamici;Solo visualizzare l'ora della Centrale;B;La sinossi attribuisce al POR la gestione dei gruppi dinamici DGNA all'interno della rete.;1;Sinossi centrale operativa.pdf · pagina PDF 70;draft_source_aligned;;uploaded_material;
CC-M1-119;Centrale operativa e trasmissioni;Terminali TETRA;SC2020;Quale componente del portatile SC2020 supporta la radiolocalizzazione?;GPS;Il solo altoparlante;Il caricabatterie di rete;A;Tra le caratteristiche del portatile SC2020 è indicato il GPS per la radiolocalizzazione.;1;Sinossi centrale operativa.pdf · pagina PDF 71;draft_source_aligned;;uploaded_material;assets/quesiti/sc2020.png
CC-M1-120;Centrale operativa e trasmissioni;Terminali TETRA;Stazione fissa;Quali elementi compongono la console di controllo della postazione FC4000 descritta?;Frontale, cornetta, altoparlante e microfono da tavolo;Solo un'antenna e una stampante;Esclusivamente il corpo radio senza comandi;A;La descrizione della FC4000 distingue il box del corpo radio dalla console con frontale, cornetta, altoparlante e microfono.;1;Sinossi centrale operativa.pdf · pagina PDF 72;draft_source_aligned;;uploaded_material;
CC-M1-121;Centrale operativa e trasmissioni;Terminali TETRA;Batteria tampone;Quale funzione dell'inverter è riportata per la stazione fissa FC4000?;Selezione della pattuglia da inviare;Alimentazione e ricarica della batteria tampone;Assegnazione dei profili agli utenti;B;Il box della FC4000 comprende il corpo radio VS4000 e un inverter per l'alimentazione e la ricarica della batteria tampone.;1;Sinossi centrale operativa.pdf · pagina PDF 72;draft_source_aligned;;uploaded_material;
CC-M1-122;Centrale operativa e trasmissioni;Rete HF;Riserva;Quale funzione ha la rete radio HF nazionale descritta nella sinossi 2023?;Riserva o backup per collegamenti in fonia e dati;Solo diffusione di programmi radiofonici;Sostituzione del navigatore per ogni pattuglia;A;La sinossi presenta la rete HF come rete di emergenza nazionale utilizzata come riserva per collegamenti in fonia e dati.;1;Sinossi centrale operativa.pdf · pagina PDF 74;draft_source_aligned;;uploaded_material;
CC-M1-123;Centrale operativa e trasmissioni;Rete HF;Distanze;Quale portata di collegamento caratterizza l'impiego HF illustrato?;Esclusivamente l'interno della stessa stanza;Medie e grandi distanze;Soltanto pochi centimetri;B;Il testo indica l'impiego della rete HF per collegamenti a medie e grandi distanze.;1;Sinossi centrale operativa.pdf · pagina PDF 74;draft_source_aligned;;uploaded_material;
CC-M1-124;Centrale operativa e trasmissioni;Rete HF;Maglie regionali;Quali comandi collegano le maglie radio regionali descritte?;Comandi di regione con rispettivi comandi provinciali e compagnie;Solo due terminali portatili della stessa pattuglia;Esclusivamente uffici amministrativi esterni all'Arma;A;Le maglie regionali sono indipendenti e collegano i Comandi di regione ai rispettivi Comandi provinciali e Compagnie.;1;Sinossi centrale operativa.pdf · pagina PDF 74;draft_source_aligned;;uploaded_material;
CC-M1-125;Centrale operativa e trasmissioni;Rete HF;Potenza SRT-175;Quale potenza identifica il sistema SRT-175/CC nella sinossi?;100 W;400 W;1000 W;A;Il testo distingue i sistemi HF in base alla potenza: SRT-175/CC 100 W, SRT-647 400 W e SRT-2005/CC 1000 W.;1;Sinossi centrale operativa.pdf · pagina PDF 75;draft_source_aligned;;uploaded_material;assets/quesiti/hf175.png
CC-M1-126;Centrale operativa e trasmissioni;Rete HF;Componenti SRT-175;Quale terna costituisce il sistema SRT-175/CC?;Cornetta, fax e modem telefonico soltanto;Tablet, fotocamera e stampante;Alimentatore, ricetrasmettitore e adattatore d'antenna;C;Il sistema SRT-175/CC comprende SP-2071, ricetrasmettitore SP-2046 e adattatore d'antenna ATU-1031.;1;Sinossi centrale operativa.pdf · pagina PDF 75;draft_source_aligned;;uploaded_material;assets/quesiti/hf175.png
CC-M1-127;Centrale operativa e trasmissioni;Sicurezza delle apparecchiature;Contatto diretto;Come è definito il contatto elettrico diretto nel capitolo finale?;Qualsiasi rumore prodotto dall'altoparlante;Contatto con elementi diventati in tensione solo per un guasto;Contatto con elementi normalmente in tensione;C;Il testo distingue il contatto diretto con parti normalmente in tensione dal contatto indiretto con parti divenute in tensione per un guasto.;1;Sinossi centrale operativa.pdf · pagina PDF 79;draft_source_aligned;;uploaded_material;
CC-M1-128;Centrale operativa e trasmissioni;Sicurezza delle apparecchiature;Contatto indiretto;Quale situazione esemplifica un contatto elettrico indiretto nella sinossi?;Toccare una carcassa divenuta in tensione a causa di un guasto;Premere un pulsante radio integro;Toccare intenzionalmente un conduttore nudo normalmente alimentato;A;Il contatto indiretto riguarda parti che non dovrebbero essere in tensione ma lo diventano per un guasto.;1;Sinossi centrale operativa.pdf · pagina PDF 79;draft_source_aligned;;uploaded_material;
CC-M1-129;Centrale operativa e trasmissioni;Sicurezza delle apparecchiature;Identificazione apparecchi;Perché non sono ammessi componenti elettrici anonimi nel passaggio della sinossi?;Deve essere possibile identificarli e risalire al costruttore;Devono avere tutti lo stesso colore;Devono essere privi di istruzioni per l'uso;A;Il testo richiede elementi identificativi quali targa, contrassegni, marcature e documentazione d'uso o manutenzione.;1;Sinossi centrale operativa.pdf · pagina PDF 79;draft_source_aligned;;uploaded_material;
CC-M1-130;Centrale operativa e trasmissioni;Sicurezza delle apparecchiature;Attrezzature deteriorate;Quale condotta indica la sinossi se si rilevano apparecchiature rotte o deteriorate?;Coprire qualsiasi difetto con vernice;Continuare a usarle senza segnalazioni;Segnalare al servizio di manutenzione la necessità di sostituzione o riparazione;C;Il passaggio richiede controlli periodici dello stato di conservazione e segnalazione alla manutenzione per riparazione o sostituzione.;1;Sinossi centrale operativa.pdf · pagina PDF 79;draft_source_aligned;;uploaded_material;
CC-M1-131;Centrale operativa e trasmissioni;Storia;Nascita del 112 nazionale;Quale data riporta il sito storico ufficiale dell'Arma per la nascita del numero unico nazionale 112?;7 agosto 2015;4 dicembre 1981;29 luglio 1991;B;"La pagina storica dell'Arma colloca la nascita del numero telefonico unico nazionale 112 al 4 dicembre 1981; è distinta dalla successiva istituzione europea.";1;Approfondimento online · Il 112: data storica ufficiale · consultata 07/10/2026;draft_source_aligned;;official_web;
CC-M1-132;Centrale operativa e trasmissioni;Where ARE U;Telefonata muta;Quale funzione di Where ARE U descrive la Regione Lazio per chi non può parlare?;Avviare una telefonata muta;Disattivare l'invio della posizione in ogni chiamata;Sostituire sempre la telefonata con un messaggio pubblico;A;La pagina della Regione Lazio descrive anche la telefonata muta come funzione utile quando non è possibile parlare.;1;Approfondimento online · NUE 112: informazioni della Regione Lazio · consultata 07/10/2026;draft_source_aligned;;official_web;
CC-M1-133;Centrale operativa e trasmissioni;NUE 112: approfondimenti ufficiali;Filtro delle chiamate;Quale beneficio produce il filtro CUR delle chiamate improprie, secondo la Regione Lazio?;Impedisce di ricevere chiamate da telefoni mobili;Consente alle sale operative di concentrare risorse sulle emergenze;Trasforma ogni richiesta di informazioni in intervento urgente;B;Il filtro delle chiamate non di emergenza aiuta le sale operative a destinare risorse e interventi ai casi che richiedono soccorso.;1;Approfondimento online · NUE 112: informazioni della Regione Lazio · consultata 07/10/2026;draft_source_aligned;;official_web;
CC-M1-134;Centrale operativa e trasmissioni;NUE 112: approfondimenti ufficiali;AML;A quale funzione è associato il sistema AML nella pagina della Regione Lazio?;Assegnazione delle ferie agli operatori;Localizzazione del chiamante;Ricarica delle batterie delle radio;B;La pagina collega Advanced Mobile Location alla localizzazione del chiamante usando le informazioni disponibili dalla rete o dallo smartphone.;1;Approfondimento online · NUE 112: informazioni della Regione Lazio · consultata 07/10/2026;draft_source_aligned;;official_web;
CC-M1-135;Centrale operativa e trasmissioni;NUE 112: approfondimenti ufficiali;Indirizzo dettagliato;In un edificio, quali dettagli possono agevolare l'arrivo dei soccorsi secondo la Regione Lazio?;Solo il colore del telefono del chiamante;Scala, piano e nome sul citofono;Soltanto il numero di messaggi ricevuti;B;Oltre all'indirizzo preciso, scala, piano e nome sul citofono aiutano i soccorritori a raggiungere il luogo indicato.;1;Approfondimento online · NUE 112: informazioni della Regione Lazio · consultata 07/10/2026;draft_source_aligned;;official_web;
CC-M1-136;Centrale operativa e trasmissioni;NUE 112: approfondimenti ufficiali;Soccorsi diversi;Una singola richiesta al 112 può attivare più tipi di soccorso quando necessario?;Solo dopo aver terminato un intervento amministrativo;No, occorre sempre una telefonata separata per ogni soccorso;Sì, la presa in carico può attivarli contemporaneamente;C;La Regione Lazio spiega che la risposta unica del 112 può attivare contemporaneamente più tipi di soccorso quando la situazione lo richiede.;1;Approfondimento online · NUE 112: informazioni della Regione Lazio · consultata 07/10/2026;draft_source_aligned;;official_web;
CC-M1-137;Centrale operativa e trasmissioni;Standard radio;Organismo standardizzatore;Quale organismo ha sviluppato lo standard TETRA secondo la sua documentazione ufficiale?;ETSI;ANAS;ACI-PRA;A;ETSI descrive TETRA come standard radiomobile digitale professionale sviluppato per rispondere alle esigenze PMR.;1;Approfondimento online · TETRA: documentazione ufficiale ETSI · consultata 07/10/2026;draft_source_aligned;;official_web;
CC-M1-138;Centrale operativa e trasmissioni;Standard radio;Interoperabilità multivendor;Quale obiettivo delle interfacce standardizzate TETRA evidenzia ETSI?;Permettere ad apparati di produttori diversi di operare nella stessa infrastruttura;Limitare la rete a un solo produttore in ogni circostanza;Eliminare tutte le chiamate di gruppo;A;ETSI evidenzia il supporto ad ambienti multivendor e alla compatibilità degli apparati nella medesima infrastruttura.;1;Approfondimento online · TETRA: documentazione ufficiale ETSI · consultata 07/10/2026;draft_source_aligned;;official_web;
CC-M1-139;Centrale operativa e trasmissioni;Sistema TETRA;DMO senza infrastruttura;In DMO i terminali devono necessariamente transitare attraverso l'infrastruttura di rete?;Sì, sempre attraverso una Centrale telefonica pubblica;No, comunicano direttamente tra loro;Sì, ma soltanto con chiamate in conferenza;B;La documentazione ETSI definisce DMO come comunicazione diretta tra terminali senza l'impiego dell'infrastruttura di rete.;1;Approfondimento online · TETRA: documentazione ufficiale ETSI · consultata 07/10/2026;draft_source_aligned;;official_web;assets/quesiti/dmo.png
CC-M1-140;Centrale operativa e trasmissioni;Sistema TETRA;Scala della rete;Quali dimensioni di copertura può supportare l'architettura scalabile TETRA descritta da ETSI?;Esclusivamente un solo edificio;Solo due apparati collegati da un cavo;Da un sito locale a reti multisito estese o nazionali;C;ETSI presenta un'architettura scalabile dal singolo sito alle reti di area vasta e nazionali.;1;Approfondimento online · TETRA: documentazione ufficiale ETSI · consultata 07/10/2026;draft_source_aligned;;official_web;
CC-M1-141;Centrale operativa e trasmissioni;Funzione della centrale;Disposizioni del comandante;Attraverso quale struttura il Comandante dirama le disposizioni per la gestione operativa degli eventi nella sinossi?;Il servizio di mensa;Il solo ufficio magazzino;La Centrale Operativa;C;La Centrale è il terminale delle notizie di interesse e il tramite con cui il Comandante dirama le disposizioni operative.;1;Sinossi centrale operativa.pdf · pagina PDF 3;draft_source_aligned;important_highlighted;uploaded_material;
CC-M1-142;Centrale operativa e trasmissioni;Funzione della centrale;Reparti o enti da informare;Quale decisione compete alla Centrale rispetto alla diffusione delle notizie operative?;Trasmettere ogni notizia indistintamente a tutti;Stabilire quali Reparti o Enti informare e le priorità;Attendere sempre la fine del mese;B;Il testo attribuisce alla Centrale la decisione sui Reparti o Enti da informare, stabilendone le priorità.;1;Sinossi centrale operativa.pdf · pagina PDF 3;draft_source_aligned;important_highlighted;uploaded_material;
CC-M1-143;Centrale operativa e trasmissioni;Organizzazione della Centrale;Accessi autorizzati;Dove deve essere affisso l'elenco dei superiori e manutentori autorizzati ad accedere?;All'esterno dei locali della Centrale;Unicamente nel magazzino materiali;Solo nel vano di un veicolo;A;La sinossi prescrive l'affissione esterna dell'elenco dei superiori gerarchici e degli addetti alla manutenzione autorizzati.;1;Sinossi centrale operativa.pdf · pagina PDF 3;draft_source_aligned;important_highlighted;uploaded_material;
CC-M1-144;Centrale operativa e trasmissioni;Organizzazione della Centrale;Composizione organica;Quale insieme descrive la composizione della Centrale provinciale secondo i diversi assetti organici?;Esclusivamente Comandante e autista;Capo Centrale, Capo turno, Operatori e Ufficiale addetto;Solo un addetto alla manutenzione;B;La composizione riportata comprende queste quattro figure, in ragione dell'assetto organico.;1;Sinossi centrale operativa.pdf · pagina PDF 4;draft_source_aligned;important_highlighted;uploaded_material;
CC-M1-145;Centrale operativa e trasmissioni;Organizzazione della Centrale;Lingua straniera;Quale capacità è prevista nell'area di risposta al 112?;Accettare solo comunicazioni scritte;Rispondere anche in lingua straniera;Rispondere esclusivamente in dialetto locale;B;Tra le aree funzionali è indicata la risposta al 112 anche in lingua straniera.;1;Sinossi centrale operativa.pdf · pagina PDF 4;draft_source_aligned;important_highlighted;uploaded_material;
CC-M1-146;Centrale operativa e trasmissioni;Organizzazione della Centrale;Area operativa;Chi è collocato nell'area operativa descritta?;Soltanto gli autisti fuori servizio;Solo il personale amministrativo dei pagamenti;Capo turno e operatori addetti al canale radio;C;La ripartizione funzionale identifica l'area operativa con il Capo turno e gli operatori al canale radio.;1;Sinossi centrale operativa.pdf · pagina PDF 4;draft_source_aligned;important_highlighted;uploaded_material;
CC-M1-147;Centrale operativa e trasmissioni;Organizzazione della Centrale;Canale ordine pubblico;Da che cosa dipende la previsione di un operatore al canale Ordine Pubblico?;Dalla scelta del colore dei monitor;Dall'evento;Soltanto dalla temperatura esterna;B;La postazione Ordine Pubblico è eventualmente prevista in relazione all'evento.;1;Sinossi centrale operativa.pdf · pagina PDF 4;draft_source_aligned;important_highlighted;uploaded_material;
CC-M1-148;Centrale operativa e trasmissioni;Organizzazione della Centrale;CCISS;Quale espressione scioglie la sigla C.C.I.S.S. nella sinossi?;Centro Controllo Impianti di Soccorso Sanitario;Centro Coordinamento Informazione e Sicurezza Stradale;Comando Centrale Ispezione Servizi Speciali;B;Il testo identifica l'aliquota CCISS come Centro Coordinamento Informazione e Sicurezza Stradale.;1;Sinossi centrale operativa.pdf · pagina PDF 4;draft_source_aligned;important_highlighted;uploaded_material;
CC-M1-149;Centrale operativa e trasmissioni;Organizzazione della Centrale;Postazione compagnia;Quale figura costituisce la Centrale di Comando di Compagnia descritta?;L'operatore addetto;Solo un funzionario esterno a rotazione;Unicamente il tecnico della rete elettrica;A;Per il Comando di Compagnia la sinossi descrive la Centrale come costituita dall'operatore addetto, che garantisce i collegamenti e il monitoraggio.;1;Sinossi centrale operativa.pdf · pagina PDF 4;draft_source_aligned;important_highlighted;uploaded_material;
CC-M1-150;Centrale operativa e trasmissioni;Passaggio di consegne;Aggiornamento provinciale;Per gli eventi di maggiore rilievo, con quale Centrale l'operatore di Compagnia mantiene il flusso informativo?;Soltanto quella di un ente privato;Quella del capoluogo di provincia o del Comando di Gruppo;Esclusivamente il centralino della motorizzazione;B;L'operatore mantiene costante il flusso informativo degli eventi di maggior rilievo con la Centrale provinciale o del Comando di Gruppo.;1;Sinossi centrale operativa.pdf · pagina PDF 4;draft_source_aligned;important_highlighted;uploaded_material;
CC-M1-151;Centrale operativa e trasmissioni;Passaggio di consegne;Nome del quadro operativo;Come viene denominato nella sinossi il quadro acquisito dall'operatore smontante?;Situazione operativa del giorno;Inventario annuale di magazzino;Piano ferie definitivo;A;Il passaggio di consegne richiama espressamente la Situazione operativa del giorno, insieme agli interventi in atto e conclusi.;1;Sinossi centrale operativa.pdf · pagina PDF 7;draft_source_aligned;;uploaded_material;
CC-M1-152;Centrale operativa e trasmissioni;Coordinamento degli interventi;Dialogo con l'utente;Perché l'operatore sviluppa il dialogo con l'utente oltre ai dati ricevuti dalla CUR?;Per sostituire ogni accertamento con un giudizio personale;Per raccogliere ulteriori informazioni utili alla gestione dell'evento;Per evitare la redazione della scheda;B;Il dialogo serve ad acquisire le ulteriori informazioni necessarie a gestire l'evento in modo ottimale.;1;Sinossi centrale operativa.pdf · pagina PDF 4;draft_source_aligned;important_highlighted;uploaded_material;
CC-M1-153;Centrale operativa e trasmissioni;Coordinamento degli interventi;Fattori di rischio;Quali valutazioni accompagnano la redazione della scheda d'intervento?;Esclusivamente la marca del telefono del chiamante;Fattori di rischio e necessità di intervento immediato di sicurezza o soccorso;Solo il consumo di carta della Centrale;B;La scheda d'intervento deve individuare i fattori di rischio e la necessità di un intervento immediato.;1;Sinossi centrale operativa.pdf · pagina PDF 4;draft_source_aligned;important_highlighted;uploaded_material;
CC-M1-154;Centrale operativa e trasmissioni;Coordinamento degli interventi;Arrivo coordinato;Quale esigenza deve essere curata durante l'afflusso delle pattuglie?;Arrivo indipendente senza informazioni;Solo riduzione del numero di comunicazioni;Coordinamento e massima sicurezza;C;La Centrale cura che l'afflusso si svolga in modo coordinato e con la massima sicurezza.;1;Sinossi centrale operativa.pdf · pagina PDF 4;draft_source_aligned;important_highlighted;uploaded_material;
CC-M1-155;Centrale operativa e trasmissioni;Coordinamento degli interventi;Attività urgente PG;Chi cura pianificazione e condotta delle attività urgenti di polizia giudiziaria dopo l'attivazione prevista?;Il gestore della telefonia per ogni caso;L'operatore del magazzino;La scala gerarchica;C;La sinossi prevede l'attivazione della scala gerarchica, che cura pianificazione e condotta e dalla quale sono richiesti aggiornamenti.;1;Sinossi centrale operativa.pdf · pagina PDF 4;draft_source_aligned;important_highlighted;uploaded_material;
CC-M1-156;Centrale operativa e trasmissioni;Coordinamento degli interventi;Salvataggio vita umana;Per quali casi urgenti la sinossi prevede di interessare i gestori telefonici per geolocalizzazione e intestatario dell'utenza?;Qualsiasi curiosità sull'intestatario;Casi connessi al salvataggio della vita umana;Solo verifiche del traffico commerciale;B;Il passaggio limita questa iniziativa ai casi urgenti connessi con il salvataggio della vita umana.;1;Sinossi centrale operativa.pdf · pagina PDF 5;draft_source_aligned;important_highlighted;uploaded_material;
CC-M1-157;Centrale operativa e trasmissioni;Coordinamento degli interventi;Gravi eventi e servizi;Quali gravi eventi richiedono particolare tempestività nello scambio informativo con altre sale operative?;Quelli con possibili riflessi immediati sulla sicurezza dei servizi in atto;Solo quelli privi di effetti sul territorio;Soltanto quelli già archiviati da anni;A;Il testo evidenzia gli eventi che possono produrre immediati riflessi sulla sicurezza dei servizi in corso.;1;Sinossi centrale operativa.pdf · pagina PDF 5;draft_source_aligned;important_highlighted;uploaded_material;
CC-M1-158;Centrale operativa e trasmissioni;Coordinamento degli interventi;Vittime vulnerabili;Quali Comandanti devono essere informati degli episodi di violenza di genere o in danno di vittime vulnerabili?;Esclusivamente l'ufficiale addetto alla manutenzione;Solo il Comandante di un reparto senza competenza territoriale;Compagnia e Tenenza o Stazione territorialmente competenti;C;La sinossi richiede l'informazione al Comandante di Compagnia e a quello della Tenenza o Stazione competente.;1;Sinossi centrale operativa.pdf · pagina PDF 5;draft_source_aligned;important_highlighted;uploaded_material;
CC-M1-159;Centrale operativa e trasmissioni;Coordinamento degli interventi;Ricerche persona scomparsa;A chi sono diramate le ricerche della persona scomparsa?;Pattuglie sul territorio e Sale o Centrali degli altri Comandi, Forze di polizia ed Enti;Solo al richiedente;Esclusivamente all'ufficio patenti;A;La diramazione coinvolge risorse sul territorio e altre Sale o Centrali di Comandi, Forze di polizia ed Enti.;1;Sinossi centrale operativa.pdf · pagina PDF 5;draft_source_aligned;important_highlighted;uploaded_material;
CC-M1-160;Centrale operativa e trasmissioni;Coordinamento degli interventi;Contatto con il segnalante;In una segnalazione di persona scomparsa, quale intervento sul posto è previsto ove necessario?;Inviare una pattuglia a prendere contatti con il segnalante;Attendere sempre una seconda denuncia;Mandare solo un tecnico radio;A;Tra le iniziative compare l'invio, quando necessario, di una pattuglia per contattare il richiedente o segnalante.;1;Sinossi centrale operativa.pdf · pagina PDF 5;draft_source_aligned;important_highlighted;uploaded_material;
CC-M1-161;Centrale operativa e trasmissioni;Coordinamento degli interventi;Altri gestori emergenza;Quale insieme di gestori di servizi può essere coinvolto nell'interlocuzione della Centrale?;Solo servizi di vendita al dettaglio;Esclusivamente concessionari pubblicitari;Aziende di acqua, luce e gas;C;Oltre ai gestori del soccorso, la sinossi menziona le aziende che erogano acqua, luce e gas.;1;Sinossi centrale operativa.pdf · pagina PDF 5;draft_source_aligned;important_highlighted;uploaded_material;
CC-M1-162;Centrale operativa e trasmissioni;Coordinamento degli interventi;Altra Forza di polizia;Se procede un'altra Forza di polizia per un evento di rilievo soggetto a preavviso, quale comunicazione resta prevista?;Nessun avviso perché non procede l'Arma;Avvisare telefonicamente il Comandante di Compagnia;Solo una nota a fine anno;B;La sinossi prevede l'avviso telefonico per le notizie preliminari di rilievo anche quando procede un'altra Forza di polizia.;1;Sinossi centrale operativa.pdf · pagina PDF 6;draft_source_aligned;important_highlighted;uploaded_material;
CC-M1-163;Centrale operativa e trasmissioni;Coordinamento degli interventi;Assetti API e SOS;A chi la Centrale richiede disposizioni per l'impiego degli assetti API e SOS allertati?;Al Comandante del Reparto Operativo;Al titolare della SIM privata del chiamante;Al tecnico del monitor;A;Il testo prevede l'allertamento e la richiesta di disposizioni al Comandante del Reparto Operativo.;1;Sinossi centrale operativa.pdf · pagina PDF 6;draft_source_aligned;important_highlighted;uploaded_material;
CC-M1-164;Centrale operativa e trasmissioni;Coordinamento degli interventi;Negoziatore primo livello;Su disposizione di chi viene attivato il negoziatore di primo livello nel passaggio dedicato ai rinforzi?;Di un qualunque visitatore;Del Comandante provinciale;Del responsabile del parcheggio;B;Nel quadro dei rinforzi il negoziatore di primo livello viene attivato su disposizione del Comandante provinciale.;1;Sinossi centrale operativa.pdf · pagina PDF 6;draft_source_aligned;important_highlighted;uploaded_material;
CC-M1-165;Centrale operativa e trasmissioni;Coordinamento degli interventi;Esiti dei rinforzi;Quale aggiornamento viene fornito alla scala gerarchica dopo l'impiego dei rinforzi?;Unicamente il nome del tecnico di turno;Solo il numero delle sedie della sala;Rinforzi impiegati ed esiti dell'attività;C;La sinossi richiede aggiornamenti sui rinforzi impiegati, sugli esiti e sugli interventi di reparti specializzati o altri Enti.;1;Sinossi centrale operativa.pdf · pagina PDF 6;draft_source_aligned;important_highlighted;uploaded_material;
CC-M1-166;Centrale operativa e trasmissioni;Coordinamento degli interventi;Tempestività SEFUR;Che cosa deve fare subito il militare che apprende il furto di un veicolo, nel passaggio della sinossi?;Attendere la fine del turno senza segnalare;Avvisare soltanto il servizio manutenzione;Allertare la Centrale chiedendo l'inserimento dei dati in SEFUR;C;Il testo sottolinea la tempestività dell'allertamento della Centrale per inserire in SEFUR i dati del veicolo rubato.;1;Sinossi centrale operativa.pdf · pagina PDF 6;draft_source_aligned;important_highlighted;uploaded_material;
CC-M1-167;Centrale operativa e trasmissioni;Coordinamento degli interventi;Ordine pubblico;A quali disposizioni si conforma il coordinamento dei Reparti nei servizi di ordine pubblico?;Soltanto alle preferenze del singolo equipaggio;A quelle del responsabile del servizio;Alle istruzioni del gestore telefonico;B;Il coordinamento avviene in aderenza alle disposizioni del responsabile del servizio, mantenendo i contatti previsti.;1;Sinossi centrale operativa.pdf · pagina PDF 6;draft_source_aligned;important_highlighted;uploaded_material;
CC-M1-168;Centrale operativa e trasmissioni;Coordinamento degli interventi;Sorveglianza elettronica;Quale Reparto viene attivato quando scatta l'attivazione del controllo elettronico nel caso descritto?;Sempre un reparto scelto senza criterio territoriale;Solo l'ufficio amministrativo delle paghe;Il Reparto territoriale che ha in carico il sottoposto;C;La sinossi identifica il Reparto territoriale che ha in carico la gestione della persona sottoposta a misura.;1;Sinossi centrale operativa.pdf · pagina PDF 6;draft_source_aligned;important_highlighted;uploaded_material;
CC-M1-169;Centrale operativa e trasmissioni;Organizzazione della Centrale;Sicurezza documenti;Quali figure emanano disposizioni richiamate per le attività del Nucleo Cifra?;Ufficiale alla Sicurezza e Ufficiale COMSEC;Unicamente gli autisti dei servizi esterni;Solo il Capo magazzino e il cassiere;A;Le attività del Nucleo Cifra seguono la normativa di settore e le disposizioni dell'Ufficiale alla Sicurezza e dell'Ufficiale COMSEC.;1;Sinossi centrale operativa.pdf · pagina PDF 7;draft_source_aligned;;uploaded_material;
CC-M1-170;Centrale operativa e trasmissioni;Priorità;Carico orizzontale;Come viene distribuito orizzontalmente il carico di lavoro nella piattaforma descritta?;Solo tra Comandi di regioni diverse;Tra apparati con batterie identiche;Tra profili di eguale tipologia;C;La distribuzione orizzontale avviene tra profili della stessa tipologia, mentre quella verticale riguarda responsabilità crescenti.;1;Sinossi centrale operativa.pdf · pagina PDF 7;draft_source_aligned;;uploaded_material;
CC-M1-171;Centrale operativa e trasmissioni;Priorità;Carico verticale;Quale criterio distingue la distribuzione verticale del carico nella piattaforma CC112-NUE?;Solo l'altezza dei monitor;Profili di responsabilità crescenti;Una rotazione casuale dei numeri telefonici;B;La sinossi distingue la distribuzione verticale per responsabilità crescenti da quella orizzontale tra profili omogenei.;1;Sinossi centrale operativa.pdf · pagina PDF 7;draft_source_aligned;;uploaded_material;
CC-M1-172;Centrale operativa e trasmissioni;Comunicazioni;Standardizzazione evento;Quale processo informativo mira a standardizzare la piattaforma CC112-NUE?;La distribuzione delle uniformi;La scelta delle marche dei veicoli;La raccolta delle informazioni a corredo dell'evento;C;Tra gli obiettivi è indicata la standardizzazione del modello di raccolta delle informazioni relative all'evento.;1;Sinossi centrale operativa.pdf · pagina PDF 7;draft_source_aligned;;uploaded_material;
CC-M1-173;Centrale operativa e trasmissioni;Comunicazioni;Report di fine intervento;Quali prodotti possono essere ottenuti dai dati registrati per le richieste d'intervento?;Solo messaggi pubblicitari;Statistiche e report di fine intervento;Esclusivamente etichette di magazzino;B;I dati sul chiamante, luogo e tipo di evento consentono anche di produrre statistiche e report a fine intervento.;1;Sinossi centrale operativa.pdf · pagina PDF 7;draft_source_aligned;;uploaded_material;
CC-M1-174;Centrale operativa e trasmissioni;Comunicazioni;Riascolto;Quale uso della piattaforma di registrazione digitale, oltre all'archiviazione, è indicato?;Modificare la voce originale del chiamante;Riascoltare le comunicazioni telefoniche;Cancellare automaticamente ogni chiamata urgente;B;La piattaforma consente registrazione digitale, riascolto e associazione alle schede degli operatori.;1;Sinossi centrale operativa.pdf · pagina PDF 8;draft_source_aligned;;uploaded_material;
CC-M1-175;Centrale operativa e trasmissioni;Collegamenti radio;Messaggi cifrati;Quale contenuto di testo possono condividere Centrale e pattuglie tramite C-Mobile integrato?;Messaggi di testo cifrati;Unicamente messaggi senza destinatario;Solo cartoline cartacee;A;La sinossi indica la condivisione di messaggi di testo cifrati, insieme a file e contenuti multimediali.;1;Sinossi centrale operativa.pdf · pagina PDF 8;draft_source_aligned;;uploaded_material;
CC-M1-176;Centrale operativa e trasmissioni;Radiolocalizzazione;Velocità del mezzo;Quale grandezza di movimento è trattata dal modulo oltre a posizione e direzione?;Colore della carrozzeria;Temperatura della stampante;Velocità;C;L'elenco delle informazioni reindirizzate ai dispatcher include la velocità delle unità.;1;Sinossi centrale operativa.pdf · pagina PDF 8;draft_source_aligned;;uploaded_material;
CC-M1-177;Centrale operativa e trasmissioni;Radiolocalizzazione;Dispatcher;A quali operatori il modulo reindirizza le informazioni dei mezzi radiolocalizzati?;Solo agli addetti alle paghe;Ai dispatcher competenti;Esclusivamente ai tecnici della rete elettrica;B;Il modulo tratta e reindirizza le informazioni delle unità ai competenti dispatcher.;1;Sinossi centrale operativa.pdf · pagina PDF 8;draft_source_aligned;;uploaded_material;
CC-M1-178;Centrale operativa e trasmissioni;Radiolocalizzazione;Rappresentazione evento;Dove appare il luogo dell'evento all'arrivo della segnalazione, secondo la descrizione?;Sul monitor grafico;Solo sulla tastiera fisica;Unicamente sull'altoparlante;A;I dettagli della segnalazione compaiono nella parte alfanumerica mentre il luogo è rappresentato sul monitor grafico.;1;Sinossi centrale operativa.pdf · pagina PDF 8;draft_source_aligned;;uploaded_material;
CC-M1-179;Centrale operativa e trasmissioni;Radiolocalizzazione;Assegnazione intervento;Oltre alle risorse visualizzate sul territorio, su quale elemento l'operatore basa l'assegnazione dell'evento?;Esclusivamente il numero di serie del tablet;Solo il nome alfabetico della pattuglia;Piani di intervento predefiniti;C;Il testo combina la disponibilità delle risorse radiolocalizzate con i piani di intervento predefiniti.;1;Sinossi centrale operativa.pdf · pagina PDF 8;draft_source_aligned;;uploaded_material;
CC-M1-180;Centrale operativa e trasmissioni;Radiolocalizzazione;Richieste dai mezzi;Le richieste d'intervento possono essere originate direttamente dai mezzi sul terreno?;No, sono ammesse soltanto richieste da rete fissa;Solo se il mezzo rientra prima in sede;Sì, l'operatore può recepirle direttamente;C;La descrizione consente di recepire richieste dei mezzi mobili e di altre Centrali delle Forze di polizia.;1;Sinossi centrale operativa.pdf · pagina PDF 8;draft_source_aligned;;uploaded_material;
CC-M1-181;Centrale operativa e trasmissioni;Controllo pattuglie;Ordine pubblico pianificato;Quale informazione sulle risorse viene rappresentata per supportare gli eventi di ordine pubblico pianificati?;Solo il nome del produttore della radio;La data di nascita dei fornitori;La posizione degli equipaggi;C;La rappresentazione grafica degli eventi pianificati comprende zone, obiettivi sensibili, telecamere e posizione degli equipaggi.;1;Sinossi centrale operativa.pdf · pagina PDF 8;draft_source_aligned;;uploaded_material;
CC-M1-182;Centrale operativa e trasmissioni;Controllo pattuglie;Obiettivi sensibili;Che cosa rende evidente il modulo cartografico per contestualizzare l'evento?;Obiettivi sensibili ed elementi caratterizzanti l'area;Esclusivamente l'inventario delle munizioni;Solo i confini degli altri Stati;A;Il modulo cartografico consente di contestualizzare l'evento e individuare gli elementi significativi dell'area.;1;Sinossi centrale operativa.pdf · pagina PDF 8;draft_source_aligned;;uploaded_material;
CC-M1-183;Centrale operativa e trasmissioni;Storia;Istituzione europea;In quale anno la sinossi colloca la decisione di istituire un numero unico europeo di emergenza?;2008;1981;1991;C;La sinossi richiama la decisione europea del 1991, distinta dalla nascita del numero nazionale italiano.;1;Sinossi centrale operativa.pdf · pagina PDF 9;draft_source_aligned;;uploaded_material;
CC-M1-184;Centrale operativa e trasmissioni;NUE 112;Numero privato;Nel sistema descritto, il servizio ID Privato nasconde il numero all'operatore di emergenza?;Sì, viene sempre sostituito da un numero casuale;No, il numero resta visibile grazie alla funzione di override;Sì, se la chiamata supera un minuto;B;La sinossi afferma che l'operatore vede il numero anche quando il chiamante usa ID Privato.;1;Sinossi centrale operativa.pdf · pagina PDF 9;draft_source_aligned;;uploaded_material;
CC-M1-185;Centrale operativa e trasmissioni;NUE 112;Localizzazione fissa;Quale localizzazione è riportata per una chiamata da telefono fisso nella sinossi?;Sempre l'intera provincia;La posizione dell'ultima pattuglia passata;Il punto in cui si trova il telefono;C;Il testo distingue il punto del telefono fisso dall'area di cella indicata per il cellulare nel modello descritto nell'edizione 2023.;1;Sinossi centrale operativa.pdf · pagina PDF 9;draft_source_aligned;;uploaded_material;
CC-M1-186;Centrale operativa e trasmissioni;NUE 112;Localizzazione cellulare 2023;Quale area viene visualizzata per la chiamata da cellulare nella descrizione della sinossi 2023?;L'area di copertura della cella telefonica;Sempre un punto preciso derivato dal numero civico;Solo l'indirizzo del negozio che ha venduto il telefono;A;"Questa è la descrizione della sinossi 2023; non esclude altri sistemi più precisi di localizzazione come AML presentati negli approfondimenti online.";1;Sinossi centrale operativa.pdf · pagina PDF 9;draft_source_aligned;;uploaded_material;
CC-M1-187;Centrale operativa e trasmissioni;NUE 112;Assenza CUR;Secondo la sinossi, chi assicura il NUE 112 dove non è presente una CUR?;Le Centrali operative dell'Arma dei Carabinieri;Solo gli uffici comunali dell'anagrafe;Esclusivamente gli sportelli postali;A;Il testo indica le Centrali dell'Arma per le aree in cui la Centrale Unica di Risposta non è presente.;1;Sinossi centrale operativa.pdf · pagina PDF 9;draft_source_aligned;;uploaded_material;
CC-M1-188;Centrale operativa e trasmissioni;Scheda contatto;Destinazione sanitaria;Se il soccorso richiesto è sanitario, a quale struttura di secondo livello viene trasferita la scheda?;Solo alla Centrale di manutenzione radio;Sempre all'ufficio patenti;Alla Centrale dell'Emergenza Sanitaria competente;C;La scheda e la chiamata sono trasferite al PSAP2 competente per la tipologia di soccorso, tra cui l'Emergenza Sanitaria.;1;Sinossi centrale operativa.pdf · pagina PDF 10;draft_source_aligned;;uploaded_material;
CC-M1-189;Centrale operativa e trasmissioni;Scheda contatto;Formato;In quale formato viene compilata la scheda contatto della CUR descritta?;Esclusivamente su registrazione audio senza campi;Digitale;Solo cartaceo con invio postale;B;La sinossi indica una scheda in formato digitale, integrata e trasferita con la chiamata.;1;Sinossi centrale operativa.pdf · pagina PDF 10;draft_source_aligned;;uploaded_material;
CC-M1-190;Centrale operativa e trasmissioni;Where ARE U;Disponibilità CUR;A quale presenza organizzativa lega la sinossi l'uso di Where ARE U nelle Regioni?;Soltanto un ufficio postale aperto;Centrali Uniche di Risposta operative;Un centro revisione veicoli;B;Il testo presenta Where ARE U nelle Regioni dove sono operative le CUR.;1;Sinossi centrale operativa.pdf · pagina PDF 10;draft_source_aligned;;uploaded_material;
CC-M1-191;Centrale operativa e trasmissioni;Where ARE U;Dispositivo;A quale tipo di dispositivo è dedicata l'app nella descrizione della sinossi?;Esclusivamente telefoni fissi analogici;Solo ricetrasmettitori HF senza GPS;Smartphone;C;La sinossi presenta Where ARE U come app dedicata agli smartphone.;1;Sinossi centrale operativa.pdf · pagina PDF 10;draft_source_aligned;;uploaded_material;
CC-M1-192;Centrale operativa e trasmissioni;NUE 112: approfondimenti ufficiali;Costo della chiamata;Quale costo prevede la sinossi per chiamare il 112 da rete fissa o mobile?;La chiamata è gratuita;Una tariffa diversa per ogni minuto;Un abbonamento obbligatorio al soccorso;A;"Il testo indica la gratuità da rete fissa e mobile; questo quesito è ricavato dalla dispensa allegata.";1;Sinossi centrale operativa.pdf · pagina PDF 10;draft_source_aligned;;uploaded_material;
CC-M1-193;Centrale operativa e trasmissioni;NUE 112: approfondimenti ufficiali;Assenza credito;La mancanza di credito telefonico impedisce la chiamata al 112 secondo la sinossi?;No, la chiamata è prevista anche senza credito;Sì, salvo un permesso della Centrale;Sì, serve sempre un saldo minimo;A;"Il testo afferma che il 112 può essere chiamato anche senza credito o senza SIM; il quesito segue la descrizione della dispensa.";1;Sinossi centrale operativa.pdf · pagina PDF 10;draft_source_aligned;;uploaded_material;
CC-M1-194;Centrale operativa e trasmissioni;NUE 112: approfondimenti ufficiali;Soccorso in mare;Quale ambito di assistenza è incluso tra gli interventi urgenti richiedibili al 112?;Solo consulenza per la vendita di imbarcazioni;Assistenza in mare;Prenotazione dei parcheggi portuali;B;La sinossi elenca, oltre a polizia, vigili del fuoco e sanità, anche l'assistenza in mare.;1;Sinossi centrale operativa.pdf · pagina PDF 10;draft_source_aligned;;uploaded_material;
CC-M1-195;Centrale operativa e trasmissioni;C-Mobile;Coordinate costanti;Quale invio viene gestito costantemente dalla connessione dati del tablet descritto?;Le coordinate cartografiche alla Centrale;L'inventario dei materiali di caserma;Tutti i video in archivio senza richiesta;A;"Il dispositivo gestisce l'invio costante delle coordinate cartografiche; i contenuti multimediali sono trasferiti su richiesta.";1;Sinossi centrale operativa.pdf · pagina PDF 11;draft_source_aligned;;uploaded_material;
CC-M1-196;Centrale operativa e trasmissioni;C-Mobile;Trasferimento on demand;Quali contenuti sono trasferiti on demand nella descrizione hardware?;Foto, video e video live;Solo il calendario delle ferie;Tutte le comunicazioni radio in chiaro;A;La sinossi distingue l'invio delle coordinate dal trasferimento su richiesta dei contenuti multimediali.;1;Sinossi centrale operativa.pdf · pagina PDF 11;draft_source_aligned;;uploaded_material;
CC-M1-197;Centrale operativa e trasmissioni;C-Mobile;Seconda pagina icone;Quale trascinamento porta alla seconda pagina di icone descritta?;Da sinistra verso destra sul pulsante PTT;Da destra verso sinistra;Solo dal basso verso l'alto con due dita;B;Il testo indica il movimento del dito da destra verso sinistra per accedere alla seconda pagina.;1;Sinossi centrale operativa.pdf · pagina PDF 11;draft_source_aligned;;uploaded_material;
CC-M1-198;Centrale operativa e trasmissioni;C-Mobile;Accesso funzioni;Che cosa accade senza l'inserimento della selettiva radio prevista per l'accesso C-Mobile?;Tutti gli accertamenti restano utilizzabili anonimamente;Si abilita automaticamente la consultazione pubblica;Le funzionalità applicative non sono disponibili;C;La sinossi rende disponibili le funzionalità dopo l'inserimento della selettiva TETRA o Gamma 400.;1;Sinossi centrale operativa.pdf · pagina PDF 11;draft_source_aligned;;uploaded_material;
CC-M1-199;Centrale operativa e trasmissioni;C-Mobile;Lunghezza selettiva TETRA;Quante cifre ha la selettiva TETRA nel modello C-Mobile descritto?;Sette;Cinque;Quattro;A;"La sinossi distingue sette cifre per TETRA e cinque per Gamma 400; non vengono riportati codici reali di apparati.";1;Sinossi centrale operativa.pdf · pagina PDF 11;draft_source_aligned;;uploaded_material;
CC-M1-200;Centrale operativa e trasmissioni;C-Mobile;Lunghezza selettiva Gamma;Quante cifre ha la selettiva Gamma 400 per l'accesso al C-Mobile descritto?;Dodici;Sette;Cinque;C;Il documento indica cinque cifre per Gamma 400, distinguendole dalle sette previste per TETRA.;1;Sinossi centrale operativa.pdf · pagina PDF 11;draft_source_aligned;;uploaded_material;
CC-M1-201;Centrale operativa e trasmissioni;C-Mobile;Barra ritorno;Quali destinazioni consentono le icone della barra di navigazione C-Mobile?;Solo la pagina delle impostazioni amministrative;Home page o schermata precedente;Sempre un sito internet esterno;B;Le icone permettono di chiudere le schermate e tornare alla home o al livello precedente.;1;Sinossi centrale operativa.pdf · pagina PDF 13;draft_source_aligned;;uploaded_material;
CC-M1-202;Centrale operativa e trasmissioni;C-Mobile;Spia APN;Quale colore indica una connessione riuscita con l'APN dell'Arma nella barra di stato?;Rosso;Sempre blu;Verde;C;La spia è verde quando la connessione è presente e rossa quando manca.;1;Sinossi centrale operativa.pdf · pagina PDF 14;draft_source_aligned;;uploaded_material;
CC-M1-203;Centrale operativa e trasmissioni;C-Mobile;Spia aggiornamenti;Che cosa indica la spia rossa degli aggiornamenti software?;Aggiornamenti presenti ma non installati;Assenza certa di qualsiasi aggiornamento;Solo il termine del turno della pattuglia;A;La spia segnala aggiornamenti software non ancora installati.;1;Sinossi centrale operativa.pdf · pagina PDF 14;draft_source_aligned;;uploaded_material;
CC-M1-204;Centrale operativa e trasmissioni;C-Mobile;Messaggi non letti;Quale quantità viene riportata dalla spia dedicata ai messaggi?;La durata dell'ultima telefonata;Il numero dei messaggi non letti;Il totale dei veicoli della provincia;B;La barra di stato riporta il numero dei messaggi non letti.;1;Sinossi centrale operativa.pdf · pagina PDF 14;draft_source_aligned;;uploaded_material;
CC-M1-205;Centrale operativa e trasmissioni;C-Mobile;Durata timeout;Quanto dura il timeout iniziale dell'allarme nel C-Mobile della sinossi?;Cinque secondi;Sessanta secondi;Dieci minuti;A;La durata indicata è cinque secondi prima dell'invio, salvo la scelta di inviare subito.;1;Sinossi centrale operativa.pdf · pagina PDF 14;draft_source_aligned;;uploaded_material;
CC-M1-206;Centrale operativa e trasmissioni;C-Mobile;Disattivazione allarme;Dopo quanto tempo la segnalazione Terminale allarmato si disattiva automaticamente nel modello descritto?;Dieci minuti;Sessanta secondi;Cinque secondi;B;La sinossi indica sessanta secondi per la disattivazione automatica della segnalazione.;1;Sinossi centrale operativa.pdf · pagina PDF 15;draft_source_aligned;;uploaded_material;
CC-M1-207;Centrale operativa e trasmissioni;C-Mobile;Sorgente video allarme;Quale scelta della sorgente video è prevista durante lo stato di allarme?;Solo una fotocamera esterna obbligatoria;Telecamera frontale o posteriore;Unicamente il video registrato il giorno prima;B;I bottoni permettono di scegliere il flusso della telecamera frontale o posteriore integrata.;1;Sinossi centrale operativa.pdf · pagina PDF 15;draft_source_aligned;;uploaded_material;
CC-M1-208;Centrale operativa e trasmissioni;C-Mobile;Login recente;Entro quale intervallo un login SDI già eseguito evita di ripresentare l'autenticazione per gli accertamenti?;Sessanta secondi;Ventiquattro ore;Dieci minuti;C;La schermata di autenticazione è omessa se la procedura di login è stata eseguita nei dieci minuti precedenti.;1;Sinossi centrale operativa.pdf · pagina PDF 15;draft_source_aligned;;uploaded_material;
CC-M1-209;Centrale operativa e trasmissioni;C-Mobile;Esiti aggregati;Come sono ricevute le informazioni dalle diverse banche dati accessibili dopo l'autenticazione?;Sempre senza indicazione dell'esito;In forma aggregata;Solo su carta consegnata in caserma;B;L'autenticazione consente di interrogare diverse banche dati e riceverne le informazioni in forma aggregata.;1;Sinossi centrale operativa.pdf · pagina PDF 16;draft_source_aligned;;uploaded_material;
CC-M1-210;Centrale operativa e trasmissioni;C-Mobile;Invio richieste;Quale pulsante trasmette alle banche dati tutte le richieste inserite nella lista?;Invia;Informazioni su;Archivio;A;Dopo l'inserimento degli accertamenti, il pulsante Invia trasmette le richieste alle banche dati di riferimento.;1;Sinossi centrale operativa.pdf · pagina PDF 17;draft_source_aligned;;uploaded_material;
CC-M1-211;Centrale operativa e trasmissioni;C-Mobile;Campo finalità;Che cosa permette di scegliere il campo Finalità nella maschera degli accertamenti?;Il canale della radio analogica;Solo la risoluzione delle fotografie;Le tipologie di finalità previste dallo SDI;C;Il campo Finalità offre le tipologie previste dallo SDI per descrivere l'accertamento.;1;Sinossi centrale operativa.pdf · pagina PDF 18;draft_source_aligned;;uploaded_material;
CC-M1-212;Centrale operativa e trasmissioni;C-Mobile;Esito eseguito;Quale stato permette di aprire l'accertamento e visualizzarne la risposta?;Sempre In coda;Eseguito;In esecuzione;B;"Lo stato Eseguito indica che la risposta è disponibile; In esecuzione significa ancora in attesa.";1;Sinossi centrale operativa.pdf · pagina PDF 18;draft_source_aligned;;uploaded_material;
CC-M1-213;Centrale operativa e trasmissioni;C-Mobile;Dettagli risultato;Come si accede alle informazioni di dettaglio del risultato mostrato?;Spegnendo il tablet;Premendo il pulsante di allarme radio;Selezionando la relativa riga;C;La sinossi indica la selezione delle righe per ottenere i dettagli delle informazioni restituite.;1;Sinossi centrale operativa.pdf · pagina PDF 19;draft_source_aligned;;uploaded_material;
CC-M1-214;Centrale operativa e trasmissioni;C-Mobile;Stop registrazione;Quale azione interrompe una registrazione video avviata con Registra un video?;Il semplice scorrimento di un messaggio;La modifica del volume radio;Una ulteriore pressione del pulsante;C;Premere nuovamente il pulsante interrompe la registrazione e il video può essere visto nella galleria.;1;Sinossi centrale operativa.pdf · pagina PDF 20;draft_source_aligned;;uploaded_material;
CC-M1-215;Centrale operativa e trasmissioni;C-Mobile;Invio ultima foto;Quale riquadro permette di inviare direttamente l'ultima foto scattata alla Centrale?;Il pulsante blocco tastiera della radio;La pagina Informazioni su;La miniatura nell'icona Invia foto;C;Il riquadro Invia foto contiene la miniatura dell'ultimo scatto e permette la trasmissione alla Centrale.;1;Sinossi centrale operativa.pdf · pagina PDF 21;draft_source_aligned;;uploaded_material;
CC-M1-216;Centrale operativa e trasmissioni;C-Mobile;Zoom durante video;I tasti zoom possono essere utilizzati durante registrazione o trasmissione video?;Solo se è scollegata la SIM;No, solo prima di aprire la camera;Sì, la sinossi lo prevede;C;Il testo consente l'uso dei tasti zoom durante la trasmissione o registrazione.;1;Sinossi centrale operativa.pdf · pagina PDF 21;draft_source_aligned;;uploaded_material;
CC-M1-217;Centrale operativa e trasmissioni;C-Mobile;Durata video;Quale metadato è indicato specificamente per i video, oltre a quelli comuni?;La durata;La distanza dall'officina;Il numero del canale radio scelto;A;La durata è indicata per i video, mentre selettiva, coordinate e data/ora accompagnano tutti i contenuti multimediali.;1;Sinossi centrale operativa.pdf · pagina PDF 21;draft_source_aligned;;uploaded_material;
CC-M1-218;Centrale operativa e trasmissioni;C-Mobile;Ordine messaggi;In quale ordine sono presentati i messaggi scambiati nella lista C-Mobile?;Sempre alfabetico per la prima parola;Per marca dei dispositivi destinatari;Cronologico;C;La lista della messaggistica mostra gli scambi in ordine cronologico, con il loro stato.;1;Sinossi centrale operativa.pdf · pagina PDF 21;draft_source_aligned;;uploaded_material;
CC-M1-219;Centrale operativa e trasmissioni;C-Mobile;Preimpostati e invio;Selezionare un messaggio preimpostato ne determina subito l'invio?;No, viene riportato nella casella e va premuto Invia messaggio;Sì, senza alcuna ulteriore azione;No, può essere soltanto letto e mai inviato;A;Il testo selezionato viene riportato nella casella e resta in attesa dell'invio mediante il pulsante dedicato.;1;Sinossi centrale operativa.pdf · pagina PDF 22;draft_source_aligned;;uploaded_material;
CC-M1-220;Centrale operativa e trasmissioni;C-Mobile;Verifica aggiornamenti;Che cosa consente il pulsante Verifica aggiornamenti nella versione descritta?;Interrogare soltanto l'archivio dei veicoli rubati;Cambiare i codici selettivi di tutte le pattuglie;Scaricare e installare gli aggiornamenti non ancora installati;C;La procedura della sezione aggiornamenti scarica e installa automaticamente gli aggiornamenti disponibili.;1;Sinossi centrale operativa.pdf · pagina PDF 23;draft_source_aligned;;uploaded_material;
CC-M1-221;Centrale operativa e trasmissioni;C-Mobile;Ausilio informativo;Come si accede ai contenuti operativi dell'ausilio informativo?;Premendo solo il tasto allarme;Modificando il volume dell'altoparlante;Scegliendo l'argomento e i relativi sottomenu;C;L'utente scorre gli argomenti e apre i sottomenu che forniscono informazioni per l'operatività quotidiana.;1;Sinossi centrale operativa.pdf · pagina PDF 23;draft_source_aligned;;uploaded_material;
CC-M1-222;Centrale operativa e trasmissioni;C-Mobile;Stato in coda;Che cosa rappresenta la scheda In coda nella sezione trasferimenti?;File inviati e già completati;Accertamenti che non devono essere inviati;Trasferimenti in attesa di invio;C;La sezione distingue trasferimenti in esecuzione, in attesa e completati con successo.;1;Sinossi centrale operativa.pdf · pagina PDF 24;draft_source_aligned;;uploaded_material;
CC-M1-223;Centrale operativa e trasmissioni;C-Mobile;Trasferimenti completati;Quale scheda elenca i trasferimenti effettuati con successo?;In coda;In esecuzione;Completati;C;Il pulsante Completati mostra i trasferimenti conclusi positivamente.;1;Sinossi centrale operativa.pdf · pagina PDF 24;draft_source_aligned;;uploaded_material;
CC-M1-224;Centrale operativa e trasmissioni;C-Mobile;GESTINCPAD;Quale sistema può essere consultato e alimentato in mobilità con GESTINCPAD?;Gestinc, gestione degli incidenti stradali;L'inventario delle batterie radio;Solo il sistema di telefonia interna;A;La sinossi presenta GESTINCPAD per consultazione e alimentazione in mobilità del sistema Gestione Incidenti stradali.;1;Sinossi centrale operativa.pdf · pagina PDF 25;draft_source_aligned;;uploaded_material;
CC-M1-225;Centrale operativa e trasmissioni;C-Mobile;Violazione CDS;Che cosa consente l'app Violazione CDS descritta?;Modificare la frequenza del ponte ripetitore;Attivare automaticamente un soccorso sanitario;Consultare il prontuario delle violazioni al Codice della Strada;C;La funzione è dedicata alla consultazione rapida e intuitiva del prontuario delle violazioni stradali.;1;Sinossi centrale operativa.pdf · pagina PDF 25;draft_source_aligned;;uploaded_material;
CC-M1-226;Centrale operativa e trasmissioni;C-Mobile;Impostazioni riservate;A quali addetti è riservata la modifica delle impostazioni del dispositivo nella sinossi?;Centri Telematici;Tutti i cittadini che chiamano il 112;Qualunque passeggero del veicolo;A;"L'area impostazioni è riservata ai Centri Telematici, con proprie credenziali; il quesito non riporta password.";1;Sinossi centrale operativa.pdf · pagina PDF 25;draft_source_aligned;;uploaded_material;
CC-M1-227;Centrale operativa e trasmissioni;C-Mobile;Informazioni terminale;Quali informazioni vengono mostrate nella sezione Informazioni su?;Proprietà del terminale e software installato;Unicamente la posizione delle pattuglie vicine;Solo l'esito dell'ultimo accertamento;A;La sezione riporta le informazioni sulla proprietà del terminale e sul software installato.;1;Sinossi centrale operativa.pdf · pagina PDF 26;draft_source_aligned;;uploaded_material;
CC-M1-228;Centrale operativa e trasmissioni;Reti radio;SFC450-C;Dove è collocata la stazione fissa centrale SFC450-C descritta?;Presso la Centrale Operativa;Sempre sul motociclo;Solo nel tablet della pattuglia;A;La struttura della rete colloca la SFC450-C presso le Centrali Operative dei livelli di Comando indicati.;1;Sinossi centrale operativa.pdf · pagina PDF 27;draft_source_aligned;;uploaded_material;
CC-M1-229;Centrale operativa e trasmissioni;Reti radio;Periferici mobili;Quali apparati rientrano tra le stazioni periferiche mobili descritte?;Veicolari, motociclari e portatili;Solo le consolle fisse di Centrale;Esclusivamente i ponti fissi;A;Il documento include radiotelefoni veicolari, motociclari e portatili tra gli apparati periferici mobili.;1;Sinossi centrale operativa.pdf · pagina PDF 27;draft_source_aligned;;uploaded_material;
CC-M1-230;Centrale operativa e trasmissioni;Reti radio;Moduli comuni;Quale vantaggio offre l'uso degli stessi moduli nei periferici fissi e mobili?;Rende obbligatorio un canale diverso per ogni componente;Impedisce ogni comunicazione tra apparati;Agevola uso e operatività;C;La comunanza dei moduli agevola l'impiego e l'operatività delle stazioni periferiche.;1;Sinossi centrale operativa.pdf · pagina PDF 27;draft_source_aligned;;uploaded_material;
CC-M1-231;Centrale operativa e trasmissioni;Reti radio;Consolle e rack;Quale collegamento fisico mette in comunicazione consolle e rack radio nella descrizione?;Solo collegamento ottico tra gli schermi;Cavi di telecomando;Una trasmissione tramite altoparlante;B;La consolle è collegata al rack degli apparati tramite appositi cavi di telecomando.;1;Sinossi centrale operativa.pdf · pagina PDF 27;draft_source_aligned;;uploaded_material;
CC-M1-232;Centrale operativa e trasmissioni;Rete Gamma 400;Limite automatico portatili;Il modo automatico è disponibile su tutti i radiotelefoni portatili descritti?;Solo sui portatili privi di batteria;Sì, è obbligatorio su ogni modello;No, su alcuni non è presente;C;La sinossi precisa che il modo automatico non è presente su alcuni radiotelefoni portatili.;1;Sinossi centrale operativa.pdf · pagina PDF 28;draft_source_aligned;;uploaded_material;
CC-M1-233;Centrale operativa e trasmissioni;Rete Gamma 400;Rischio scelta errata;Che cosa può accadere scegliendo diretto in una zona servita solo dal ripetitore?;L'impossibilità di comunicare con la Centrale;L'invio automatico di una fotografia;Il raddoppio automatico della potenza;A;Il modo automatico è previsto per evitare la scelta del modo incompatibile con la copertura locale.;1;Sinossi centrale operativa.pdf · pagina PDF 28;draft_source_aligned;;uploaded_material;
CC-M1-234;Centrale operativa e trasmissioni;Rete Gamma 400;Riceve o trasmette;Quale comportamento descrive il simplex a due frequenze dei periferici verso la Centrale?;Il periferico riceve e trasmette sempre nello stesso istante;Il periferico riceve oppure trasmette;Il periferico usa solo il segnale luminoso;B;La sinossi descrive il collegamento dei periferici in simplex a due frequenze con alternanza di ricezione e trasmissione.;1;Sinossi centrale operativa.pdf · pagina PDF 28;draft_source_aligned;;uploaded_material;
CC-M1-235;Centrale operativa e trasmissioni;Collegamenti radio;Transito telefonico;Oltre al transito tra canali radio, quale integrazione può realizzare la Centrale descritta?;Solo tra due stampanti;Tra comunicazioni radio e telefoniche;Unicamente tra monitor e fotocamera;B;Il testo indica il transito delle comunicazioni radio anche verso comunicazioni telefoniche, integrando sistemi diversi.;1;Sinossi centrale operativa.pdf · pagina PDF 29;draft_source_aligned;;uploaded_material;
CC-M1-236;Centrale operativa e trasmissioni;Collegamenti radio;Prime richieste;Quante chiamate in ordine prioritario sono visibili sul display della coda della consolle descritta?;Sempre una sola senza ordine;Le prime tre;Tutte e trentadue contemporaneamente sul piccolo display;B;"La coda contiene fino a 32 chiamate; le prime tre sono mostrate sul display e la visualizzazione completa è sul video.";1;Sinossi centrale operativa.pdf · pagina PDF 29;draft_source_aligned;;uploaded_material;
CC-M1-237;Centrale operativa e trasmissioni;Rete Gamma 400;Visualizzazione nominativo;Quali dati, oltre al nominativo, mostra la consolle per la richiesta del periferico?;Solo il numero di telaio del veicolo;La data di produzione della radio;Canale e stato operativo;C;La consolle memorizza e visualizza nominativo, numero di canale e stato operativo della richiesta.;1;Sinossi centrale operativa.pdf · pagina PDF 29;draft_source_aligned;;uploaded_material;
CC-M1-238;Centrale operativa e trasmissioni;Rete Gamma 400;P80 storico;Quale identificativo generico appariva per i portatili P80 ormai sostituiti nella descrizione?;P.P.P.;Una sequenza obbligatoria di sette cifre;Il solo nome del conducente;A;"Per la serie P80 il display mostrava tre P separate da punti luminosi; le serie successive hanno identificativi alfanumerici.";1;Sinossi centrale operativa.pdf · pagina PDF 29;draft_source_aligned;;uploaded_material;
CC-M1-239;Centrale operativa e trasmissioni;Ponti ripetitori;Elementi della stazione;Oltre ai ricetrasmettitori, quali elementi compongono le stazioni ripetitrici descritte?;Antenne e sistema di alimentazione;Solo un display e una tastiera;Unicamente una fotocamera;A;Le stazioni ripetitrici comprendono ricetrasmettitori per i canali, complesso di antenne e alimentazione.;1;Sinossi centrale operativa.pdf · pagina PDF 30;draft_source_aligned;;uploaded_material;
CC-M1-240;Centrale operativa e trasmissioni;Ponti ripetitori;Numero ricetrasmettitori;A che cosa corrisponde il numero di ricetrasmettitori del ponte descritto?;Al numero dei canali da ripetere;Sempre al numero di pattuglie in turno;Solo al numero degli operatori in Centrale;A;La stazione ripetitrice contiene un numero di ricetrasmettitori pari ai canali da ripetere.;1;Sinossi centrale operativa.pdf · pagina PDF 30;draft_source_aligned;;uploaded_material;
CC-M1-241;Centrale operativa e trasmissioni;Ponti ripetitori;Attivazione periferici;Quale modo provoca l'attivazione automatica dei ripetitori nella chiamata dei periferici?;Ripetuto;Solo ascolto con apparato spento;Semplice isoonda senza ripetitore;A;Nel modo ripetuto il periferico emette anche il codice che attiva automaticamente i ripetitori della zona.;1;Sinossi centrale operativa.pdf · pagina PDF 33;draft_source_aligned;;uploaded_material;
CC-M1-242;Centrale operativa e trasmissioni;Ponti ripetitori;Codici verso la Centrale;Quale qualità del segnale è comunicata dal ponte alla Centrale insieme al proprio nominativo?;La sola temperatura dell'antenna;Il rapporto segnale/rumore;Il consumo del veicolo chiamante;B;I ripetitori inviano anche un codice relativo al livello del rapporto S/N del segnale ricevuto.;1;Sinossi centrale operativa.pdf · pagina PDF 33;draft_source_aligned;;uploaded_material;
CC-M1-243;Centrale operativa e trasmissioni;Ponti ripetitori;Identificazione dei sei ponti;Come sono identificati genericamente i ponti della rete completa descritta?;Ponte 1 fino a ponte 6;Solo con i cognomi degli operatori;Con il numero della targa del primo veicolo;A;La sinossi elenca sei ponti identificati con numeri progressivi da 1 a 6.;1;Sinossi centrale operativa.pdf · pagina PDF 34;draft_source_aligned;;uploaded_material;
CC-M1-244;Centrale operativa e trasmissioni;Ponti ripetitori;Cascata;Quale funzione svolgono le frequenze ausiliarie nella ripetizione in cascata?;Trasferire comunicazioni fra ripetitori;Identificare il conducente del veicolo;Cambiare il volume del telefono fisso;A;Il sistema in cascata utilizza frequenze ausiliarie per il trasferimento delle comunicazioni tra ripetitori.;1;Sinossi centrale operativa.pdf · pagina PDF 35;draft_source_aligned;;uploaded_material;
CC-M1-245;Centrale operativa e trasmissioni;Ponti ripetitori;Ripetitore locale mobile;Su quale canale può operare come ripetitore locale il VP-450/SR descritto?;Solo sul canale 6;Sempre su tutti i canali simultaneamente;Solo sul canale 2;A;Tra le funzioni del ripetitore mobile è prevista quella di ripetitore locale sul solo canale sei.;1;Sinossi centrale operativa.pdf · pagina PDF 35;draft_source_aligned;;uploaded_material;
CC-M1-246;Centrale operativa e trasmissioni;Ponti ripetitori;Antintrusione caserma;Quando viene attivato il dispositivo antintrusione dei reparti senza servizio continuo di caserma?;Durante la chiusura e l'assenza del personale;Esclusivamente durante le visite autorizzate;Solo quando tutti i militari sono in aula;A;Il dispositivo invia un messaggio vocale di allarme alla Centrale nelle ore di chiusura e assenza del personale.;1;Sinossi centrale operativa.pdf · pagina PDF 35;draft_source_aligned;;uploaded_material;
CC-M1-247;Centrale operativa e trasmissioni;Telecomandi e frontali;TC4 riferimento 1;Nella figura del TC4, quale condizione consente al comando 1 di scegliere il canale di ricezione e trasmissione?;Pulsante allarme tenuto premuto;Led C.ZONA illuminato;Apparato necessariamente spento;B;La tabella del comando 1 indica la selezione del canale quando il led C.ZONA è illuminato.;1;Sinossi centrale operativa.pdf · pagina PDF 36;draft_source_aligned;;uploaded_material;assets/quesiti/tc4.png
CC-M1-248;Centrale operativa e trasmissioni;Telecomandi e frontali;TC4 riferimento 2;Che cosa rappresenta il numero dell'indicatore 2 nella figura TC4?;Il numero dei militari sull'evento;Il livello di carica della batteria;Il canale selezionato;C;La tabella descrive il riferimento 2 come indicatore del canale selezionato dal commutatore.;1;Sinossi centrale operativa.pdf · pagina PDF 36;draft_source_aligned;;uploaded_material;assets/quesiti/tc4.png
CC-M1-249;Centrale operativa e trasmissioni;Telecomandi e frontali;TC4 riferimento 5;Che cosa segnala l'illuminazione del led 5 del TC4 raffigurato?;La batteria è completamente scarica;Il terminale è spento;Il periferico sta trasmettendo;C;Il riferimento 5 è il led di apparato in trasmissione, che si illumina quando il periferico trasmette.;1;Sinossi centrale operativa.pdf · pagina PDF 37;draft_source_aligned;;uploaded_material;assets/quesiti/tc4.png
CC-M1-250;Centrale operativa e trasmissioni;Telecomandi e frontali;Classe 1;Quale richiesta invia il pulsante di stato 1 del TC4 descritto?;Conversazione telefonica di classe 1;Sempre allarme a massima priorità;Solo cancellazione dell'ultima funzione;A;Il pulsante 1 invia la selettiva di classe 1 per richiesta di conversazione telefonica.;1;Sinossi centrale operativa.pdf · pagina PDF 37;draft_source_aligned;;uploaded_material;assets/quesiti/tc4.png
CC-M1-251;Centrale operativa e trasmissioni;Telecomandi e frontali;Classe 2;Quale richiesta corrisponde al pulsante di stato 2 del TC4?;Spegnimento dell'apparato;Semplice prova dell'altoparlante;Conversazione urgente con priorità;C;Il pulsante 2 invia la richiesta urgente di conversazione appartenente alla classe 2.;1;Sinossi centrale operativa.pdf · pagina PDF 37;draft_source_aligned;;uploaded_material;assets/quesiti/tc4.png
CC-M1-252;Centrale operativa e trasmissioni;Telecomandi e frontali;Classi locali;Come sono attribuite le funzioni dei tasti di stato da 3 a 8 nella sinossi?;Solo dal costruttore del telefono privato;In ambito locale;Sempre dal cittadino che chiama;B;Le classi da 3 a 8 hanno funzioni attribuite in ambito locale.;1;Sinossi centrale operativa.pdf · pagina PDF 37;draft_source_aligned;;uploaded_material;assets/quesiti/tc4.png
CC-M1-253;Centrale operativa e trasmissioni;Telecomandi e frontali;Limiti modo semplice;Nel modo semplice del TC4, quali invii non vengono più generati secondo la tabella?;Chiamata selettiva e allarme;Ogni segnale vocale in qualsiasi caso;Soltanto il rumore dell'altoparlante;A;La descrizione del modo semplice precisa che non vengono più generate chiamata selettiva e allarme.;1;Sinossi centrale operativa.pdf · pagina PDF 37;draft_source_aligned;;uploaded_material;assets/quesiti/tc4.png
CC-M1-254;Centrale operativa e trasmissioni;Telecomandi e frontali;Silenziamento escluso;Quale suono è atteso in altoparlante con apparato acceso e SILENZ. ESCL.?;Sempre una melodia di chiamata;Nessun suono possibile;Fruscio;C;Con silenziamento escluso e apparato acceso la sinossi indica che si deve udire fruscio.;1;Sinossi centrale operativa.pdf · pagina PDF 38;draft_source_aligned;;uploaded_material;assets/quesiti/tc4.png
CC-M1-255;Centrale operativa e trasmissioni;Telecomandi e frontali;Led cripto;Quando si illumina il led di funzionamento cripto del TC4?;Sempre in modo CHIARO;Solo con volume zero;Con FUNZIONI su CRIPTO1 o CRIPTO2;C;La tabella associa il led cripto alle posizioni CRIPTO1 e CRIPTO2 del commutatore.;1;Sinossi centrale operativa.pdf · pagina PDF 38;draft_source_aligned;;uploaded_material;assets/quesiti/tc4.png
CC-M1-256;Centrale operativa e trasmissioni;Telecomandi e frontali;Spegnimento TC4;Quale posizione del commutatore accensione-volume lascia spento il periferico?;6;0;3;B;"La posizione zero corrisponde ad apparato spento; le altre posizioni regolano il volume di ricezione.";1;Sinossi centrale operativa.pdf · pagina PDF 38;draft_source_aligned;;uploaded_material;assets/quesiti/tc4.png
CC-M1-257;Centrale operativa e trasmissioni;Telecomandi e frontali;Canale occupato;Quale situazione può accendere il led canale occupato del TC4?;Una conversazione in corso sul canale;Un aggiornamento delle fotografie C-Mobile;Solo l'assenza di qualsiasi segnale;A;L'indicatore si illumina in presenza della portante prevista, di una conversazione o di un telecomando della Centrale.;1;Sinossi centrale operativa.pdf · pagina PDF 38;draft_source_aligned;;uploaded_material;assets/quesiti/tc4.png
CC-M1-258;Centrale operativa e trasmissioni;Telecomandi e frontali;Sintonia;Che cosa conferma il led di sintonia avvenuta del TC4?;Il sintetizzatore è sintonizzato sulla frequenza opportuna;L'arrivo della pattuglia sul luogo;Il completamento dell'accertamento SDI;A;La tabella collega il led alla corretta sintonia del sintetizzatore dell'unità base.;1;Sinossi centrale operativa.pdf · pagina PDF 38;draft_source_aligned;;uploaded_material;assets/quesiti/tc4.png
CC-M1-259;Centrale operativa e trasmissioni;Telecomandi e frontali;Allarme TC4;Quale chiamata invia il pulsante 13 del TC4 raffigurato?;Selettiva d'allarme a massima priorità;Soltanto una prova del volume;Richiesta di stampa del report;A;Il riferimento 13 identifica il pulsante che invia l'allarme con massima priorità.;1;Sinossi centrale operativa.pdf · pagina PDF 39;draft_source_aligned;;uploaded_material;assets/quesiti/tc4.png
CC-M1-260;Centrale operativa e trasmissioni;Telecomandi e frontali;Test catena ricezione;Quale nota è attesa dal test della catena di ricezione TC4 se il funzionamento è corretto?;Sempre una voce registrata del conducente;Nessuna nota e display obbligatoriamente spento;Circa 400 Hz in altoparlante;C;Il test della catena di ricezione deve produrre una nota di circa 400 Hz nell'altoparlante.;1;Sinossi centrale operativa.pdf · pagina PDF 39;draft_source_aligned;;uploaded_material;assets/quesiti/tc4.png
CC-M1-261;Centrale operativa e trasmissioni;Telecomandi e frontali;Pulsante P;Quale effetto del comando che commuta fra canale di zona e canale selezionato è descritto?;Il led del canale di zona cambia stato a ogni pressione;Tutte le chiamate vengono cancellate;Il tablet si resetta automaticamente;A;Il pulsante di commutazione cambia la scelta del canale e lo stato del led di zona.;1;Sinossi centrale operativa.pdf · pagina PDF 39;draft_source_aligned;;uploaded_material;assets/quesiti/tc4.png
CC-M1-262;Centrale operativa e trasmissioni;Telecomandi e frontali;FPG1 doppio sistema;In quali due sistemi può operare il frontale FPG1 descritto?;Esclusivamente telefonia fissa e fax;Solo rete HF e telex;Analogico Gamma 400 e digitale TETRA;C;Il frontale è descritto con funzionamento analogico Gamma 400 e digitale TETRA.;1;Sinossi centrale operativa.pdf · pagina PDF 40;draft_source_aligned;;uploaded_material;assets/quesiti/fpg1.png
CC-M1-263;Centrale operativa e trasmissioni;Telecomandi e frontali;Autodiagnostica;Che cosa esegue l'FPG1 all'accensione?;Un accertamento SDI su tutti i veicoli;Solo spegnimento della batteria;Autodiagnostica con tono acustico e accensione del display;C;L'accensione avvia l'autodiagnostica e mostra sul display le funzioni precedentemente memorizzate.;1;Sinossi centrale operativa.pdf · pagina PDF 40;draft_source_aligned;;uploaded_material;assets/quesiti/fpg1.png
CC-M1-264;Centrale operativa e trasmissioni;Telecomandi e frontali;Lettera Z;Quale canale indica la lettera Z sul display FPG1?;Canale d'allarme internazionale;Canale di prova della batteria;Canale di zona;C;I canali da 1 a 6 sono numerici mentre la lettera Z identifica il canale di zona.;1;Sinossi centrale operativa.pdf · pagina PDF 41;draft_source_aligned;;uploaded_material;assets/quesiti/fpg1.png
CC-M1-265;Centrale operativa e trasmissioni;Telecomandi e frontali;Cambio canale conferma;Come viene confermato il passaggio fra canale operativo e canale di zona nell'FPG1?;Con una segnalazione acustica;Con stampa automatica di una scheda;Solo con spegnimento completo;A;La tabella descrive una conferma acustica al cambio tra canale operativo e canale di zona.;1;Sinossi centrale operativa.pdf · pagina PDF 41;draft_source_aligned;;uploaded_material;assets/quesiti/fpg1.png
CC-M1-266;Centrale operativa e trasmissioni;Telecomandi e frontali;Pulsante 6 in TETRA;Quale funzione assume in TETRA il pulsante 6 dell'FPG1, che in Gamma 400 invia la selettiva?;Cancellazione dell'ultima funzione;Invio automatico di foto;Accensione del navigatore PTV;A;Il medesimo pulsante ha funzione diversa: chiamata in Gamma 400, cancellazione dell'ultima funzione in TETRA.;1;Sinossi centrale operativa.pdf · pagina PDF 41;draft_source_aligned;;uploaded_material;assets/quesiti/fpg1.png
CC-M1-267;Centrale operativa e trasmissioni;Telecomandi e frontali;Pressione allarme FPG1;Per quanto tempo va premuto il pulsante allarme FPG1 nella tabella descritta?;Circa due secondi;Solo un'ora continuativa;Dieci minuti;A;La tabella richiede circa due secondi per l'invio della selettiva con massima priorità.;1;Sinossi centrale operativa.pdf · pagina PDF 42;draft_source_aligned;;uploaded_material;assets/quesiti/fpg1.png
CC-M1-268;Centrale operativa e trasmissioni;Telecomandi e frontali;Allarme e altri comandi;Durante l'invio delle selettive d'allarme FPG1, è possibile spegnere l'apparato con il relativo pulsante?;Solo dopo aver cambiato il volume;No, anche questa operazione è impedita;Sì, è obbligatorio spegnerlo subito;B;Durante l'invio delle chiamate selettive d'allarme sono impedite le altre operazioni, incluso lo spegnimento mediante pulsante.;1;Sinossi centrale operativa.pdf · pagina PDF 42;draft_source_aligned;;uploaded_material;assets/quesiti/fpg1.png
CC-M1-269;Centrale operativa e trasmissioni;Telecomandi e frontali;Menu modalità;Quale voce del menu permette di scegliere tra analogico e Trunked Mode nell'FPG1?;Galleria multimediale;Modalità;Finalità accertamento;B;La scelta della voce Modalità nel menu di navigazione consente il passaggio tra analogico e Trunked Mode.;1;Sinossi centrale operativa.pdf · pagina PDF 42;draft_source_aligned;;uploaded_material;assets/quesiti/fpg1.png
CC-M1-270;Centrale operativa e trasmissioni;Telecomandi e frontali;Cornetta e fonia;Che cosa accade alla fonia quando si sgancia il microtelefono FPG1 dal supporto magnetico?;Va sempre su tutti gli altoparlanti esterni;Va automaticamente nella cornetta ed esclude l'altoparlante;Si interrompe definitivamente la chiamata;B;Il testo descrive il passaggio automatico nella cornetta e l'esclusione dell'altoparlante.;1;Sinossi centrale operativa.pdf · pagina PDF 42;draft_source_aligned;;uploaded_material;assets/quesiti/fpg1.png
CC-M1-271;Centrale operativa e trasmissioni;Telecomandi e frontali;Tasto conversazione finale;In quale sistema è abilitato il pulsante 18 che chiude la conversazione FPG1?;TETRA;Solo HF;Solo Gamma 400;A;La tabella attribuisce al riferimento 18 la chiusura della conversazione in TETRA e precisa che in Gamma 400 non è abilitato.;1;Sinossi centrale operativa.pdf · pagina PDF 43;draft_source_aligned;;uploaded_material;assets/quesiti/fpg1.png
CC-M1-272;Centrale operativa e trasmissioni;Apparati portatili e veicolari;Dimensioni GP388;Come sono descritte le dimensioni del GP388 rispetto al GP380?;Più ridotte;Identiche per definizione;Sempre doppie;A;La sinossi indica dimensioni più contenute per il GP388 rispetto al GP380.;1;Sinossi centrale operativa.pdf · pagina PDF 44;draft_source_aligned;;uploaded_material;
CC-M1-273;Centrale operativa e trasmissioni;Apparati portatili e veicolari;Selettive portatili;Quali chiamate selettive gestiscono i GP380 e GP388 descritti?;Nominative e di gruppo;Esclusivamente broadcast senza nominativo;Solo chiamate telefoniche pubbliche;A;Il testo indica la gestione delle chiamate selettive nominative e di gruppo.;1;Sinossi centrale operativa.pdf · pagina PDF 44;draft_source_aligned;;uploaded_material;assets/quesiti/gp380.png
CC-M1-274;Centrale operativa e trasmissioni;Apparati portatili e veicolari;Manopola 1 GP;Quale comando numerato dei GP380/388 permette di selezionare gruppi e canali?;1, manopola rotativa;4, pulsante PTT;14, connettore accessori;A;La tabella attribuisce al riferimento 1 selezione del canale e scorrimento multifunzionale.;1;Sinossi centrale operativa.pdf · pagina PDF 45;draft_source_aligned;;uploaded_material;assets/quesiti/gp380.png
CC-M1-275;Centrale operativa e trasmissioni;Apparati portatili e veicolari;Blocco tastiera;Quale scopo ha il blocco dei tasti e del menu dei portatili descritti?;Evitare pressioni inavvertite;Ricaricare automaticamente la batteria;Aumentare il numero dei canali;A;Il blocco evita l'attivazione involontaria dei comandi della tastiera e del menu.;1;Sinossi centrale operativa.pdf · pagina PDF 45;draft_source_aligned;;uploaded_material;assets/quesiti/gp380.png
CC-M1-276;Centrale operativa e trasmissioni;Apparati portatili e veicolari;Dir nel display;La dicitura Dir del portatile Gamma 400 va necessariamente intesa come modo diretto verso la Centrale?;No, il testo avverte di non confonderla con quel funzionamento;Sì, significa che la Centrale è spenta;Sì, indica sempre lo stesso modo diretto;A;La tabella avverte che Dir nella funzione descritta non va confusa con il funzionamento in diretto.;1;Sinossi centrale operativa.pdf · pagina PDF 45;draft_source_aligned;;uploaded_material;assets/quesiti/gp380.png
CC-M1-277;Centrale operativa e trasmissioni;Apparati portatili e veicolari;Led scansione;Quale stato indica il led verde lampeggiante del portatile nella tabella?;Allarme di chiamata giallo;Apparato spento;Scansione in corso;C;Il led verde lampeggiante è associato alla scansione in corso.;1;Sinossi centrale operativa.pdf · pagina PDF 45;draft_source_aligned;;uploaded_material;assets/quesiti/gp380.png
CC-M1-278;Centrale operativa e trasmissioni;Apparati portatili e veicolari;Led chiamata;Quale evento indica il led giallo fisso della radio portatile nella tabella?;La carica è completa nel caricabatterie;La trasmissione voce è in corso;La radio è stata chiamata;C;"La tabella della radio associa il giallo fisso alla chiamata ricevuta; non va confusa con gli indicatori del caricabatterie.";1;Sinossi centrale operativa.pdf · pagina PDF 45;draft_source_aligned;;uploaded_material;assets/quesiti/gp380.png
CC-M1-279;Centrale operativa e trasmissioni;Apparati portatili e veicolari;Connettore protetto;Che cosa va rimesso quando il connettore accessori del portatile non è utilizzato?;Il pulsante PTT;Un nastro che copra l'antenna;Il cappuccio parapolvere;C;Il testo richiede di riposizionare il cappuccio parapolvere in dotazione sul connettore non in uso.;1;Sinossi centrale operativa.pdf · pagina PDF 46;draft_source_aligned;;uploaded_material;assets/quesiti/gp380.png
CC-M1-280;Centrale operativa e trasmissioni;Apparati portatili e veicolari;Accessori remoti;Quali accessori possono collegarsi al connettore dedicato del portatile?;Esclusivamente l'alimentatore HF da 1000 W;Cuffie e microfoni o altoparlanti remoti;Solo stampanti laser di Centrale;B;La tabella cita cuffie, microfoni o altoparlanti remoti e altri accessori.;1;Sinossi centrale operativa.pdf · pagina PDF 46;draft_source_aligned;;uploaded_material;assets/quesiti/gp380.png
CC-M1-281;Centrale operativa e trasmissioni;Apparati portatili e veicolari;Bassa potenza L;Che cosa indica la lettera L del livello di potenza del portatile?;Localizzazione del chiamante;Lista degli allarmi attivi;Trasmissione configurata a bassa potenza;C;La lettera L indica la configurazione a bassa potenza, mentre H indica alta potenza.;1;Sinossi centrale operativa.pdf · pagina PDF 47;draft_source_aligned;;uploaded_material;
CC-M1-282;Centrale operativa e trasmissioni;Apparati portatili e veicolari;XPAND;Quale funzione segnala l'indicatore XPAND nella tabella?;Solo cifratura di una fotografia;Invio del messaggio di allarme;Compressione-espansione;C;L'indicatore XPAND segnala l'attivazione della funzione di compressione-espansione.;1;Sinossi centrale operativa.pdf · pagina PDF 47;draft_source_aligned;;uploaded_material;
CC-M1-283;Centrale operativa e trasmissioni;Apparati portatili e veicolari;Batteria lampeggiante;Che cosa indica il lampeggio dell'indicatore della batteria del portatile?;Carica certamente completa;Sempre ricezione di una chiamata;Batteria scarica;C;L'indicatore mostra la carica con le barre e lampeggia quando la batteria è scarica.;1;Sinossi centrale operativa.pdf · pagina PDF 47;draft_source_aligned;;uploaded_material;
CC-M1-284;Centrale operativa e trasmissioni;Apparati portatili e veicolari;Chiamate perse lampeggio;Che cosa segnala l'indicatore delle chiamate perse lampeggiante?;Disattivazione dell'antenna;Lista sicuramente vuota;Una nuova chiamata nella lista;C;La tabella distingue acceso per presenza di una chiamata, spento per lista vuota e lampeggiante per nuova chiamata.;1;Sinossi centrale operativa.pdf · pagina PDF 47;draft_source_aligned;;uploaded_material;
CC-M1-285;Centrale operativa e trasmissioni;Apparati portatili e veicolari;Caricatore verde fisso;Quale stato indica il led verde fisso del caricabatterie nella sinossi?;Carica rapida ancora in corso;Batteria scarica;Carica completata;C;La legenda del caricabatterie associa verde fisso a carica completata, distinta dalle spie della radio.;1;Sinossi centrale operativa.pdf · pagina PDF 47;draft_source_aligned;;uploaded_material;
CC-M1-286;Centrale operativa e trasmissioni;Apparati portatili e veicolari;Caricatore rosso fisso;Quale stato indica il led rosso fisso del caricabatterie nella sinossi?;Carica completata;Attesa di carica con led giallo;Carica rapida in corso;C;La legenda del caricabatterie indica rosso fisso per la fase di carica rapida.;1;Sinossi centrale operativa.pdf · pagina PDF 47;draft_source_aligned;;uploaded_material;
CC-M1-287;Centrale operativa e trasmissioni;Consolle CN2 e alimentazione;Due blocchi SFC;Quali due blocchi compongono la Stazione Fissa di Centrale descritta?;Consolle CN2 e rack apparati radio;Due telefoni cellulari privati;Solo un tablet e una SIM;A;La SFC è composta dalla consolle al tavolo modulare e dal rack degli apparati nella sala apparati.;1;Sinossi centrale operativa.pdf · pagina PDF 48;draft_source_aligned;;uploaded_material;assets/quesiti/cn2.png
CC-M1-288;Centrale operativa e trasmissioni;Consolle CN2 e alimentazione;Lunghezza cavi;Quale lunghezza massima dei cavi di telecomando consolle-rack è riportata?;Sempre meno di 20 centimetri;Fino a 100 chilometri;Fino a 100 metri;C;La sinossi descrive sei cavi di telecomando con lunghezza fino a cento metri.;1;Sinossi centrale operativa.pdf · pagina PDF 48;draft_source_aligned;;uploaded_material;assets/quesiti/cn2.png
CC-M1-289;Centrale operativa e trasmissioni;Consolle CN2 e alimentazione;AE10 e CI10;Quale coppia forma essenzialmente la consolle CN2 descritta?;APN e SIM telefonica;Unità alimentazione-elaborazione AE10 e complesso comandi-indicazioni CI10;Solo microfono e stampante;B;La descrizione distingue il complesso AE10 dal CI10 con comandi e indicazioni.;1;Sinossi centrale operativa.pdf · pagina PDF 48;draft_source_aligned;;uploaded_material;assets/quesiti/cn2.png
CC-M1-290;Centrale operativa e trasmissioni;Consolle CN2 e alimentazione;CC11;Quale compito svolge il modulo CC11?;Inviare fotografie alla galleria;Controllare un apparato ricevente e uno trasmittente;Gestire solo l'illuminazione della sala;B;Il modulo comando e controllo CC11 controlla apparati riceventi e trasmittenti.;1;Sinossi centrale operativa.pdf · pagina PDF 49;draft_source_aligned;;uploaded_material;
CC-M1-291;Centrale operativa e trasmissioni;Consolle CN2 e alimentazione;TF10;Quale interfaccia svolge il modulo TF10?;Tra antenna GPS e tablet;Tra batteria del motociclo e fanale;Tra linee telefoniche e consolle;C;Il modulo telefonico è utilizzato per il transito fra apparati e linee telefoniche, e viceversa.;1;Sinossi centrale operativa.pdf · pagina PDF 49;draft_source_aligned;;uploaded_material;
CC-M1-292;Centrale operativa e trasmissioni;Consolle CN2 e alimentazione;OP10;Quale modulo controlla e gestisce la Centrale e i moduli interconnessi?;OP10;Soltanto il microfono MT3;Solo la carta A13;A;La tabella identifica OP10 come modulo operatore fondamentale per il controllo e la gestione della Centrale.;1;Sinossi centrale operativa.pdf · pagina PDF 49;draft_source_aligned;;uploaded_material;
CC-M1-293;Centrale operativa e trasmissioni;Consolle CN2 e alimentazione;LP10;Come il modulo LP10 mantiene la continuità dell'anello in presenza di un modulo guasto?;Invia un accertamento alla motorizzazione;Spegne sempre tutti i moduli;Lo distacca logicamente in modo automatico;C;La tabella descrive il distacco logico automatico del modulo non funzionante preservando la continuità dell'anello.;1;Sinossi centrale operativa.pdf · pagina PDF 49;draft_source_aligned;;uploaded_material;
CC-M1-294;Centrale operativa e trasmissioni;Consolle CN2 e alimentazione;A13;Quale protezione del sistema è attribuita alla carta A13?;Protezione della schermata fotografica;Protezione dalla pioggia sul motociclo;Protezione dalle sovratensioni;C;La carta controlla la tensione dell'AL3, gestisce la carica e protegge dalle sovratensioni.;1;Sinossi centrale operativa.pdf · pagina PDF 49;draft_source_aligned;;uploaded_material;
CC-M1-295;Centrale operativa e trasmissioni;Consolle CN2 e alimentazione;PC10;Quale pannello è l'elemento essenziale di colloquio fra operatore di consolle e sistema?;PC10;DOCIS;PTV;A;Il pannello PC10 permette impostazione dei comandi, visualizzazione e controllo delle operazioni.;1;Sinossi centrale operativa.pdf · pagina PDF 50;draft_source_aligned;;uploaded_material;
CC-M1-296;Centrale operativa e trasmissioni;Consolle CN2 e alimentazione;AM10;Quale funzione svolge l'amplificatore microfonico AM10?;Generare le coordinate GPS;Caricare i portatili Li-Ion;Amplificare e adattare i segnali dei microfoni;C;AM10 è l'interfaccia analogica tra i trasduttori dell'operatore e il sistema, con amplificazione e adattamento dei segnali.;1;Sinossi centrale operativa.pdf · pagina PDF 50;draft_source_aligned;;uploaded_material;
CC-M1-297;Centrale operativa e trasmissioni;Consolle CN2 e alimentazione;Modulo BF;Quale funzione del modulo Bassa Frequenza consente l'ascolto in altoparlante?;Interrogare l'archivio delle persone;Fornire potenza sufficiente ai segnali BF e regolarne il livello;Selezionare il numero di SIM della pattuglia;B;Il modulo BF pilota l'altoparlante e supporta le regolazioni di livello per l'ascolto.;1;Sinossi centrale operativa.pdf · pagina PDF 50;draft_source_aligned;;uploaded_material;
CC-M1-298;Centrale operativa e trasmissioni;Consolle CN2 e alimentazione;Batteria soccorso;Quando manca la tensione di rete, da quale batteria possono essere alimentate le unità della SFC descritta?;La batteria del telefono del cittadino;Accumulatori al piombo;Solo una pila a carbone non ricaricabile;B;La sinossi indica una batteria di accumulatori al piombo come alimentazione di soccorso.;1;Sinossi centrale operativa.pdf · pagina PDF 51;draft_source_aligned;;uploaded_material;
CC-M1-299;Centrale operativa e trasmissioni;Consolle CN2 e alimentazione;Scarica completa;Quale intervento effettua AL3 sulla batteria di soccorso completamente scarica?;La sostituisce automaticamente con un tablet;La disconnette;La considera carica al cento per cento;B;AL3 monitora, ricarica e mantiene la batteria e la disconnette in caso di scarica completa.;1;Sinossi centrale operativa.pdf · pagina PDF 51;draft_source_aligned;;uploaded_material;
CC-M1-300;Centrale operativa e trasmissioni;Consolle CN2 e alimentazione;Tre spie AL3;Quali condizioni monitorizzano le tre spie dell'AL3 nella descrizione?;Solo canale 1, 2 e 3;Carica, mantenimento e scarica;Tre livelli di priorità della pattuglia;B;Le tre spie rosse monitorizzano carica, mantenimento ed eventuale scarica della batteria.;1;Sinossi centrale operativa.pdf · pagina PDF 51;draft_source_aligned;;uploaded_material;
CC-M1-301;Centrale operativa e trasmissioni;Rete Gamma 400;Chiamata generale e risposta;Nella chiamata generale Gamma 400 descritta è prevista una risposta automatica dei periferici?;Sì, tutti rispondono vocalmente nello stesso istante;Solo dopo aver cambiato le batterie;No, vengono predisposti all'ascolto;C;La chiamata generale codificata non prevede risposta automatica dei periferici e li pone in ascolto delle conversazioni.;1;Sinossi centrale operativa.pdf · pagina PDF 52;draft_source_aligned;;uploaded_material;
CC-M1-302;Centrale operativa e trasmissioni;Rete Gamma 400;Chiamata gruppo e ACK;È prevista la risposta automatica ACK dei periferici per la chiamata di gruppo Gamma 400?;No;Sì, sempre da ogni periferico;Soltanto da tutti i veicoli simultaneamente;A;La sinossi precisa che la chiamata di gruppo verso utenti omogenei non prevede risposta automatica ACK.;1;Sinossi centrale operativa.pdf · pagina PDF 53;draft_source_aligned;;uploaded_material;
CC-M1-303;Centrale operativa e trasmissioni;Comunicazioni;Avviso individuale;Quale avviso acustico distingue la selettiva individuale nelle chiamate Gamma 400 descritte?;Nessun avviso possibile;Sempre intermittente;Continuo;C;"La selettiva individuale ha avviso acustico continuo; generale e di gruppo hanno avviso intermittente.";1;Sinossi centrale operativa.pdf · pagina PDF 53;draft_source_aligned;;uploaded_material;
CC-M1-304;Centrale operativa e trasmissioni;Comunicazioni;Avviso gruppo generale;Quale avviso acustico è indicato per chiamate di gruppo e generali Gamma 400?;Solo un testo senza alcun suono;Intermittente;Continuo come l'individuale;B;La tabella distingue il suono intermittente per chiamate generali e di gruppo da quello continuo dell'individuale.;1;Sinossi centrale operativa.pdf · pagina PDF 53;draft_source_aligned;;uploaded_material;
CC-M1-305;Centrale operativa e trasmissioni;Collegamenti radio;Canale della chiamata;Su quanti canali alla volta effettua la chiamata verso la Centrale il periferico fisso o mobile descritto?;Sei contemporaneamente per definizione;Uno;Tutti i canali delle altre centrali;B;Il testo specifica la chiamata diretta o tramite ripetitore su un canale alla volta.;1;Sinossi centrale operativa.pdf · pagina PDF 53;draft_source_aligned;;uploaded_material;
CC-M1-306;Centrale operativa e trasmissioni;Storia;Scelta Schengen;In quale anno la sinossi colloca l'individuazione di TETRA come piattaforma per le future reti in ambito Schengen?;1960;1998;1981;B;Il passaggio storico della sinossi colloca la scelta del gruppo di lavoro in ambito Schengen nel 1998.;1;Sinossi centrale operativa.pdf · pagina PDF 54;draft_source_aligned;;uploaded_material;
CC-M1-307;Centrale operativa e trasmissioni;Sistema TETRA;Rete pubblica congestionata;Quale continuità descrive la rete dedicata se le risorse della rete pubblica sono congestionate?;Normale operatività della rete dedicata;Blocco automatico di tutte le comunicazioni;Obbligo di passare alla posta cartacea;A;La sinossi presenta la rete dedicata come operativa anche quando la rete pubblica è congestionata.;1;Sinossi centrale operativa.pdf · pagina PDF 55;draft_source_aligned;;uploaded_material;
CC-M1-308;Centrale operativa e trasmissioni;Sistema TETRA;Autorizzazione accesso;Per accedere ai servizi della rete in classe 3 descritta, quale autorizzazione è necessaria?;Quella della rete al terminale radio;Nessuna autorizzazione in ogni caso;Solo quella del cittadino chiamante;A;Il testo richiede che i terminali ricevano autorizzazione dalla rete per accedere ai servizi.;1;Sinossi centrale operativa.pdf · pagina PDF 55;draft_source_aligned;;uploaded_material;
CC-M1-309;Centrale operativa e trasmissioni;Sistema TETRA;Mobilità gruppi;La posizione sul territorio impedisce di comunicare con il proprio gruppo provinciale nell'area coperta?;Sì, salvo uscita definitiva dalla rete;No, la rete gestisce la mobilità degli utenti;Sì, ogni spostamento impone un nuovo gruppo privato;B;La rete descritta gestisce la mobilità e permette la comunicazione con i gruppi provinciali indipendentemente dalla posizione entro la copertura.;1;Sinossi centrale operativa.pdf · pagina PDF 56;draft_source_aligned;;uploaded_material;
CC-M1-310;Centrale operativa e trasmissioni;Sistema TETRA;Identificativo univoco;Come è identificato ciascun utente nel sistema descritto?;Con un identificativo numerico univoco;Sempre da un nome di gruppo condiviso da tutti;Solo dal colore del veicolo;A;L'indirizzamento usa un identificativo numerico univoco per l'utente.;1;Sinossi centrale operativa.pdf · pagina PDF 56;draft_source_aligned;;uploaded_material;
CC-M1-311;Centrale operativa e trasmissioni;Sistema TETRA;TMO e infrastruttura;Quale modalità della figura impiega stazioni radio base e infrastruttura TETRA?;Direct Mode Operation senza infrastruttura;Modo semplice analogico isoonda;Trunked Mode Operation, TMO;C;La figura della sinossi descrive TMO tramite rete, stazioni radio base e centrale digitale di sistema.;1;Sinossi centrale operativa.pdf · pagina PDF 57;draft_source_aligned;;uploaded_material;assets/quesiti/tmo.png
CC-M1-312;Centrale operativa e trasmissioni;Sistema TETRA;Coordinamento TMO;Quale elemento coordina le comunicazioni TMO rappresentate nella sinossi?;Il ricevitore GPS del chiamante;Il solo altoparlante del veicolo;Centrale digitale di sistema CDS;C;Nel riquadro TMO le comunicazioni sono gestite dalla rete mediante SRB e coordinate dalla centrale digitale di sistema.;1;Sinossi centrale operativa.pdf · pagina PDF 57;draft_source_aligned;;uploaded_material;assets/quesiti/tmo.png
CC-M1-313;Centrale operativa e trasmissioni;Sistema TETRA;Raggio DMO;Da quale limite dipendono i collegamenti diretti DMO fra terminali mostrati?;Sempre la presenza di una rete telefonica pubblica;I rispettivi raggi di copertura;La durata delle ferie degli operatori;B;Il riquadro DMO precisa che le comunicazioni dirette sono possibili all'interno dei rispettivi raggi di copertura.;1;Sinossi centrale operativa.pdf · pagina PDF 57;draft_source_aligned;;uploaded_material;assets/quesiti/dmo.png
CC-M1-314;Centrale operativa e trasmissioni;Sistema TETRA;Frequenze e gruppi;Le frequenze TETRA del confronto sono assegnate staticamente a un unico gruppo?;Solo quando il display è spento;Sì, sempre con corrispondenza univoca gruppo-frequenza;No, sono condivise dinamicamente tra più gruppi;C;Il confronto mostra condivisione dinamica delle frequenze fra gruppi, distinta dall'assegnazione statica analogica.;1;Sinossi centrale operativa.pdf · pagina PDF 60;draft_source_aligned;;uploaded_material;
CC-M1-315;Centrale operativa e trasmissioni;Sistema TETRA;Numero gruppi;Da che cosa è indipendente il numero dei gruppi TETRA nel confronto della sinossi?;Dal numero delle frequenze;Dall'esistenza dei terminali radio;Dal numero degli utenti di ogni gruppo in qualsiasi configurazione;A;La tabella del confronto indica il numero di gruppi come indipendente dal numero di frequenze disponibili.;1;Sinossi centrale operativa.pdf · pagina PDF 60;draft_source_aligned;;uploaded_material;
CC-M1-316;Centrale operativa e trasmissioni;Standard radio;Quattro canali dinamici;Quanti canali sono allocati dinamicamente sulla stessa frequenza nella descrizione TETRA?;Quattro;Sedici;Uno;A;La sinossi evidenzia quattro canali dinamici sulla stessa frequenza, con maggior numero di utenti a parità di banda.;1;Sinossi centrale operativa.pdf · pagina PDF 61;draft_source_aligned;;uploaded_material;
CC-M1-317;Centrale operativa e trasmissioni;Standard radio;Rapidità chiamata 2023;Quale tempo di chiamata è indicato per TETRA nel confronto illustrativo della sinossi?;0,5 secondi;30 secondi;5 minuti;A;"Il dato riportato nel documento è 0,5 secondi; è un riferimento della sinossi, non una misura garantita per ogni configurazione.";1;Sinossi centrale operativa.pdf · pagina PDF 62;draft_source_aligned;;uploaded_material;
CC-M1-318;Centrale operativa e trasmissioni;Sistema TETRA;Chiamata individuale altri gruppi;Una chiamata individuale TETRA può raggiungere un utente appartenente a un diverso gruppo, nel servizio descritto?;Solo dopo aver tolto la batteria;Sì, mediante numerazione individuale;No, mai in qualunque configurazione;B;"Il servizio individuale descritto può chiamare un altro utente anche di diverso gruppo; restano rilevanti autorizzazioni e configurazione della rete.";1;Sinossi centrale operativa.pdf · pagina PDF 62;draft_source_aligned;;uploaded_material;
CC-M1-319;Centrale operativa e trasmissioni;Sistema TETRA;Messaggi brevi;Da chi sono generati i messaggi brevi nel servizio dati descritto?;Solo dal costruttore del terminale;Esclusivamente dal gestore della rete elettrica;Utenti e posto operatore di Centrale;C;I messaggi brevi sono generati e inviati da utenti e/o posto operatore, distinti dai messaggi di stato predefiniti.;1;Sinossi centrale operativa.pdf · pagina PDF 65;draft_source_aligned;;uploaded_material;
CC-M1-320;Centrale operativa e trasmissioni;Sistema TETRA;Connettività ridondata;Quale caratteristica è attribuita alla connettività dell'unità centrale verso la rete di trasporto?;Esclusiva comunicazione tramite fax;Ridondanza;Un solo collegamento privo di alternative per definizione;B;La sinossi elenca la connettività ridondata verso la rete di trasporto fra le caratteristiche dell'unità centrale.;1;Sinossi centrale operativa.pdf · pagina PDF 68;draft_source_aligned;;uploaded_material;
CC-M1-321;Centrale operativa e trasmissioni;Sistema TETRA;PBX;Con quale elemento telefonico di sala operativa si interfaccia l'unità centrale?;Il tachimetro dei veicoli;Il centralino PBX;Il solo caricatore dei portatili;B;L'unità centrale è descritta con interfacciamento al centralino telefonico PBX della sala operativa.;1;Sinossi centrale operativa.pdf · pagina PDF 68;draft_source_aligned;;uploaded_material;
CC-M1-322;Centrale operativa e trasmissioni;Sistema TETRA;Registrazione terminale;Quale permesso relativo al terminale può abilitare o annullare la postazione POS?;Installazione di qualunque app privata;Accesso pubblico a ogni banca dati;Registrazione nella rete;C;Tra le funzioni POS figura abilitazione o annullamento del permesso di registrazione del terminale in rete.;1;Sinossi centrale operativa.pdf · pagina PDF 69;draft_source_aligned;;uploaded_material;
CC-M1-323;Centrale operativa e trasmissioni;Sistema TETRA;Timer rete;Quale parametro temporale può essere abilitato dalla postazione POS?;Durata delle ferie del personale;Scadenza del bollo auto privato;Durata massima della chiamata;C;La tabella POS menziona timer di rete, fra cui la durata massima di chiamata.;1;Sinossi centrale operativa.pdf · pagina PDF 69;draft_source_aligned;;uploaded_material;
CC-M1-324;Centrale operativa e trasmissioni;Sistema TETRA;Composizione POR;A che cosa è connessa la postazione operatore di comunicazione che costituisce il POR?;Una stazione radio fissa;Esclusivamente un telefono personale non di servizio;Solo un ricevitore televisivo;A;La sinossi descrive il POR come postazione di comunicazione connessa a una stazione radio fissa.;1;Sinossi centrale operativa.pdf · pagina PDF 70;draft_source_aligned;;uploaded_material;
CC-M1-325;Centrale operativa e trasmissioni;Terminali TETRA;Potenza SC2020;Quale potenza massima di trasmissione è riportata per il portatile SC2020?;3 W;100 W;10 W;A;La scheda del terminale SC2020 indica una potenza massima in trasmissione di tre watt.;1;Sinossi centrale operativa.pdf · pagina PDF 71;draft_source_aligned;;uploaded_material;assets/quesiti/sc2020.png
CC-M1-326;Centrale operativa e trasmissioni;Terminali TETRA;Protezione SC2020;Quale grado di protezione è indicato per lo SC2020 nella sinossi?;IP68;IP00;IP20;A;"La scheda riporta IP68; il quesito riguarda il dato presente nella dispensa.";1;Sinossi centrale operativa.pdf · pagina PDF 71;draft_source_aligned;;uploaded_material;assets/quesiti/sc2020.png
CC-M1-327;Centrale operativa e trasmissioni;Terminali TETRA;Sensore SC2020;Quale sensore, oltre al GPS, compare nelle caratteristiche del portatile SC2020?;Sensore di pressione degli pneumatici;Lettore del contachilometri;Accelerometro;C;La scheda del portatile elenca un accelerometro tra le caratteristiche.;1;Sinossi centrale operativa.pdf · pagina PDF 71;draft_source_aligned;;uploaded_material;assets/quesiti/sc2020.png
CC-M1-328;Centrale operativa e trasmissioni;Terminali TETRA;Potenza MTM5400;Quale potenza massima di trasmissione è riportata per il veicolare MTM5400?;3 W;1000 W;10 W;C;La scheda del terminale veicolare MTM5400 indica dieci watt di potenza massima TX.;1;Sinossi centrale operativa.pdf · pagina PDF 71;draft_source_aligned;;uploaded_material;assets/quesiti/mtm5400.png
CC-M1-329;Centrale operativa e trasmissioni;Terminali TETRA;MTM5400 speciale;Quali servizi sono associati alla versione speciale del MTM5400?;Ripetitore e gateway;Esclusivamente stampa e scansione documenti;Solo telex e fax cartaceo;A;Nella scheda la versione speciale è associata ai servizi di ripetitore e gateway.;1;Sinossi centrale operativa.pdf · pagina PDF 71;draft_source_aligned;;uploaded_material;assets/quesiti/mtm5400.png
CC-M1-330;Centrale operativa e trasmissioni;Terminali TETRA;Corpo FC4000;Quale corpo radio è contenuto nel box della postazione fissa FC4000 descritta?;SP-2046;VS4000;GP388;B;La scheda FC4000 indica un box metallico che contiene il corpo radio VS4000.;1;Sinossi centrale operativa.pdf · pagina PDF 72;draft_source_aligned;;uploaded_material;
CC-M1-331;Centrale operativa e trasmissioni;Rete HF;Livello territoriale;Fino a quale livello di Comando è estesa la rete HF nazionale descritta?;Comando Compagnia;Solo Comando Generale;Solo un singolo Posto fisso;A;Il testo presenta l'estensione della rete di emergenza HF sino al livello di Comando Compagnia.;1;Sinossi centrale operativa.pdf · pagina PDF 74;draft_source_aligned;;uploaded_material;
CC-M1-332;Centrale operativa e trasmissioni;Rete HF;Maglia nazionale;Quali Comandi collega la maglia nazionale HF secondo la sinossi?;Comando Generale e tutti i Comandi di regione;Solo due Stazioni adiacenti;Esclusivamente i Comandi fuori area;A;La maglia nazionale collega il Comando Generale con tutti i Comandi di regione.;1;Sinossi centrale operativa.pdf · pagina PDF 74;draft_source_aligned;;uploaded_material;
CC-M1-333;Centrale operativa e trasmissioni;Rete HF;Cadenza nazionale;Con quale cadenza vengono effettuati i collegamenti nazionali HF descritti?;Giornaliera, secondo orari prefissati;Esclusivamente a richiesta di un privato;Solo una volta ogni anno;A;La descrizione specifica collegamenti giornalieri a orari prefissati.;1;Sinossi centrale operativa.pdf · pagina PDF 74;draft_source_aligned;;uploaded_material;
CC-M1-334;Centrale operativa e trasmissioni;Rete HF;Lancio circolari;Come possono essere ricevuti contemporaneamente i messaggi circolari HF di lancio descritti?;Unicamente attraverso stampa inviata per posta;In telegrafia da Comandi di qualsiasi maglia;Solo tramite videochiamata pubblica;B;La sinossi presenta messaggi circolari ricevibili in telegrafia contemporaneamente dai Comandi di qualsiasi maglia.;1;Sinossi centrale operativa.pdf · pagina PDF 74;draft_source_aligned;;uploaded_material;
CC-M1-335;Centrale operativa e trasmissioni;Rete HF;Maglia elicotteri;Quali risorse collega la maglia del centro elicotteri descritta?;Solo le autovetture di una Stazione;Esclusivamente i terminali del magazzino;Raggruppamento aeromobili, nuclei dipendenti e aeromobili in volo;C;La maglia collega il raggruppamento aeromobili ai nuclei dipendenti e agli aeromobili in volo.;1;Sinossi centrale operativa.pdf · pagina PDF 74;draft_source_aligned;;uploaded_material;
CC-M1-336;Centrale operativa e trasmissioni;Rete HF;Maglia addestrativa;In quale ambito sono dislocati gli apparati della maglia indipendente degli enti addestrativi?;Esclusivamente stazioni ferroviarie civili;Solo centrali di un operatore telefonico privato;Organizzazione addestrativa dell'Arma;C;La sinossi la descrive come maglia indipendente nell'organizzazione addestrativa dell'Arma.;1;Sinossi centrale operativa.pdf · pagina PDF 74;draft_source_aligned;;uploaded_material;
CC-M1-337;Centrale operativa e trasmissioni;Rete HF;SRT647 potenza;Quale potenza distingue il sistema HF SRT-647 nel documento?;400 W;1000 W;100 W;A;I tre sistemi sono distinti per potenza: il modello SRT-647 è da 400 W.;1;Sinossi centrale operativa.pdf · pagina PDF 75;draft_source_aligned;;uploaded_material;assets/quesiti/hf647.png
CC-M1-338;Centrale operativa e trasmissioni;Rete HF;SRT2005 potenza;Quale potenza è indicata per il sistema HF SRT-2005/CC?;100 W;10 W;1000 W;C;La sinossi associa SRT-2005/CC alla potenza di mille watt.;1;Sinossi centrale operativa.pdf · pagina PDF 75;draft_source_aligned;;uploaded_material;assets/quesiti/hf2005.png
CC-M1-339;Centrale operativa e trasmissioni;Rete HF;Ricetrasmettitore comune;Quale ricetrasmettitore da 100 W compare nei tre sistemi HF descritti?;GP380;SC2020;SP-2046;C;L'elenco dei componenti dei tre sistemi riporta il ricetrasmettitore SP-2046 da 100 W.;1;Sinossi centrale operativa.pdf · pagina PDF 75;draft_source_aligned;;uploaded_material;
CC-M1-340;Centrale operativa e trasmissioni;Rete HF;Adattatore SRT175;Quale adattatore d'antenna è previsto nel sistema SRT-175/CC?;ATU-1029;ATU-1028/C;ATU-1031;C;Il sistema SRT-175/CC comprende alimentatore SP-2071, ricetrasmettitore SP-2046 e adattatore ATU-1031.;1;Sinossi centrale operativa.pdf · pagina PDF 75;draft_source_aligned;;uploaded_material;assets/quesiti/hf175.png
CC-M1-341;Centrale operativa e trasmissioni;Rete HF;Due amplificatori;Quanti amplificatori SS-400/E-CC sono elencati per il sistema SRT-2005/CC?;Uno;Due;Sei;B;L'elenco del sistema da 1000 W comprende due amplificatori SS-400/E-CC e il combinatore SP-1809.;1;Sinossi centrale operativa.pdf · pagina PDF 76;draft_source_aligned;;uploaded_material;assets/quesiti/hf2005.png
CC-M1-342;Centrale operativa e trasmissioni;Sicurezza delle apparecchiature;Valutazione rischi;Quale documento è elaborato a seguito della valutazione dei rischi nel capitolo sulla sicurezza?;Documento di valutazione dei rischi;Il registro delle chiamate perse;Solo la scheda contatto 112;A;"La sinossi richiama la valutazione dei rischi e l'elaborazione del relativo documento; il quesito segue il materiale didattico.";1;Sinossi centrale operativa.pdf · pagina PDF 77;draft_source_aligned;;uploaded_material;
CC-M1-343;Centrale operativa e trasmissioni;Sicurezza delle apparecchiature;DPI;Quale scopo è attribuito ai dispositivi di protezione individuale nel capitolo?;Sostituire la formazione in ogni caso;Aumentare la potenza della radio;Proteggere il lavoratore dagli eventuali rischi;C;Il testo presenta i DPI come attrezzature da indossare o tenere per proteggersi dai rischi.;1;Sinossi centrale operativa.pdf · pagina PDF 77;draft_source_aligned;;uploaded_material;
CC-M1-344;Centrale operativa e trasmissioni;Sicurezza delle apparecchiature;Assegnazione compiti;Di quali condizioni deve tenere conto l'affidamento dei compiti ai lavoratori nella sinossi?;Solo l'ordine alfabetico dei nomi;Esclusivamente il colore delle divise;Capacità e condizioni in rapporto a salute e sicurezza;C;Il capitolo richiede di considerare capacità e condizioni dei lavoratori in relazione alla loro salute e sicurezza.;1;Sinossi centrale operativa.pdf · pagina PDF 77;draft_source_aligned;;uploaded_material;
CC-M1-345;Centrale operativa e trasmissioni;Sicurezza delle apparecchiature;Salute altri presenti;Oltre alla propria, di quale salute e sicurezza deve prendersi cura il lavoratore nel capitolo?;Solo di quella di chi ha lo stesso incarico;Esclusivamente del proprio nucleo familiare;Di quella delle altre persone su cui ricadono le sue azioni o omissioni;C;La sinossi richiama la cura della propria sicurezza e di quella delle altre persone presenti interessate dalle azioni o omissioni.;1;Sinossi centrale operativa.pdf · pagina PDF 78;draft_source_aligned;;uploaded_material;
CC-M1-346;Centrale operativa e trasmissioni;Sicurezza delle apparecchiature;Segnalazione deficienze;Quando deve segnalare il lavoratore le deficienze di mezzi e dispositivi, secondo il capitolo?;Solo alla scadenza dell'anno;Immediatamente;Soltanto se il difetto produce già un incidente;B;Il passaggio richiede la segnalazione immediata delle deficienze, oltre all'uso corretto di attrezzature e dispositivi.;1;Sinossi centrale operativa.pdf · pagina PDF 78;draft_source_aligned;;uploaded_material;
CC-M1-347;Centrale operativa e trasmissioni;Sicurezza delle apparecchiature;Piano emergenza;Quali informazioni rappresentano le planimetrie del piano di emergenza interno descritto?;Esclusivamente l'elenco dei turni;Vie di fuga e collocazione delle attrezzature antincendio;Solo i canali radio nazionali;B;Il piano interno include planimetrie con vie di fuga e ubicazione delle attrezzature antincendio.;1;Sinossi centrale operativa.pdf · pagina PDF 78;draft_source_aligned;;uploaded_material;
CC-M1-348;Centrale operativa e trasmissioni;Sicurezza delle apparecchiature;Istruzioni attrezzature;Quale documentazione deve corredare le attrezzature di lavoro descritte?;Solo uno scontrino privo di identificazione;Esclusivamente il numero telefonico del chiamante;Istruzioni d'uso e libretto di manutenzione;C;Il capitolo richiede attrezzature idonee e conformi, corredate da istruzioni d'uso e libretto di manutenzione.;1;Sinossi centrale operativa.pdf · pagina PDF 78;draft_source_aligned;;uploaded_material;
CC-M1-349;Centrale operativa e trasmissioni;Sicurezza delle apparecchiature;Miglioramento nel tempo;Che cosa contiene il DVR rispetto alle misure future di sicurezza nel capitolo?;Solo una dichiarazione che non saranno mai necessarie modifiche;Esclusivamente la posizione delle pattuglie;Programma di misure per migliorare nel tempo i livelli di sicurezza;C;Tra i contenuti del DVR è riportato il programma delle misure opportune per il miglioramento della sicurezza nel tempo.;1;Sinossi centrale operativa.pdf · pagina PDF 79;draft_source_aligned;;uploaded_material;
CC-M1-350;Centrale operativa e trasmissioni;Sicurezza delle apparecchiature;Incendi elettrici;Quali fenomeni sono associati al rischio d'incendio elettrico nella sinossi?;Solo il normale ascolto a basso volume;Cortocircuiti o sovracorrenti;Esclusivamente l'uso del GPS;B;L'elenco dei rischi elettrici richiama l'incendio per cortocircuiti o sovracorrenti.;1;Sinossi centrale operativa.pdf · pagina PDF 79;draft_source_aligned;;uploaded_material;
CC-M1-351;Centrale operativa e trasmissioni;Sicurezza delle apparecchiature;Doppio isolamento;Quale tipo di isolamento è indicato tra le protezioni dai contatti indiretti?;Soltanto un'etichetta sul cavo;Doppio o rinforzato;Una sola mano di vernice;B;La sinossi menziona interruzione automatica e apparecchi a isolamento doppio o rinforzato per la protezione dai contatti indiretti.;1;Sinossi centrale operativa.pdf · pagina PDF 79;draft_source_aligned;;uploaded_material;
CC-M1-352;Centrale operativa e trasmissioni;Sicurezza delle apparecchiature;LPS significato;Che cosa significa LPS nel capitolo sulla protezione dai fulmini?;Lightning Protection System;Line Priority Selector;Local Positioning Service;A;Il testo esplicita LPS come Lightning Protection System, sistema di protezione dalle scariche atmosferiche.;1;Sinossi centrale operativa.pdf · pagina PDF 79;draft_source_aligned;;uploaded_material;
CC-M1-353;Centrale operativa e trasmissioni;Sicurezza delle apparecchiature;LPS componenti;Quale terna di componenti forma il sistema LPS esterno descritto?;Solo microfono, altoparlante e cuffie;Captatori, calate e dispersori;Tablet, SIM e caricatore;B;I componenti convogliano a terra la corrente del fulmine per evitare che interessi strutture e impianti.;1;Sinossi centrale operativa.pdf · pagina PDF 79;draft_source_aligned;;uploaded_material;
